job_id,passed,flag_reason
vcm_train_000000,False,qa_flagged
vcm_train_000002,True,
vcm_train_000004,True,
vcm_train_000006,True,
vcm_train_000008,False,qa_flagged
vcm_train_000010,True,
vcm_train_000012,True,
vcm_train_000014,True,
vcm_train_000016,True,
vcm_train_000018,True,
vcm_train_000020,True,
vcm_train_000022,False,qa_flagged
vcm_train_000024,True,
vcm_train_000026,True,
vcm_train_000028,True,
vcm_train_000030,True,
vcm_train_000032,True,
vcm_train_000034,True,
vcm_train_000036,True,
vcm_train_000038,False,qa_flagged
vcm_train_000040,True,
vcm_train_000042,True,
vcm_train_000044,True,
vcm_train_000046,True,
vcm_train_000048,False,qa_flagged
vcm_train_000050,True,
vcm_train_000052,True,
vcm_train_000054,True,
vcm_train_000056,True,
vcm_train_000058,False,qa_flagged
vcm_train_000060,True,
vcm_train_000062,True,
vcm_train_000064,True,
vcm_train_000066,True,
vcm_train_000068,True,
vcm_train_000070,True,
vcm_train_000072,True,
vcm_train_000074,True,
vcm_train_000076,True,
vcm_train_000078,True,
vcm_train_000080,True,
vcm_train_000082,True,
vcm_train_000084,True,
vcm_train_000086,True,
vcm_train_000088,False,qa_flagged
vcm_train_000090,False,qa_flagged
vcm_train_000092,True,
vcm_train_000094,True,
vcm_train_000096,True,
vcm_train_000098,True,
vcm_train_000100,True,
vcm_train_000102,True,
vcm_train_000104,True,
vcm_train_000106,True,
vcm_train_000108,True,
vcm_train_000110,True,
vcm_train_000112,True,
vcm_train_000114,True,
vcm_train_000116,True,
vcm_train_000118,True,
vcm_train_000120,True,
vcm_train_000122,False,qa_flagged
vcm_train_000124,True,
vcm_train_000126,True,
vcm_train_000128,True,
vcm_train_000130,True,
vcm_train_000132,True,
vcm_train_000134,True,
vcm_train_000136,True,
vcm_train_000138,True,
vcm_train_000140,True,
vcm_train_000142,False,qa_flagged
vcm_train_000144,True,
vcm_train_000146,True,
vcm_train_000148,False,qa_flagged
vcm_train_000150,True,
vcm_train_000152,True,
vcm_train_000154,True,
vcm_train_000156,True,
vcm_train_000158,True,
vcm_train_000160,True,
vcm_train_000162,False,qa_flagged
vcm_train_000164,True,
vcm_train_000166,True,
vcm_train_000168,True,
vcm_train_000170,True,
vcm_train_000172,True,
vcm_train_000174,True,
vcm_train_000176,True,
vcm_train_000178,False,qa_flagged
vcm_train_000180,False,qa_flagged
vcm_train_000182,True,
vcm_train_000184,True,
vcm_train_000186,False,qa_flagged
vcm_train_000188,True,
vcm_train_000190,True,
vcm_train_000192,False,qa_flagged
vcm_train_000194,True,
vcm_train_000196,True,
vcm_train_000198,True,
vcm_train_000200,True,
vcm_train_000202,True,
vcm_train_000204,False,qa_flagged
vcm_train_000206,True,
vcm_train_000208,True,
vcm_train_000210,True,
vcm_train_000212,True,
vcm_train_000214,True,
vcm_train_000216,True,
vcm_train_000218,True,
vcm_train_000220,True,
vcm_train_000222,True,
vcm_train_000224,True,
vcm_train_000226,False,qa_flagged
vcm_train_000228,True,
vcm_train_000230,True,
vcm_train_000232,True,
vcm_train_000234,True,
vcm_train_000236,True,
vcm_train_000238,True,
vcm_train_000240,True,
vcm_train_000242,True,
vcm_train_000244,True,
vcm_train_000246,True,
vcm_train_000248,True,
vcm_train_000250,True,
vcm_train_000252,True,
vcm_train_000254,True,
vcm_train_000256,True,
vcm_train_000258,False,qa_flagged
vcm_train_000260,True,
vcm_train_000262,True,
vcm_train_000264,True,
vcm_train_000266,True,
vcm_train_000268,True,
vcm_train_000270,False,qa_flagged
vcm_train_000272,True,
vcm_train_000274,True,
vcm_train_000276,True,
vcm_train_000278,True,
vcm_train_000280,True,
vcm_train_000282,True,
vcm_train_000284,True,
vcm_train_000286,False,qa_flagged
vcm_train_000288,True,
vcm_train_000290,True,
vcm_train_000292,True,
vcm_train_000294,True,
vcm_train_000296,False,qa_flagged
vcm_train_000298,True,
vcm_train_000300,True,
vcm_train_000302,True,
vcm_train_000304,True,
vcm_train_000306,False,qa_flagged
vcm_train_000308,True,
vcm_train_000310,True,
vcm_train_000312,True,
vcm_train_000314,True,
vcm_train_000316,True,
vcm_train_000318,False,qa_flagged
vcm_train_000320,True,
vcm_train_000322,True,
vcm_train_000324,True,
vcm_train_000326,True,
vcm_train_000328,True,
vcm_train_000330,True,
vcm_train_000332,True,
vcm_train_000334,True,
vcm_train_000336,True,
vcm_train_000338,True,
vcm_train_000340,True,
vcm_train_000342,True,
vcm_train_000344,True,
vcm_train_000346,True,
vcm_train_000348,True,
vcm_train_000350,True,
vcm_train_000352,False,qa_flagged
vcm_train_000354,True,
vcm_train_000356,True,
vcm_train_000358,False,qa_flagged
vcm_train_000360,True,
vcm_train_000362,True,
vcm_train_000364,True,
vcm_train_000366,True,
vcm_train_000368,True,
vcm_train_000370,True,
vcm_train_000372,False,qa_flagged
vcm_train_000374,True,
vcm_train_000376,False,qa_flagged
vcm_train_000378,True,
vcm_train_000380,True,
vcm_train_000382,True,
vcm_train_000384,True,
vcm_train_000386,False,qa_flagged
vcm_train_000388,False,qa_flagged
vcm_train_000390,True,
vcm_train_000392,True,
vcm_train_000394,True,
vcm_train_000396,True,
vcm_train_000398,False,qa_flagged
vcm_train_000400,True,
vcm_train_000402,True,
vcm_train_000404,False,qa_flagged
vcm_train_000406,True,
vcm_train_000408,True,
vcm_train_000410,True,
vcm_train_000412,True,
vcm_train_000414,True,
vcm_train_000416,True,
vcm_train_000418,False,qa_flagged
vcm_train_000420,True,
vcm_train_000422,True,
vcm_train_000424,True,
vcm_train_000426,True,
vcm_train_000428,False,qa_flagged
vcm_train_000430,True,
vcm_train_000432,True,
vcm_train_000434,True,
vcm_train_000436,True,
vcm_train_000438,True,
vcm_train_000440,True,
vcm_train_000442,True,
vcm_train_000444,True,
vcm_train_000446,True,
vcm_train_000448,True,
vcm_train_000450,True,
vcm_train_000452,False,qa_flagged
vcm_train_000454,False,qa_flagged
vcm_train_000456,True,
vcm_train_000458,True,
vcm_train_000460,True,
vcm_train_000462,True,
vcm_train_000464,True,
vcm_train_000466,True,
vcm_train_000468,True,
vcm_train_000470,True,
vcm_train_000472,True,
vcm_train_000474,True,
vcm_train_000476,True,
vcm_train_000478,False,qa_flagged
vcm_train_000480,True,
vcm_train_000482,True,
vcm_train_000484,True,
vcm_train_000486,True,
vcm_train_000488,False,qa_flagged
vcm_train_000490,True,
vcm_train_000492,True,
vcm_train_000494,True,
vcm_train_000496,True,
vcm_train_000498,True,
vcm_train_000500,True,
vcm_train_000502,True,
vcm_train_000504,True,
vcm_train_000506,True,
vcm_train_000508,True,
vcm_train_000510,True,
vcm_train_000512,True,
vcm_train_000514,True,
vcm_train_000516,True,
vcm_train_000518,True,
vcm_train_000520,True,
vcm_train_000522,True,
vcm_train_000524,True,
vcm_train_000526,True,
vcm_train_000528,False,qa_flagged
vcm_train_000530,True,
vcm_train_000532,True,
vcm_train_000534,True,
vcm_train_000536,False,qa_flagged
vcm_train_000538,True,
vcm_train_000540,True,
vcm_train_000542,True,
vcm_train_000544,True,
vcm_train_000546,True,
vcm_train_000548,True,
vcm_train_000550,True,
vcm_train_000552,True,
vcm_train_000554,True,
vcm_train_000556,True,
vcm_train_000558,True,
vcm_train_000560,True,
vcm_train_000562,True,
vcm_train_000564,False,qa_flagged
vcm_train_000566,True,
vcm_train_000568,True,
vcm_train_000570,True,
vcm_train_000572,True,
vcm_train_000574,True,
vcm_train_000576,True,
vcm_train_000578,True,
vcm_train_000580,True,
vcm_train_000582,True,
vcm_train_000584,True,
vcm_train_000586,True,
vcm_train_000588,True,
vcm_train_000590,True,
vcm_train_000592,True,
vcm_train_000594,True,
vcm_train_000596,True,
vcm_train_000598,True,
vcm_train_000600,True,
vcm_train_000602,True,
vcm_train_000604,True,
vcm_train_000606,True,
vcm_train_000608,True,
vcm_train_000610,True,
vcm_train_000612,True,
vcm_train_000614,True,
vcm_train_000616,True,
vcm_train_000618,True,
vcm_train_000620,True,
vcm_train_000622,True,
vcm_train_000624,True,
vcm_train_000626,True,
vcm_train_000628,False,qa_flagged
vcm_train_000630,False,qa_flagged
vcm_train_000632,True,
vcm_train_000634,True,
vcm_train_000636,True,
vcm_train_000638,True,
vcm_train_000640,True,
vcm_train_000642,True,
vcm_train_000644,True,
vcm_train_000646,False,qa_flagged
vcm_train_000648,True,
vcm_train_000650,True,
vcm_train_000652,True,
vcm_train_000654,True,
vcm_train_000656,True,
vcm_train_000658,False,qa_flagged
vcm_train_000660,True,
vcm_train_000662,True,
vcm_train_000664,True,
vcm_train_000666,True,
vcm_train_000668,True,
vcm_train_000670,True,
vcm_train_000672,True,
vcm_train_000674,True,
vcm_train_000676,True,
vcm_train_000678,True,
vcm_train_000680,True,
vcm_train_000682,True,
vcm_train_000684,True,
vcm_train_000686,True,
vcm_train_000688,True,
vcm_train_000690,True,
vcm_train_000692,True,
vcm_train_000694,True,
vcm_train_000696,True,
vcm_train_000698,True,
vcm_train_000700,True,
vcm_train_000702,False,qa_flagged
vcm_train_000704,True,
vcm_train_000706,True,
vcm_train_000708,True,
vcm_train_000710,True,
vcm_train_000712,True,
vcm_train_000714,True,
vcm_train_000716,True,
vcm_train_000718,True,
vcm_train_000720,True,
vcm_train_000722,True,
vcm_train_000724,True,
vcm_train_000726,True,
vcm_train_000728,True,
vcm_train_000730,True,
vcm_train_000732,True,
vcm_train_000734,True,
vcm_train_000736,True,
vcm_train_000738,True,
vcm_train_000740,True,
vcm_train_000742,True,
vcm_train_000744,True,
vcm_train_000746,True,
vcm_train_000748,True,
vcm_train_000750,True,
vcm_train_000752,True,
vcm_train_000754,True,
vcm_train_000756,True,
vcm_train_000758,False,qa_flagged
vcm_train_000760,False,qa_flagged
vcm_train_000762,True,
vcm_train_000764,True,
vcm_train_000766,False,qa_flagged
vcm_train_000768,True,
vcm_train_000770,True,
vcm_train_000772,True,
vcm_train_000774,True,
vcm_train_000776,True,
vcm_train_000778,True,
vcm_train_000780,True,
vcm_train_000782,True,
vcm_train_000784,True,
vcm_train_000786,True,
vcm_train_000788,True,
vcm_train_000790,True,
vcm_train_000792,True,
vcm_train_000794,False,qa_flagged
vcm_train_000796,True,
vcm_train_000798,True,
vcm_train_000800,True,
vcm_train_000802,True,
vcm_train_000804,True,
vcm_train_000806,True,
vcm_train_000808,True,
vcm_train_000810,True,
vcm_train_000812,True,
vcm_train_000814,True,
vcm_train_000816,False,qa_flagged
vcm_train_000818,True,
vcm_train_000820,True,
vcm_train_000822,True,
vcm_train_000824,True,
vcm_train_000826,True,
vcm_train_000828,False,qa_flagged
vcm_train_000830,False,qa_flagged
vcm_train_000832,True,
vcm_train_000834,True,
vcm_train_000836,True,
vcm_train_000838,True,
vcm_train_000840,True,
vcm_train_000842,True,
vcm_train_000844,True,
vcm_train_000846,False,qa_flagged
vcm_train_000848,True,
vcm_train_000850,True,
vcm_train_000852,False,qa_flagged
vcm_train_000854,True,
vcm_train_000856,True,
vcm_train_000858,True,
vcm_train_000860,True,
vcm_train_000862,False,qa_flagged
vcm_train_000864,True,
vcm_train_000866,True,
vcm_train_000868,True,
vcm_train_000870,True,
vcm_train_000872,True,
vcm_train_000874,False,qa_flagged
vcm_train_000876,True,
vcm_train_000878,True,
vcm_train_000880,True,
vcm_train_000882,True,
vcm_train_000884,True,
vcm_train_000886,True,
vcm_train_000888,True,
vcm_train_000890,True,
vcm_train_000892,True,
vcm_train_000894,True,
vcm_train_000896,False,qa_flagged
vcm_train_000898,False,qa_flagged
vcm_train_000900,True,
vcm_train_000902,True,
vcm_train_000904,True,
vcm_train_000906,True,
vcm_train_000908,True,
vcm_train_000910,False,qa_flagged
vcm_train_000912,True,
vcm_train_000914,True,
vcm_train_000916,True,
vcm_train_000918,True,
vcm_train_000920,True,
vcm_train_000922,True,
vcm_train_000924,True,
vcm_train_000926,True,
vcm_train_000928,True,
vcm_train_000930,True,
vcm_train_000932,True,
vcm_train_000934,False,qa_flagged
vcm_train_000936,True,
vcm_train_000938,True,
vcm_train_000940,True,
vcm_train_000942,True,
vcm_train_000944,True,
vcm_train_000946,True,
vcm_train_000948,True,
vcm_train_000950,True,
vcm_train_000952,True,
vcm_train_000954,True,
vcm_train_000956,False,qa_flagged
vcm_train_000958,True,
vcm_train_000960,True,
vcm_train_000962,True,
vcm_train_000964,False,qa_flagged
vcm_train_000966,True,
vcm_train_000968,True,
vcm_train_000970,True,
vcm_train_000972,True,
vcm_train_000974,True,
vcm_train_000976,True,
vcm_train_000978,True,
vcm_train_000980,True,
vcm_train_000982,True,
vcm_train_000984,True,
vcm_train_000986,True,
vcm_train_000988,True,
vcm_train_000990,True,
vcm_train_000992,True,
vcm_train_000994,True,
vcm_train_000996,True,
vcm_train_000998,True,
vcm_train_001000,True,
vcm_train_001002,True,
vcm_train_001004,False,qa_flagged
vcm_train_001006,True,
vcm_train_001008,True,
vcm_train_001010,False,qa_flagged
vcm_train_001012,True,
vcm_train_001014,True,
vcm_train_001016,True,
vcm_train_001018,True,
vcm_train_001020,True,
vcm_train_001022,True,
vcm_train_001024,True,
vcm_train_001026,True,
vcm_train_001028,True,
vcm_train_001030,True,
vcm_train_001032,True,
vcm_train_001034,True,
vcm_train_001036,True,
vcm_train_001038,True,
vcm_train_001040,True,
vcm_train_001042,True,
vcm_train_001044,True,
vcm_train_001046,False,qa_flagged
vcm_train_001048,True,
vcm_train_001050,True,
vcm_train_001052,True,
vcm_train_001054,True,
vcm_train_001056,True,
vcm_train_001058,True,
vcm_train_001060,True,
vcm_train_001062,True,
vcm_train_001064,True,
vcm_train_001066,False,qa_flagged
vcm_train_001068,True,
vcm_train_001070,True,
vcm_train_001072,True,
vcm_train_001074,True,
vcm_train_001076,True,
vcm_train_001078,True,
vcm_train_001080,True,
vcm_train_001082,True,
vcm_train_001084,True,
vcm_train_001086,True,
vcm_train_001088,True,
vcm_train_001090,False,qa_flagged
vcm_train_001092,False,qa_flagged
vcm_train_001094,True,
vcm_train_001096,True,
vcm_train_001098,True,
vcm_train_001100,True,
vcm_train_001102,True,
vcm_train_001104,True,
vcm_train_001106,True,
vcm_train_001108,True,
vcm_train_001110,True,
vcm_train_001112,True,
vcm_train_001114,True,
vcm_train_001116,True,
vcm_train_001118,True,
vcm_train_001120,True,
vcm_train_001122,False,qa_flagged
vcm_train_001124,True,
vcm_train_001126,True,
vcm_train_001128,True,
vcm_train_001130,True,
vcm_train_001132,True,
vcm_train_001134,True,
vcm_train_001136,True,
vcm_train_001138,True,
vcm_train_001140,False,qa_flagged
vcm_train_001142,True,
vcm_train_001144,True,
vcm_train_001146,True,
vcm_train_001148,True,
vcm_train_001150,False,qa_flagged
vcm_train_001152,True,
vcm_train_001154,True,
vcm_train_001156,True,
vcm_train_001158,True,
vcm_train_001160,True,
vcm_train_001162,True,
vcm_train_001164,True,
vcm_train_001166,True,
vcm_train_001168,False,qa_flagged
vcm_train_001170,True,
vcm_train_001172,True,
vcm_train_001174,True,
vcm_train_001176,True,
vcm_train_001178,True,
vcm_train_001180,True,
vcm_train_001182,True,
vcm_train_001184,True,
vcm_train_001186,True,
vcm_train_001188,True,
vcm_train_001190,True,
vcm_train_001192,True,
vcm_train_001194,True,
vcm_train_001196,True,
vcm_train_001198,True,
vcm_train_001200,True,
vcm_train_001202,False,qa_flagged
vcm_train_001204,True,
vcm_train_001206,True,
vcm_train_001208,True,
vcm_train_001210,True,
vcm_train_001212,True,
vcm_train_001214,True,
vcm_train_001216,True,
vcm_train_001218,True,
vcm_train_001220,True,
vcm_train_001222,True,
vcm_train_001224,True,
vcm_train_001226,True,
vcm_train_001228,True,
vcm_train_001230,True,
vcm_train_001232,True,
vcm_train_001234,True,
vcm_train_001236,True,
vcm_train_001238,True,
vcm_train_001240,True,
vcm_train_001242,True,
vcm_train_001244,True,
vcm_train_001246,True,
vcm_train_001248,True,
vcm_train_001250,True,
vcm_train_001252,True,
vcm_train_001254,True,
vcm_train_001256,True,
vcm_train_001258,False,qa_flagged
vcm_train_001260,True,
vcm_train_001262,True,
vcm_train_001264,False,qa_flagged
vcm_train_001266,True,
vcm_train_001268,True,
vcm_train_001270,False,qa_flagged
vcm_train_001272,True,
vcm_train_001274,True,
vcm_train_001276,True,
vcm_train_001278,True,
vcm_train_001280,False,qa_flagged
vcm_train_001282,True,
vcm_train_001284,True,
vcm_train_001286,True,
vcm_train_001288,True,
vcm_train_001290,True,
vcm_train_001292,True,
vcm_train_001294,True,
vcm_train_001296,True,
vcm_train_001298,False,qa_flagged
vcm_train_001300,True,
vcm_train_001302,True,
vcm_train_001304,True,
vcm_train_001306,True,
vcm_train_001308,False,qa_flagged
vcm_train_001310,True,
vcm_train_001312,True,
vcm_train_001314,True,
vcm_train_001316,True,
vcm_train_001318,True,
vcm_train_001320,True,
vcm_train_001322,True,
vcm_train_001324,False,qa_flagged
vcm_train_001326,True,
vcm_train_001328,True,
vcm_train_001330,True,
vcm_train_001332,True,
vcm_train_001334,False,qa_flagged
vcm_train_001336,True,
vcm_train_001338,True,
vcm_train_001340,True,
vcm_train_001342,False,qa_flagged
vcm_train_001344,True,
vcm_train_001346,True,
vcm_train_001348,False,qa_flagged
vcm_train_001350,True,
vcm_train_001352,True,
vcm_train_001354,True,
vcm_train_001356,True,
vcm_train_001358,True,
vcm_train_001360,True,
vcm_train_001362,True,
vcm_train_001364,True,
vcm_train_001366,True,
vcm_train_001368,True,
vcm_train_001370,True,
vcm_train_001372,True,
vcm_train_001374,True,
vcm_train_001376,True,
vcm_train_001378,True,
vcm_train_001380,True,
vcm_train_001382,True,
vcm_train_001384,True,
vcm_train_001386,True,
vcm_train_001388,True,
vcm_train_001390,True,
vcm_train_001392,True,
vcm_train_001394,True,
vcm_train_001396,True,
vcm_train_001398,True,
vcm_train_001400,True,
vcm_train_001402,True,
vcm_train_001404,True,
vcm_train_001406,True,
vcm_train_001408,True,
vcm_train_001410,True,
vcm_train_001412,True,
vcm_train_001414,True,
vcm_train_001416,True,
vcm_train_001418,True,
vcm_train_001420,True,
vcm_train_001422,True,
vcm_train_001424,True,
vcm_train_001426,True,
vcm_train_001428,True,
vcm_train_001430,True,
vcm_train_001432,True,
vcm_train_001434,True,
vcm_train_001436,True,
vcm_train_001438,True,
vcm_train_001440,True,
vcm_train_001442,True,
vcm_train_001444,True,
vcm_train_001446,True,
vcm_train_001448,True,
vcm_train_001450,True,
vcm_train_001452,True,
vcm_train_001454,True,
vcm_train_001456,True,
vcm_train_001458,False,qa_flagged
vcm_train_001460,True,
vcm_train_001462,True,
vcm_train_001464,True,
vcm_train_001466,True,
vcm_train_001468,True,
vcm_train_001470,True,
vcm_train_001472,True,
vcm_train_001474,True,
vcm_train_001476,True,
vcm_train_001478,True,
vcm_train_001480,True,
vcm_train_001482,True,
vcm_train_001484,False,qa_flagged
vcm_train_001486,False,qa_flagged
vcm_train_001488,True,
vcm_train_001490,False,qa_flagged
vcm_train_001492,True,
vcm_train_001494,True,
vcm_train_001496,True,
vcm_train_001498,True,
vcm_train_001500,True,
vcm_train_001502,True,
vcm_train_001504,True,
vcm_train_001506,True,
vcm_train_001508,True,
vcm_train_001510,True,
vcm_train_001512,True,
vcm_train_001514,True,
vcm_train_001516,True,
vcm_train_001518,True,
vcm_train_001520,True,
vcm_train_001522,True,
vcm_train_001524,True,
vcm_train_001526,True,
vcm_train_001528,True,
vcm_train_001530,True,
vcm_train_001532,True,
vcm_train_001534,True,
vcm_train_001536,False,qa_flagged
vcm_train_001538,True,
vcm_train_001540,True,
vcm_train_001542,True,
vcm_train_001544,True,
vcm_train_001546,True,
vcm_train_001548,True,
vcm_train_001550,True,
vcm_train_001552,False,qa_flagged
vcm_train_001554,True,
vcm_train_001556,True,
vcm_train_001558,True,
vcm_train_001560,True,
vcm_train_001562,True,
vcm_train_001564,True,
vcm_train_001566,True,
vcm_train_001568,True,
vcm_train_001570,True,
vcm_train_001572,True,
vcm_train_001574,True,
vcm_train_001576,True,
vcm_train_001578,True,
vcm_train_001580,False,qa_flagged
vcm_train_001582,True,
vcm_train_001584,False,qa_flagged
vcm_train_001586,True,
vcm_train_001588,True,
vcm_train_001590,True,
vcm_train_001592,True,
vcm_train_001594,True,
vcm_train_001596,True,
vcm_train_001598,True,
vcm_train_001600,True,
vcm_train_001602,True,
vcm_train_001604,True,
vcm_train_001606,True,
vcm_train_001608,True,
vcm_train_001610,False,qa_flagged
vcm_train_001612,True,
vcm_train_001614,True,
vcm_train_001616,True,
vcm_train_001618,False,qa_flagged
vcm_train_001620,True,
vcm_train_001622,True,
vcm_train_001624,True,
vcm_train_001626,True,
vcm_train_001628,True,
vcm_train_001630,True,
vcm_train_001632,True,
vcm_train_001634,True,
vcm_train_001636,True,
vcm_train_001638,False,qa_flagged
vcm_train_001640,True,
vcm_train_001642,True,
vcm_train_001644,False,qa_flagged
vcm_train_001646,True,
vcm_train_001648,True,
vcm_train_001650,True,
vcm_train_001652,True,
vcm_train_001654,True,
vcm_train_001656,False,qa_flagged
vcm_train_001658,True,
vcm_train_001660,True,
vcm_train_001662,True,
vcm_train_001664,True,
vcm_train_001666,True,
vcm_train_001668,True,
vcm_train_001670,True,
vcm_train_001672,False,qa_flagged
vcm_train_001674,True,
vcm_train_001676,True,
vcm_train_001678,True,
vcm_train_001680,True,
vcm_train_001682,True,
vcm_train_001684,False,qa_flagged
vcm_train_001686,True,
vcm_train_001688,True,
vcm_train_001690,True,
vcm_train_001692,True,
vcm_train_001694,True,
vcm_train_001696,True,
vcm_train_001698,False,qa_flagged
vcm_train_001700,True,
vcm_train_001702,True,
vcm_train_001704,False,qa_flagged
vcm_train_001706,True,
vcm_train_001708,True,
vcm_train_001710,True,
vcm_train_001712,True,
vcm_train_001714,True,
vcm_train_001716,True,
vcm_train_001718,True,
vcm_train_001720,True,
vcm_train_001722,True,
vcm_train_001724,True,
vcm_train_001726,True,
vcm_train_001728,True,
vcm_train_001730,True,
vcm_train_001732,True,
vcm_train_001734,True,
vcm_train_001736,True,
vcm_train_001738,False,qa_flagged
vcm_train_001740,True,
vcm_train_001742,True,
vcm_train_001744,True,
vcm_train_001746,True,
vcm_train_001748,True,
vcm_train_001750,True,
vcm_train_001752,True,
vcm_train_001754,True,
vcm_train_001756,True,
vcm_train_001758,True,
vcm_train_001760,True,
vcm_train_001762,True,
vcm_train_001764,True,
vcm_train_001766,False,qa_flagged
vcm_train_001768,True,
vcm_train_001770,True,
vcm_train_001772,True,
vcm_train_001774,True,
vcm_train_001776,True,
vcm_train_001778,True,
vcm_train_001780,True,
vcm_train_001782,True,
vcm_train_001784,True,
vcm_train_001786,True,
vcm_train_001788,True,
vcm_train_001790,False,qa_flagged
vcm_train_001792,True,
vcm_train_001794,True,
vcm_train_001796,False,qa_flagged
vcm_train_001798,True,
vcm_train_001800,True,
vcm_train_001802,True,
vcm_train_001804,True,
vcm_train_001806,True,
vcm_train_001808,True,
vcm_train_001810,True,
vcm_train_001812,True,
vcm_train_001814,True,
vcm_train_001816,True,
vcm_train_001818,False,qa_flagged
vcm_train_001820,True,
vcm_train_001822,True,
vcm_train_001824,True,
vcm_train_001826,True,
vcm_train_001828,True,
vcm_train_001830,True,
vcm_train_001832,True,
vcm_train_001834,False,qa_flagged
vcm_train_001836,True,
vcm_train_001838,True,
vcm_train_001840,True,
vcm_train_001842,True,
vcm_train_001844,True,
vcm_train_001846,False,qa_flagged
vcm_train_001848,True,
vcm_train_001850,True,
vcm_train_001852,True,
vcm_train_001854,True,
vcm_train_001856,False,qa_flagged
vcm_train_001858,True,
vcm_train_001860,True,
vcm_train_001862,True,
vcm_train_001864,True,
vcm_train_001866,True,
vcm_train_001868,True,
vcm_train_001870,True,
vcm_train_001872,True,
vcm_train_001874,True,
vcm_train_001876,True,
vcm_train_001878,True,
vcm_train_001880,False,qa_flagged
vcm_train_001882,True,
vcm_train_001884,True,
vcm_train_001886,True,
vcm_train_001888,True,
vcm_train_001890,True,
vcm_train_001892,True,
vcm_train_001894,False,qa_flagged
vcm_train_001896,True,
vcm_train_001898,True,
vcm_train_001900,True,
vcm_train_001902,True,
vcm_train_001904,True,
vcm_train_001906,True,
vcm_train_001908,True,
vcm_train_001910,True,
vcm_train_001912,True,
vcm_train_001914,True,
vcm_train_001916,True,
vcm_train_001918,True,
vcm_train_001920,True,
vcm_train_001922,True,
vcm_train_001924,True,
vcm_train_001926,True,
vcm_train_001928,True,
vcm_train_001930,True,
vcm_train_001932,False,qa_flagged
vcm_train_001934,True,
vcm_train_001936,True,
vcm_train_001938,True,
vcm_train_001940,True,
vcm_train_001942,True,
vcm_train_001944,True,
vcm_train_001946,True,
vcm_train_001948,True,
vcm_train_001950,True,
vcm_train_001952,True,
vcm_train_001954,True,
vcm_train_001956,True,
vcm_train_001958,True,
vcm_train_001960,True,
vcm_train_001962,True,
vcm_train_001964,True,
vcm_train_001966,True,
vcm_train_001968,True,
vcm_train_001970,True,
vcm_train_001972,True,
vcm_train_001974,True,
vcm_train_001976,True,
vcm_train_001978,True,
vcm_train_001980,True,
vcm_train_001982,True,
vcm_train_001984,True,
vcm_train_001986,True,
vcm_train_001988,True,
vcm_train_001990,True,
vcm_train_001992,True,
vcm_train_001994,True,
vcm_train_001996,True,
vcm_train_001998,True,
vcm_train_002000,True,
vcm_train_002002,True,
vcm_train_002004,True,
vcm_train_002006,True,
vcm_train_002008,False,qa_flagged
vcm_train_002010,True,
vcm_train_002012,True,
vcm_train_002014,True,
vcm_train_002016,True,
vcm_train_002018,True,
vcm_train_002020,True,
vcm_train_002022,True,
vcm_train_002024,True,
vcm_train_002026,True,
vcm_train_002028,True,
vcm_train_002030,True,
vcm_train_002032,True,
vcm_train_002034,True,
vcm_train_002036,False,qa_flagged
vcm_train_002038,True,
vcm_train_002040,False,qa_flagged
vcm_train_002042,False,qa_flagged
vcm_train_002044,True,
vcm_train_002046,True,
vcm_train_002048,True,
vcm_train_002050,True,
vcm_train_002052,True,
vcm_train_002054,True,
vcm_train_002056,True,
vcm_train_002058,True,
vcm_train_002060,False,qa_flagged
vcm_train_002062,True,
vcm_train_002064,True,
vcm_train_002066,True,
vcm_train_002068,True,
vcm_train_002070,True,
vcm_train_002072,True,
vcm_train_002074,True,
vcm_train_002076,True,
vcm_train_002078,True,
vcm_train_002080,True,
vcm_train_002082,False,qa_flagged
vcm_train_002084,True,
vcm_train_002086,True,
vcm_train_002088,True,
vcm_train_002090,False,qa_flagged
vcm_train_002092,True,
vcm_train_002094,True,
vcm_train_002096,True,
vcm_train_002098,True,
vcm_train_002100,True,
vcm_train_002102,True,
vcm_train_002104,True,
vcm_train_002106,True,
vcm_train_002108,True,
vcm_train_002110,True,
vcm_train_002112,True,
vcm_train_002114,True,
vcm_train_002116,True,
vcm_train_002118,False,qa_flagged
vcm_train_002120,True,
vcm_train_002122,True,
vcm_train_002124,True,
vcm_train_002126,True,
vcm_train_002128,True,
vcm_train_002130,False,qa_flagged
vcm_train_002132,True,
vcm_train_002134,True,
vcm_train_002136,True,
vcm_train_002138,True,
vcm_train_002140,True,
vcm_train_002142,True,
vcm_train_002144,True,
vcm_train_002146,True,
vcm_train_002148,True,
vcm_train_002150,False,qa_flagged
vcm_train_002152,True,
vcm_train_002154,False,qa_flagged
vcm_train_002156,True,
vcm_train_002158,True,
vcm_train_002160,True,
vcm_train_002162,True,
vcm_train_002164,True,
vcm_train_002166,True,
vcm_train_002168,True,
vcm_train_002170,True,
vcm_train_002172,True,
vcm_train_002174,True,
vcm_train_002176,True,
vcm_train_002178,True,
vcm_train_002180,True,
vcm_train_002182,True,
vcm_train_002184,True,
vcm_train_002186,True,
vcm_train_002188,False,qa_flagged
vcm_train_002190,True,
vcm_train_002192,True,
vcm_train_002194,False,qa_flagged
vcm_train_002196,True,
vcm_train_002198,True,
vcm_train_002200,True,
vcm_train_002202,True,
vcm_train_002204,True,
vcm_train_002206,True,
vcm_train_002208,True,
vcm_train_002210,False,qa_flagged
vcm_train_002212,True,
vcm_train_002214,True,
vcm_train_002216,True,
vcm_train_002218,True,
vcm_train_002220,True,
vcm_train_002222,True,
vcm_train_002224,True,
vcm_train_002226,True,
vcm_train_002228,True,
vcm_train_002230,True,
vcm_train_002232,False,qa_flagged
vcm_train_002234,True,
vcm_train_002236,True,
vcm_train_002238,False,qa_flagged
vcm_train_002240,True,
vcm_train_002242,True,
vcm_train_002244,True,
vcm_train_002246,True,
vcm_train_002248,True,
vcm_train_002250,True,
vcm_train_002252,True,
vcm_train_002254,True,
vcm_train_002256,True,
vcm_train_002258,True,
vcm_train_002260,True,
vcm_train_002262,True,
vcm_train_002264,True,
vcm_train_002266,True,
vcm_train_002268,True,
vcm_train_002270,True,
vcm_train_002272,True,
vcm_train_002274,True,
vcm_train_002276,True,
vcm_train_002278,True,
vcm_train_002280,True,
vcm_train_002282,True,
vcm_train_002284,True,
vcm_train_002286,True,
vcm_train_002288,True,
vcm_train_002290,True,
vcm_train_002292,True,
vcm_train_002294,True,
vcm_train_002296,True,
vcm_train_002298,True,
vcm_train_002300,True,
vcm_train_002302,True,
vcm_train_002304,True,
vcm_train_002306,True,
vcm_train_002308,True,
vcm_train_002310,True,
vcm_train_002312,True,
vcm_train_002314,True,
vcm_train_002316,True,
vcm_train_002318,False,qa_flagged
vcm_train_002320,True,
vcm_train_002322,True,
vcm_train_002324,True,
vcm_train_002326,True,
vcm_train_002328,True,
vcm_train_002330,True,
vcm_train_002332,True,
vcm_train_002334,False,qa_flagged
vcm_train_002336,True,
vcm_train_002338,True,
vcm_train_002340,True,
vcm_train_002342,True,
vcm_train_002344,True,
vcm_train_002346,True,
vcm_train_002348,True,
vcm_train_002350,True,
vcm_train_002352,True,
vcm_train_002354,True,
vcm_train_002356,True,
vcm_train_002358,True,
vcm_train_002360,True,
vcm_train_002362,True,
vcm_train_002364,True,
vcm_train_002366,True,
vcm_train_002368,True,
vcm_train_002370,True,
vcm_train_002372,True,
vcm_train_002374,True,
vcm_train_002376,True,
vcm_train_002378,True,
vcm_train_002380,True,
vcm_train_002382,False,qa_flagged
vcm_train_002384,True,
vcm_train_002386,True,
vcm_train_002388,True,
vcm_train_002390,True,
vcm_train_002392,True,
vcm_train_002394,True,
vcm_train_002396,True,
vcm_train_002398,False,qa_flagged
vcm_train_002400,False,qa_flagged
vcm_train_002402,True,
vcm_train_002404,True,
vcm_train_002406,True,
vcm_train_002408,True,
vcm_train_002410,True,
vcm_train_002412,True,
vcm_train_002414,False,qa_flagged
vcm_train_002416,True,
vcm_train_002418,True,
vcm_train_002420,True,
vcm_train_002422,True,
vcm_train_002424,True,
vcm_train_002426,True,
vcm_train_002428,True,
vcm_train_002430,True,
vcm_train_002432,True,
vcm_train_002434,True,
vcm_train_002436,True,
vcm_train_002438,False,qa_flagged
vcm_train_002440,True,
vcm_train_002442,True,
vcm_train_002444,False,qa_flagged
vcm_train_002446,True,
vcm_train_002448,True,
vcm_train_002450,True,
vcm_train_002452,True,
vcm_train_002454,True,
vcm_train_002456,True,
vcm_train_002458,True,
vcm_train_002460,True,
vcm_train_002462,False,qa_flagged
vcm_train_002464,True,
vcm_train_002466,True,
vcm_train_002468,True,
vcm_train_002470,True,
vcm_train_002472,True,
vcm_train_002474,False,qa_flagged
vcm_train_002476,True,
vcm_train_002478,True,
vcm_train_002480,True,
vcm_train_002482,True,
vcm_train_002484,True,
vcm_train_002486,True,
vcm_train_002488,True,
vcm_train_002490,True,
vcm_train_002492,True,
vcm_train_002494,True,
vcm_train_002496,True,
vcm_train_002498,True,
vcm_train_002500,True,
vcm_train_002502,True,
vcm_train_002504,True,
vcm_train_002506,True,
vcm_train_002508,True,
vcm_train_002510,True,
vcm_train_002512,True,
vcm_train_002514,True,
vcm_train_002516,True,
vcm_train_002518,True,
vcm_train_002520,True,
vcm_train_002522,True,
vcm_train_002524,True,
vcm_train_002526,False,qa_flagged
vcm_train_002528,True,
vcm_train_002530,True,
vcm_train_002532,True,
vcm_train_002534,True,
vcm_train_002536,True,
vcm_train_002538,True,
vcm_train_002540,False,qa_flagged
vcm_train_002542,True,
vcm_train_002544,True,
vcm_train_002546,True,
vcm_train_002548,False,qa_flagged
vcm_train_002550,True,
vcm_train_002552,False,qa_flagged
vcm_train_002554,True,
vcm_train_002556,True,
vcm_train_002558,True,
vcm_train_002560,True,
vcm_train_002562,True,
vcm_train_002564,False,qa_flagged
vcm_train_002566,True,
vcm_train_002568,True,
vcm_train_002570,False,qa_flagged
vcm_train_002572,True,
vcm_train_002574,True,
vcm_train_002576,True,
vcm_train_002578,True,
vcm_train_002580,True,
vcm_train_002582,True,
vcm_train_002584,True,
vcm_train_002586,True,
vcm_train_002588,True,
vcm_train_002590,True,
vcm_train_002592,True,
vcm_train_002594,True,
vcm_train_002596,True,
vcm_train_002598,True,
vcm_train_002600,True,
vcm_train_002602,True,
vcm_train_002604,True,
vcm_train_002606,True,
vcm_train_002608,True,
vcm_train_002610,True,
vcm_train_002612,True,
vcm_train_002614,True,
vcm_train_002616,True,
vcm_train_002618,True,
vcm_train_002620,True,
vcm_train_002622,True,
vcm_train_002624,True,
vcm_train_002626,True,
vcm_train_002628,False,qa_flagged
vcm_train_002630,True,
vcm_train_002632,True,
vcm_train_002634,True,
vcm_train_002636,False,qa_flagged
vcm_train_002638,True,
vcm_train_002640,False,qa_flagged
vcm_train_002642,True,
vcm_train_002644,False,qa_flagged
vcm_train_002646,True,
vcm_train_002648,True,
vcm_train_002650,True,
vcm_train_002652,True,
vcm_train_002654,True,
vcm_train_002656,True,
vcm_train_002658,True,
vcm_train_002660,True,
vcm_train_002662,True,
vcm_train_002664,True,
vcm_train_002666,True,
vcm_train_002668,True,
vcm_train_002670,True,
vcm_train_002672,True,
vcm_train_002674,True,
vcm_train_002676,True,
vcm_train_002678,True,
vcm_train_002680,True,
vcm_train_002682,False,qa_flagged
vcm_train_002684,True,
vcm_train_002686,True,
vcm_train_002688,False,qa_flagged
vcm_train_002690,True,
vcm_train_002692,True,
vcm_train_002694,False,qa_flagged
vcm_train_002696,True,
vcm_train_002698,False,qa_flagged
vcm_train_002700,False,qa_flagged
vcm_train_002702,True,
vcm_train_002704,True,
vcm_train_002706,True,
vcm_train_002708,True,
vcm_train_002710,True,
vcm_train_002712,True,
vcm_train_002714,True,
vcm_train_002716,True,
vcm_train_002718,True,
vcm_train_002720,True,
vcm_train_002722,True,
vcm_train_002724,True,
vcm_train_002726,True,
vcm_train_002728,True,
vcm_train_002730,True,
vcm_train_002732,True,
vcm_train_002734,True,
vcm_train_002736,True,
vcm_train_002738,True,
vcm_train_002740,True,
vcm_train_002742,True,
vcm_train_002744,True,
vcm_train_002746,True,
vcm_train_002748,True,
vcm_train_002750,True,
vcm_train_002752,True,
vcm_train_002754,False,qa_flagged
vcm_train_002756,True,
vcm_train_002758,True,
vcm_train_002760,True,
vcm_train_002762,True,
vcm_train_002764,True,
vcm_train_002766,True,
vcm_train_002768,True,
vcm_train_002770,True,
vcm_train_002772,True,
vcm_train_002774,True,
vcm_train_002776,True,
vcm_train_002778,True,
vcm_train_002780,True,
vcm_train_002782,True,
vcm_train_002784,True,
vcm_train_002786,True,
vcm_train_002788,True,
vcm_train_002790,True,
vcm_train_002792,True,
vcm_train_002794,True,
vcm_train_002796,True,
vcm_train_002798,True,
vcm_train_002800,False,qa_flagged
vcm_train_002802,True,
vcm_train_002804,True,
vcm_train_002806,False,qa_flagged
vcm_train_002808,True,
vcm_train_002810,True,
vcm_train_002812,True,
vcm_train_002814,True,
vcm_train_002816,True,
vcm_train_002818,True,
vcm_train_002820,True,
vcm_train_002822,True,
vcm_train_002824,True,
vcm_train_002826,True,
vcm_train_002828,True,
vcm_train_002830,True,
vcm_train_002832,True,
vcm_train_002834,False,qa_flagged
vcm_train_002836,True,
vcm_train_002838,True,
vcm_train_002840,True,
vcm_train_002842,True,
vcm_train_002844,True,
vcm_train_002846,True,
vcm_train_002848,True,
vcm_train_002850,True,
vcm_train_002852,True,
vcm_train_002854,True,
vcm_train_002856,True,
vcm_train_002858,True,
vcm_train_002860,True,
vcm_train_002862,False,qa_flagged
vcm_train_002864,True,
vcm_train_002866,True,
vcm_train_002868,True,
vcm_train_002870,True,
vcm_train_002872,True,
vcm_train_002874,False,qa_flagged
vcm_train_002876,True,
vcm_train_002878,True,
vcm_train_002880,True,
vcm_train_002882,True,
vcm_train_002884,True,
vcm_train_002886,True,
vcm_train_002888,False,qa_flagged
vcm_train_002890,True,
vcm_train_002892,True,
vcm_train_002894,False,qa_flagged
vcm_train_002896,True,
vcm_train_002898,True,
vcm_train_002900,True,
vcm_train_002902,False,qa_flagged
vcm_train_002904,True,
vcm_train_002906,True,
vcm_train_002908,True,
vcm_train_002910,True,
vcm_train_002912,False,qa_flagged
vcm_train_002914,False,qa_flagged
vcm_train_002916,True,
vcm_train_002918,False,qa_flagged
vcm_train_002920,True,
vcm_train_002922,True,
vcm_train_002924,True,
vcm_train_002926,True,
vcm_train_002928,True,
vcm_train_002930,True,
vcm_train_002932,True,
vcm_train_002934,True,
vcm_train_002936,True,
vcm_train_002938,False,qa_flagged
vcm_train_002940,True,
vcm_train_002942,True,
vcm_train_002944,True,
vcm_train_002946,False,qa_flagged
vcm_train_002948,False,qa_flagged
vcm_train_002950,False,qa_flagged
vcm_train_002952,True,
vcm_train_002954,True,
vcm_train_002956,True,
vcm_train_002958,True,
vcm_train_002960,True,
vcm_train_002962,True,
vcm_train_002964,True,
vcm_train_002966,True,
vcm_train_002968,True,
vcm_train_002970,True,
vcm_train_002972,True,
vcm_train_002974,True,
vcm_train_002976,True,
vcm_train_002978,False,qa_flagged
vcm_train_002980,True,
vcm_train_002982,True,
vcm_train_002984,True,
vcm_train_002986,True,
vcm_train_002988,True,
vcm_train_002990,True,
vcm_train_002992,True,
vcm_train_002994,True,
vcm_train_002996,False,qa_flagged
vcm_train_002998,True,
vcm_train_003000,True,
vcm_train_003002,True,
vcm_train_003004,True,
vcm_train_003006,True,
vcm_train_003008,True,
vcm_train_003010,False,qa_flagged
vcm_train_003012,True,
vcm_train_003014,True,
vcm_train_003016,True,
vcm_train_003018,True,
vcm_train_003020,True,
vcm_train_003022,True,
vcm_train_003024,True,
vcm_train_003026,True,
vcm_train_003028,True,
vcm_train_003030,True,
vcm_train_003032,True,
vcm_train_003034,True,
vcm_train_003036,True,
vcm_train_003038,True,
vcm_train_003040,True,
vcm_train_003042,False,qa_flagged
vcm_train_003044,True,
vcm_train_003046,True,
vcm_train_003048,True,
vcm_train_003050,True,
vcm_train_003052,True,
vcm_train_003054,True,
vcm_train_003056,True,
vcm_train_003058,True,
vcm_train_003060,True,
vcm_train_003062,True,
vcm_train_003064,True,
vcm_train_003066,True,
vcm_train_003068,False,qa_flagged
vcm_train_003070,True,
vcm_train_003072,False,qa_flagged
vcm_train_003074,True,
vcm_train_003076,True,
vcm_train_003078,True,
vcm_train_003080,True,
vcm_train_003082,False,qa_flagged
vcm_train_003084,True,
vcm_train_003086,True,
vcm_train_003088,True,
vcm_train_003090,True,
vcm_train_003092,True,
vcm_train_003094,True,
vcm_train_003096,True,
vcm_train_003098,True,
vcm_train_003100,True,
vcm_train_003102,True,
vcm_train_003104,True,
vcm_train_003106,False,qa_flagged
vcm_train_003108,True,
vcm_train_003110,True,
vcm_train_003112,True,
vcm_train_003114,True,
vcm_train_003116,True,
vcm_train_003118,True,
vcm_train_003120,True,
vcm_train_003122,True,
vcm_train_003124,True,
vcm_train_003126,False,qa_flagged
vcm_train_003128,True,
vcm_train_003130,False,qa_flagged
vcm_train_003132,True,
vcm_train_003134,True,
vcm_train_003136,True,
vcm_train_003138,False,qa_flagged
vcm_train_003140,True,
vcm_train_003142,True,
vcm_train_003144,True,
vcm_train_003146,True,
vcm_train_003148,True,
vcm_train_003150,True,
vcm_train_003152,True,
vcm_train_003154,True,
vcm_train_003156,True,
vcm_train_003158,True,
vcm_train_003160,True,
vcm_train_003162,True,
vcm_train_003164,True,
vcm_train_003166,True,
vcm_train_003168,True,
vcm_train_003170,True,
vcm_train_003172,True,
vcm_train_003174,True,
vcm_train_003176,True,
vcm_train_003178,True,
vcm_train_003180,True,
vcm_train_003182,False,qa_flagged
vcm_train_003184,True,
vcm_train_003186,False,qa_flagged
vcm_train_003188,True,
vcm_train_003190,True,
vcm_train_003192,True,
vcm_train_003194,True,
vcm_train_003196,True,
vcm_train_003198,True,
vcm_train_003200,True,
vcm_train_003202,True,
vcm_train_003204,True,
vcm_train_003206,True,
vcm_train_003208,False,qa_flagged
vcm_train_003210,True,
vcm_train_003212,True,
vcm_train_003214,True,
vcm_train_003216,True,
vcm_train_003218,True,
vcm_train_003220,True,
vcm_train_003222,True,
vcm_train_003224,True,
vcm_train_003226,True,
vcm_train_003228,False,qa_flagged
vcm_train_003230,True,
vcm_train_003232,True,
vcm_train_003234,True,
vcm_train_003236,False,qa_flagged
vcm_train_003238,True,
vcm_train_003240,True,
vcm_train_003242,False,qa_flagged
vcm_train_003244,True,
vcm_train_003246,True,
vcm_train_003248,False,qa_flagged
vcm_train_003250,True,
vcm_train_003252,False,qa_flagged
vcm_train_003254,True,
vcm_train_003256,True,
vcm_train_003258,True,
vcm_train_003260,True,
vcm_train_003262,True,
vcm_train_003264,True,
vcm_train_003266,True,
vcm_train_003268,True,
vcm_train_003270,True,
vcm_train_003272,True,
vcm_train_003274,True,
vcm_train_003276,True,
vcm_train_003278,False,qa_flagged
vcm_train_003280,True,
vcm_train_003282,True,
vcm_train_003284,True,
vcm_train_003286,False,qa_flagged
vcm_train_003288,True,
vcm_train_003290,True,
vcm_train_003292,True,
vcm_train_003294,True,
vcm_train_003296,False,qa_flagged
vcm_train_003298,True,
vcm_train_003300,True,
vcm_train_003302,True,
vcm_train_003304,True,
vcm_train_003306,True,
vcm_train_003308,True,
vcm_train_003310,False,qa_flagged
vcm_train_003312,True,
vcm_train_003314,True,
vcm_train_003316,True,
vcm_train_003318,True,
vcm_train_003320,False,qa_flagged
vcm_train_003322,True,
vcm_train_003324,True,
vcm_train_003326,False,qa_flagged
vcm_train_003328,True,
vcm_train_003330,True,
vcm_train_003332,True,
vcm_train_003334,True,
vcm_train_003336,True,
vcm_train_003338,True,
vcm_train_003340,True,
vcm_train_003342,True,
vcm_train_003344,False,qa_flagged
vcm_train_003346,True,
vcm_train_003348,True,
vcm_train_003350,True,
vcm_train_003352,True,
vcm_train_003354,True,
vcm_train_003356,True,
vcm_train_003358,True,
vcm_train_003360,True,
vcm_train_003362,True,
vcm_train_003364,True,
vcm_train_003366,True,
vcm_train_003368,True,
vcm_train_003370,True,
vcm_train_003372,True,
vcm_train_003374,True,
vcm_train_003376,True,
vcm_train_003378,True,
vcm_train_003380,True,
vcm_train_003382,True,
vcm_train_003384,True,
vcm_train_003386,True,
vcm_train_003388,True,
vcm_train_003390,True,
vcm_train_003392,True,
vcm_train_003394,True,
vcm_train_003396,True,
vcm_train_003398,True,
vcm_train_003400,False,qa_flagged
vcm_train_003402,False,qa_flagged
vcm_train_003404,True,
vcm_train_003406,True,
vcm_train_003408,True,
vcm_train_003410,True,
vcm_train_003412,True,
vcm_train_003414,True,
vcm_train_003416,True,
vcm_train_003418,True,
vcm_train_003420,True,
vcm_train_003422,True,
vcm_train_003424,True,
vcm_train_003426,True,
vcm_train_003428,True,
vcm_train_003430,True,
vcm_train_003432,False,qa_flagged
vcm_train_003434,False,qa_flagged
vcm_train_003436,True,
vcm_train_003438,True,
vcm_train_003440,True,
vcm_train_003442,False,qa_flagged
vcm_train_003444,True,
vcm_train_003446,True,
vcm_train_003448,True,
vcm_train_003450,True,
vcm_train_003452,True,
vcm_train_003454,True,
vcm_train_003456,True,
vcm_train_003458,True,
vcm_train_003460,True,
vcm_train_003462,True,
vcm_train_003464,True,
vcm_train_003466,True,
vcm_train_003468,True,
vcm_train_003470,True,
vcm_train_003472,True,
vcm_train_003474,True,
vcm_train_003476,False,qa_flagged
vcm_train_003478,True,
vcm_train_003480,False,qa_flagged
vcm_train_003482,True,
vcm_train_003484,True,
vcm_train_003486,True,
vcm_train_003488,True,
vcm_train_003490,True,
vcm_train_003492,True,
vcm_train_003494,True,
vcm_train_003496,True,
vcm_train_003498,True,
vcm_train_003500,True,
vcm_train_003502,True,
vcm_train_003504,True,
vcm_train_003506,True,
vcm_train_003508,True,
vcm_train_003510,True,
vcm_train_003512,True,
vcm_train_003514,True,
vcm_train_003516,True,
vcm_train_003518,True,
vcm_train_003520,True,
vcm_train_003522,False,qa_flagged
vcm_train_003524,True,
vcm_train_003526,False,qa_flagged
vcm_train_003528,True,
vcm_train_003530,True,
vcm_train_003532,True,
vcm_train_003534,True,
vcm_train_003536,False,qa_flagged
vcm_train_003538,True,
vcm_train_003540,True,
vcm_train_003542,True,
vcm_train_003544,True,
vcm_train_003546,False,qa_flagged
vcm_train_003548,False,qa_flagged
vcm_train_003550,True,
vcm_train_003552,True,
vcm_train_003554,True,
vcm_train_003556,True,
vcm_train_003558,True,
vcm_train_003560,True,
vcm_train_003562,True,
vcm_train_003564,True,
vcm_train_003566,True,
vcm_train_003568,True,
vcm_train_003570,True,
vcm_train_003572,True,
vcm_train_003574,False,qa_flagged
vcm_train_003576,True,
vcm_train_003578,True,
vcm_train_003580,True,
vcm_train_003582,False,qa_flagged
vcm_train_003584,True,
vcm_train_003586,True,
vcm_train_003588,True,
vcm_train_003590,True,
vcm_train_003592,True,
vcm_train_003594,True,
vcm_train_003596,True,
vcm_train_003598,True,
vcm_train_003600,True,
vcm_train_003602,True,
vcm_train_003604,True,
vcm_train_003606,True,
vcm_train_003608,True,
vcm_train_003610,True,
vcm_train_003612,True,
vcm_train_003614,True,
vcm_train_003616,True,
vcm_train_003618,True,
vcm_train_003620,True,
vcm_train_003622,True,
vcm_train_003624,True,
vcm_train_003626,True,
vcm_train_003628,True,
vcm_train_003630,True,
vcm_train_003632,True,
vcm_train_003634,True,
vcm_train_003636,True,
vcm_train_003638,True,
vcm_train_003640,True,
vcm_train_003642,True,
vcm_train_003644,True,
vcm_train_003646,True,
vcm_train_003648,True,
vcm_train_003650,True,
vcm_train_003652,True,
vcm_train_003654,True,
vcm_train_003656,False,qa_flagged
vcm_train_003658,True,
vcm_train_003660,True,
vcm_train_003662,True,
vcm_train_003664,True,
vcm_train_003666,True,
vcm_train_003668,True,
vcm_train_003670,True,
vcm_train_003672,True,
vcm_train_003674,True,
vcm_train_003676,True,
vcm_train_003678,True,
vcm_train_003680,True,
vcm_train_003682,True,
vcm_train_003684,True,
vcm_train_003686,True,
vcm_train_003688,True,
vcm_train_003690,True,
vcm_train_003692,True,
vcm_train_003694,True,
vcm_train_003696,False,qa_flagged
vcm_train_003698,True,
vcm_train_003700,True,
vcm_train_003702,True,
vcm_train_003704,True,
vcm_train_003706,True,
vcm_train_003708,False,qa_flagged
vcm_train_003710,False,qa_flagged
vcm_train_003712,True,
vcm_train_003714,False,qa_flagged
vcm_train_003716,True,
vcm_train_003718,True,
vcm_train_003720,True,
vcm_train_003722,True,
vcm_train_003724,True,
vcm_train_003726,True,
vcm_train_003728,True,
vcm_train_003730,False,qa_flagged
vcm_train_003732,True,
vcm_train_003734,True,
vcm_train_003736,False,qa_flagged
vcm_train_003738,True,
vcm_train_003740,True,
vcm_train_003742,True,
vcm_train_003744,True,
vcm_train_003746,True,
vcm_train_003748,True,
vcm_train_003750,True,
vcm_train_003752,True,
vcm_train_003754,True,
vcm_train_003756,True,
vcm_train_003758,True,
vcm_train_003760,True,
vcm_train_003762,False,qa_flagged
vcm_train_003764,True,
vcm_train_003766,True,
vcm_train_003768,True,
vcm_train_003770,True,
vcm_train_003772,True,
vcm_train_003774,True,
vcm_train_003776,True,
vcm_train_003778,True,
vcm_train_003780,True,
vcm_train_003782,True,
vcm_train_003784,True,
vcm_train_003786,True,
vcm_train_003788,True,
vcm_train_003790,True,
vcm_train_003792,False,qa_flagged
vcm_train_003794,True,
vcm_train_003796,False,qa_flagged
vcm_train_003798,True,
vcm_train_003800,True,
vcm_train_003802,True,
vcm_train_003804,True,
vcm_train_003806,True,
vcm_train_003808,True,
vcm_train_003810,True,
vcm_train_003812,True,
vcm_train_003814,False,qa_flagged
vcm_train_003816,True,
vcm_train_003818,True,
vcm_train_003820,True,
vcm_train_003822,True,
vcm_train_003824,True,
vcm_train_003826,True,
vcm_train_003828,False,qa_flagged
vcm_train_003830,True,
vcm_train_003832,True,
vcm_train_003834,False,qa_flagged
vcm_train_003836,True,
vcm_train_003838,True,
vcm_train_003840,True,
vcm_train_003842,True,
vcm_train_003844,True,
vcm_train_003846,True,
vcm_train_003848,True,
vcm_train_003850,True,
vcm_train_003852,False,qa_flagged
vcm_train_003854,True,
vcm_train_003856,True,
vcm_train_003858,False,qa_flagged
vcm_train_003860,True,
vcm_train_003862,True,
vcm_train_003864,False,qa_flagged
vcm_train_003866,True,
vcm_train_003868,True,
vcm_train_003870,True,
vcm_train_003872,True,
vcm_train_003874,True,
vcm_train_003876,False,qa_flagged
vcm_train_003878,True,
vcm_train_003880,True,
vcm_train_003882,True,
vcm_train_003884,True,
vcm_train_003886,False,qa_flagged
vcm_train_003888,True,
vcm_train_003890,True,
vcm_train_003892,True,
vcm_train_003894,True,
vcm_train_003896,True,
vcm_train_003898,True,
vcm_train_003900,True,
vcm_train_003902,False,qa_flagged
vcm_train_003904,True,
vcm_train_003906,True,
vcm_train_003908,True,
vcm_train_003910,True,
vcm_train_003912,True,
vcm_train_003914,True,
vcm_train_003916,True,
vcm_train_003918,True,
vcm_train_003920,True,
vcm_train_003922,True,
vcm_train_003924,True,
vcm_train_003926,True,
vcm_train_003928,True,
vcm_train_003930,True,
vcm_train_003932,True,
vcm_train_003934,True,
vcm_train_003936,True,
vcm_train_003938,True,
vcm_train_003940,True,
vcm_train_003942,True,
vcm_train_003944,True,
vcm_train_003946,True,
vcm_train_003948,True,
vcm_train_003950,True,
vcm_train_003952,True,
vcm_train_003954,False,qa_flagged
vcm_train_003956,False,qa_flagged
vcm_train_003958,True,
vcm_train_003960,True,
vcm_train_003962,True,
vcm_train_003964,True,
vcm_train_003966,True,
vcm_train_003968,True,
vcm_train_003970,True,
vcm_train_003972,True,
vcm_train_003974,True,
vcm_train_003976,True,
vcm_train_003978,True,
vcm_train_003980,True,
vcm_train_003982,True,
vcm_train_003984,True,
vcm_train_003986,False,qa_flagged
vcm_train_003988,True,
vcm_train_003990,True,
vcm_train_003992,True,
vcm_train_003994,True,
vcm_train_003996,True,
vcm_train_003998,True,
vcm_train_004000,False,qa_flagged
vcm_train_004002,True,
vcm_train_004004,True,
vcm_train_004006,True,
vcm_train_004008,True,
vcm_train_004010,True,
vcm_train_004012,True,
vcm_train_004014,True,
vcm_train_004016,True,
vcm_train_004018,True,
vcm_train_004020,True,
vcm_train_004022,False,qa_flagged
vcm_train_004024,True,
vcm_train_004026,True,
vcm_train_004028,True,
vcm_train_004030,True,
vcm_train_004032,True,
vcm_train_004034,True,
vcm_train_004036,True,
vcm_train_004038,True,
vcm_train_004040,True,
vcm_train_004042,True,
vcm_train_004044,True,
vcm_train_004046,True,
vcm_train_004048,True,
vcm_train_004050,True,
vcm_train_004052,True,
vcm_train_004054,True,
vcm_train_004056,True,
vcm_train_004058,True,
vcm_train_004060,True,
vcm_train_004062,True,
vcm_train_004064,True,
vcm_train_004066,True,
vcm_train_004068,True,
vcm_train_004070,False,qa_flagged
vcm_train_004072,True,
vcm_train_004074,True,
vcm_train_004076,True,
vcm_train_004078,True,
vcm_train_004080,True,
vcm_train_004082,True,
vcm_train_004084,True,
vcm_train_004086,True,
vcm_train_004088,True,
vcm_train_004090,False,qa_flagged
vcm_train_004092,False,qa_flagged
vcm_train_004094,True,
vcm_train_004096,True,
vcm_train_004098,True,
vcm_train_004100,True,
vcm_train_004102,True,
vcm_train_004104,True,
vcm_train_004106,True,
vcm_train_004108,True,
vcm_train_004110,True,
vcm_train_004112,True,
vcm_train_004114,True,
vcm_train_004116,True,
vcm_train_004118,True,
vcm_train_004120,True,
vcm_train_004122,True,
vcm_train_004124,True,
vcm_train_004126,True,
vcm_train_004128,True,
vcm_train_004130,True,
vcm_train_004132,True,
vcm_train_004134,True,
vcm_train_004136,True,
vcm_train_004138,True,
vcm_train_004140,False,qa_flagged
vcm_train_004142,True,
vcm_train_004144,True,
vcm_train_004146,True,
vcm_train_004148,True,
vcm_train_004150,True,
vcm_train_004152,True,
vcm_train_004154,True,
vcm_train_004156,True,
vcm_train_004158,True,
vcm_train_004160,True,
vcm_train_004162,True,
vcm_train_004164,True,
vcm_train_004166,True,
vcm_train_004168,True,
vcm_train_004170,True,
vcm_train_004172,True,
vcm_train_004174,True,
vcm_train_004176,True,
vcm_train_004178,True,
vcm_train_004180,True,
vcm_train_004182,True,
vcm_train_004184,True,
vcm_train_004186,True,
vcm_train_004188,True,
vcm_train_004190,True,
vcm_train_004192,True,
vcm_train_004194,True,
vcm_train_004196,True,
vcm_train_004198,True,
vcm_train_004200,True,
vcm_train_004202,True,
vcm_train_004204,True,
vcm_train_004206,True,
vcm_train_004208,True,
vcm_train_004210,True,
vcm_train_004212,True,
vcm_train_004214,True,
vcm_train_004216,True,
vcm_train_004218,True,
vcm_train_004220,True,
vcm_train_004222,False,qa_flagged
vcm_train_004224,True,
vcm_train_004226,True,
vcm_train_004228,True,
vcm_train_004230,True,
vcm_train_004232,True,
vcm_train_004234,True,
vcm_train_004236,True,
vcm_train_004238,True,
vcm_train_004240,True,
vcm_train_004242,True,
vcm_train_004244,True,
vcm_train_004246,True,
vcm_train_004248,True,
vcm_train_004250,False,qa_flagged
vcm_train_004252,True,
vcm_train_004254,True,
vcm_train_004256,True,
vcm_train_004258,True,
vcm_train_004260,True,
vcm_train_004262,True,
vcm_train_004264,False,qa_flagged
vcm_train_004266,True,
vcm_train_004268,False,qa_flagged
vcm_train_004270,True,
vcm_train_004272,True,
vcm_train_004274,True,
vcm_train_004276,True,
vcm_train_004278,True,
vcm_train_004280,True,
vcm_train_004282,True,
vcm_train_004284,False,qa_flagged
vcm_train_004286,True,
vcm_train_004288,True,
vcm_train_004290,True,
vcm_train_004292,True,
vcm_train_004294,True,
vcm_train_004296,True,
vcm_train_004298,True,
vcm_train_004300,True,
vcm_train_004302,True,
vcm_train_004304,True,
vcm_train_004306,False,qa_flagged
vcm_train_004308,True,
vcm_train_004310,True,
vcm_train_004312,True,
vcm_train_004314,True,
vcm_train_004316,True,
vcm_train_004318,True,
vcm_train_004320,True,
vcm_train_004322,True,
vcm_train_004324,True,
vcm_train_004326,True,
vcm_train_004328,True,
vcm_train_004330,False,qa_flagged
vcm_train_004332,True,
vcm_train_004334,False,qa_flagged
vcm_train_004336,True,
vcm_train_004338,True,
vcm_train_004340,False,qa_flagged
vcm_train_004342,True,
vcm_train_004344,True,
vcm_train_004346,True,
vcm_train_004348,True,
vcm_train_004350,True,
vcm_train_004352,True,
vcm_train_004354,False,qa_flagged
vcm_train_004356,True,
vcm_train_004358,True,
vcm_train_004360,False,qa_flagged
vcm_train_004362,True,
vcm_train_004364,True,
vcm_train_004366,True,
vcm_train_004368,True,
vcm_train_004370,True,
vcm_train_004372,True,
vcm_train_004374,False,qa_flagged
vcm_train_004376,False,qa_flagged
vcm_train_004378,True,
vcm_train_004380,True,
vcm_train_004382,True,
vcm_train_004384,True,
vcm_train_004386,True,
vcm_train_004388,True,
vcm_train_004390,True,
vcm_train_004392,True,
vcm_train_004394,True,
vcm_train_004396,True,
vcm_train_004398,True,
vcm_train_004400,True,
vcm_train_004402,True,
vcm_train_004404,True,
vcm_train_004406,True,
vcm_train_004408,True,
vcm_train_004410,True,
vcm_train_004412,True,
vcm_train_004414,True,
vcm_train_004416,True,
vcm_train_004418,True,
vcm_train_004420,True,
vcm_train_004422,True,
vcm_train_004424,True,
vcm_train_004426,True,
vcm_train_004428,True,
vcm_train_004430,False,qa_flagged
vcm_train_004432,True,
vcm_train_004434,True,
vcm_train_004436,True,
vcm_train_004438,True,
vcm_train_004440,True,
vcm_train_004442,True,
vcm_train_004444,True,
vcm_train_004446,True,
vcm_train_004448,True,
vcm_train_004450,True,
vcm_train_004452,True,
vcm_train_004454,True,
vcm_train_004456,True,
vcm_train_004458,True,
vcm_train_004460,True,
vcm_train_004462,True,
vcm_train_004464,True,
vcm_train_004466,False,qa_flagged
vcm_train_004468,True,
vcm_train_004470,True,
vcm_train_004472,False,qa_flagged
vcm_train_004474,True,
vcm_train_004476,True,
vcm_train_004478,True,
vcm_train_004480,True,
vcm_train_004482,True,
vcm_train_004484,True,
vcm_train_004486,True,
vcm_train_004488,True,
vcm_train_004490,True,
vcm_train_004492,True,
vcm_train_004494,True,
vcm_train_004496,True,
vcm_train_004498,True,
vcm_train_004500,True,
vcm_train_004502,True,
vcm_train_004504,True,
vcm_train_004506,True,
vcm_train_004508,False,qa_flagged
vcm_train_004510,True,
vcm_train_004512,True,
vcm_train_004514,True,
vcm_train_004516,True,
vcm_train_004518,True,
vcm_train_004520,True,
vcm_train_004522,True,
vcm_train_004524,True,
vcm_train_004526,False,qa_flagged
vcm_train_004528,False,qa_flagged
vcm_train_004530,True,
vcm_train_004532,True,
vcm_train_004534,True,
vcm_train_004536,True,
vcm_train_004538,True,
vcm_train_004540,True,
vcm_train_004542,True,
vcm_train_004544,False,qa_flagged
vcm_train_004546,True,
vcm_train_004548,True,
vcm_train_004550,True,
vcm_train_004552,True,
vcm_train_004554,True,
vcm_train_004556,True,
vcm_train_004558,True,
vcm_train_004560,True,
vcm_train_004562,True,
vcm_train_004564,True,
vcm_train_004566,True,
vcm_train_004568,True,
vcm_train_004570,True,
vcm_train_004572,True,
vcm_train_004574,True,
vcm_train_004576,True,
vcm_train_004578,True,
vcm_train_004580,False,qa_flagged
vcm_train_004582,False,qa_flagged
vcm_train_004584,True,
vcm_train_004586,True,
vcm_train_004588,True,
vcm_train_004590,True,
vcm_train_004592,True,
vcm_train_004594,True,
vcm_train_004596,True,
vcm_train_004598,True,
vcm_train_004600,True,
vcm_train_004602,True,
vcm_train_004604,True,
vcm_train_004606,True,
vcm_train_004608,True,
vcm_train_004610,False,qa_flagged
vcm_train_004612,False,qa_flagged
vcm_train_004614,False,qa_flagged
vcm_train_004616,False,qa_flagged
vcm_train_004618,True,
vcm_train_004620,True,
vcm_train_004622,True,
vcm_train_004624,True,
vcm_train_004626,True,
vcm_train_004628,True,
vcm_train_004630,True,
vcm_train_004632,True,
vcm_train_004634,True,
vcm_train_004636,False,qa_flagged
vcm_train_004638,True,
vcm_train_004640,True,
vcm_train_004642,True,
vcm_train_004644,True,
vcm_train_004646,True,
vcm_train_004648,True,
vcm_train_004650,True,
vcm_train_004652,True,
vcm_train_004654,False,qa_flagged
vcm_train_004656,True,
vcm_train_004658,False,qa_flagged
vcm_train_004660,True,
vcm_train_004662,True,
vcm_train_004664,True,
vcm_train_004666,True,
vcm_train_004668,False,qa_flagged
vcm_train_004670,True,
vcm_train_004672,True,
vcm_train_004674,True,
vcm_train_004676,True,
vcm_train_004678,True,
vcm_train_004680,True,
vcm_train_004682,True,
vcm_train_004684,True,
vcm_train_004686,True,
vcm_train_004688,True,
vcm_train_004690,True,
vcm_train_004692,True,
vcm_train_004694,True,
vcm_train_004696,True,
vcm_train_004698,False,qa_flagged
vcm_train_004700,True,
vcm_train_004702,True,
vcm_train_004704,True,
vcm_train_004706,True,
vcm_train_004708,True,
vcm_train_004710,True,
vcm_train_004712,True,
vcm_train_004714,True,
vcm_train_004716,True,
vcm_train_004718,True,
vcm_train_004720,False,qa_flagged
vcm_train_004722,True,
vcm_train_004724,True,
vcm_train_004726,False,qa_flagged
vcm_train_004728,True,
vcm_train_004730,True,
vcm_train_004732,True,
vcm_train_004734,True,
vcm_train_004736,True,
vcm_train_004738,True,
vcm_train_004740,True,
vcm_train_004742,True,
vcm_train_004744,True,
vcm_train_004746,True,
vcm_train_004748,True,
vcm_train_004750,False,qa_flagged
vcm_train_004752,True,
vcm_train_004754,True,
vcm_train_004756,False,qa_flagged
vcm_train_004758,True,
vcm_train_004760,True,
vcm_train_004762,True,
vcm_train_004764,True,
vcm_train_004766,True,
vcm_train_004768,True,
vcm_train_004770,True,
vcm_train_004772,True,
vcm_train_004774,True,
vcm_train_004776,True,
vcm_train_004778,True,
vcm_train_004780,True,
vcm_train_004782,True,
vcm_train_004784,True,
vcm_train_004786,True,
vcm_train_004788,True,
vcm_train_004790,True,
vcm_train_004792,True,
vcm_train_004794,True,
vcm_train_004796,True,
vcm_train_004798,True,
vcm_train_004800,True,
vcm_train_004802,True,
vcm_train_004804,True,
vcm_train_004806,True,
vcm_train_004808,True,
vcm_train_004810,True,
vcm_train_004812,True,
vcm_train_004814,True,
vcm_train_004816,False,qa_flagged
vcm_train_004818,True,
vcm_train_004820,True,
vcm_train_004822,True,
vcm_train_004824,True,
vcm_train_004826,True,
vcm_train_004828,True,
vcm_train_004830,True,
vcm_train_004832,True,
vcm_train_004834,True,
vcm_train_004836,True,
vcm_train_004838,True,
vcm_train_004840,False,qa_flagged
vcm_train_004842,True,
vcm_train_004844,True,
vcm_train_004846,True,
vcm_train_004848,True,
vcm_train_004850,True,
vcm_train_004852,True,
vcm_train_004854,True,
vcm_train_004856,True,
vcm_train_004858,True,
vcm_train_004860,True,
vcm_train_004862,True,
vcm_train_004864,True,
vcm_train_004866,True,
vcm_train_004868,True,
vcm_train_004870,True,
vcm_train_004872,True,
vcm_train_004874,False,qa_flagged
vcm_train_004876,True,
vcm_train_004878,True,
vcm_train_004880,True,
vcm_train_004882,True,
vcm_train_004884,True,
vcm_train_004886,True,
vcm_train_004888,True,
vcm_train_004890,True,
vcm_train_004892,True,
vcm_train_004894,True,
vcm_train_004896,True,
vcm_train_004898,True,
vcm_train_004900,True,
vcm_train_004902,True,
vcm_train_004904,True,
vcm_train_004906,False,qa_flagged
vcm_train_004908,True,
vcm_train_004910,True,
vcm_train_004912,True,
vcm_train_004914,False,qa_flagged
vcm_train_004916,True,
vcm_train_004918,True,
vcm_train_004920,False,qa_flagged
vcm_train_004922,False,qa_flagged
vcm_train_004924,True,
vcm_train_004926,True,
vcm_train_004928,True,
vcm_train_004930,True,
vcm_train_004932,True,
vcm_train_004934,True,
vcm_train_004936,True,
vcm_train_004938,True,
vcm_train_004940,True,
vcm_train_004942,True,
vcm_train_004944,True,
vcm_train_004946,True,
vcm_train_004948,True,
vcm_train_004950,True,
vcm_train_004952,True,
vcm_train_004954,True,
vcm_train_004956,True,
vcm_train_004958,True,
vcm_train_004960,True,
vcm_train_004962,True,
vcm_train_004964,True,
vcm_train_004966,True,
vcm_train_004968,True,
vcm_train_004970,True,
vcm_train_004972,True,
vcm_train_004974,True,
vcm_train_004976,True,
vcm_train_004978,True,
vcm_train_004980,True,
vcm_train_004982,True,
vcm_train_004984,True,
vcm_train_004986,True,
vcm_train_004988,True,
vcm_train_004990,True,
vcm_train_004992,True,
vcm_train_004994,True,
vcm_train_004996,True,
vcm_train_004998,True,
vcm_train_005000,False,qa_flagged
vcm_train_005002,True,
vcm_train_005004,True,
vcm_train_005006,True,
vcm_train_005008,True,
vcm_train_005010,False,qa_flagged
vcm_train_005012,True,
vcm_train_005014,True,
vcm_train_005016,True,
vcm_train_005018,True,
vcm_train_005020,True,
vcm_train_005022,True,
vcm_train_005024,True,
vcm_train_005026,True,
vcm_train_005028,True,
vcm_train_005030,True,
vcm_train_005032,True,
vcm_train_005034,True,
vcm_train_005036,True,
vcm_train_005038,True,
vcm_train_005040,True,
vcm_train_005042,True,
vcm_train_005044,True,
vcm_train_005046,True,
vcm_train_005048,True,
vcm_train_005050,True,
vcm_train_005052,True,
vcm_train_005054,False,qa_flagged
vcm_train_005056,True,
vcm_train_005058,True,
vcm_train_005060,True,
vcm_train_005062,True,
vcm_train_005064,True,
vcm_train_005066,True,
vcm_train_005068,True,
vcm_train_005070,True,
vcm_train_005072,True,
vcm_train_005074,True,
vcm_train_005076,True,
vcm_train_005078,False,qa_flagged
vcm_train_005080,True,
vcm_train_005082,True,
vcm_train_005084,False,qa_flagged
vcm_train_005086,False,qa_flagged
vcm_train_005088,True,
vcm_train_005090,True,
vcm_train_005092,True,
vcm_train_005094,True,
vcm_train_005096,True,
vcm_train_005098,True,
vcm_train_005100,True,
vcm_train_005102,True,
vcm_train_005104,True,
vcm_train_005106,False,qa_flagged
vcm_train_005108,True,
vcm_train_005110,True,
vcm_train_005112,False,qa_flagged
vcm_train_005114,True,
vcm_train_005116,True,
vcm_train_005118,True,
vcm_train_005120,True,
vcm_train_005122,True,
vcm_train_005124,True,
vcm_train_005126,True,
vcm_train_005128,True,
vcm_train_005130,True,
vcm_train_005132,True,
vcm_train_005134,False,qa_flagged
vcm_train_005136,True,
vcm_train_005138,True,
vcm_train_005140,True,
vcm_train_005142,True,
vcm_train_005144,True,
vcm_train_005146,False,qa_flagged
vcm_train_005148,True,
vcm_train_005150,True,
vcm_train_005152,True,
vcm_train_005154,True,
vcm_train_005156,True,
vcm_train_005158,False,qa_flagged
vcm_train_005160,True,
vcm_train_005162,True,
vcm_train_005164,True,
vcm_train_005166,True,
vcm_train_005168,True,
vcm_train_005170,True,
vcm_train_005172,True,
vcm_train_005174,True,
vcm_train_005176,True,
vcm_train_005178,False,qa_flagged
vcm_train_005180,True,
vcm_train_005182,True,
vcm_train_005184,True,
vcm_train_005186,True,
vcm_train_005188,True,
vcm_train_005190,True,
vcm_train_005192,False,qa_flagged
vcm_train_005194,True,
vcm_train_005196,False,qa_flagged
vcm_train_005198,True,
vcm_train_005200,True,
vcm_train_005202,True,
vcm_train_005204,True,
vcm_train_005206,False,qa_flagged
vcm_train_005208,False,qa_flagged
vcm_train_005210,True,
vcm_train_005212,True,
vcm_train_005214,False,qa_flagged
vcm_train_005216,True,
vcm_train_005218,True,
vcm_train_005220,True,
vcm_train_005222,True,
vcm_train_005224,True,
vcm_train_005226,True,
vcm_train_005228,False,qa_flagged
vcm_train_005230,True,
vcm_train_005232,True,
vcm_train_005234,False,qa_flagged
vcm_train_005236,True,
vcm_train_005238,True,
vcm_train_005240,True,
vcm_train_005242,True,
vcm_train_005244,True,
vcm_train_005246,True,
vcm_train_005248,True,
vcm_train_005250,True,
vcm_train_005252,True,
vcm_train_005254,True,
vcm_train_005256,False,qa_flagged
vcm_train_005258,True,
vcm_train_005260,True,
vcm_train_005262,True,
vcm_train_005264,True,
vcm_train_005266,True,
vcm_train_005268,True,
vcm_train_005270,True,
vcm_train_005272,True,
vcm_train_005274,True,
vcm_train_005276,True,
vcm_train_005278,True,
vcm_train_005280,True,
vcm_train_005282,True,
vcm_train_005284,True,
vcm_train_005286,True,
vcm_train_005288,True,
vcm_train_005290,True,
vcm_train_005292,True,
vcm_train_005294,True,
vcm_train_005296,False,qa_flagged
vcm_train_005298,True,
vcm_train_005300,True,
vcm_train_005302,False,qa_flagged
vcm_train_005304,True,
vcm_train_005306,True,
vcm_train_005308,True,
vcm_train_005310,True,
vcm_train_005312,True,
vcm_train_005314,False,qa_flagged
vcm_train_005316,True,
vcm_train_005318,True,
vcm_train_005320,True,
vcm_train_005322,True,
vcm_train_005324,True,
vcm_train_005326,True,
vcm_train_005328,True,
vcm_train_005330,True,
vcm_train_005332,True,
vcm_train_005334,False,qa_flagged
vcm_train_005336,True,
vcm_train_005338,False,qa_flagged
vcm_train_005340,True,
vcm_train_005342,True,
vcm_train_005344,True,
vcm_train_005346,True,
vcm_train_005348,False,qa_flagged
vcm_train_005350,False,qa_flagged
vcm_train_005352,True,
vcm_train_005354,True,
vcm_train_005356,True,
vcm_train_005358,True,
vcm_train_005360,True,
vcm_train_005362,True,
vcm_train_005364,True,
vcm_train_005366,True,
vcm_train_005368,True,
vcm_train_005370,True,
vcm_train_005372,False,qa_flagged
vcm_train_005374,False,qa_flagged
vcm_train_005376,True,
vcm_train_005378,True,
vcm_train_005380,True,
vcm_train_005382,True,
vcm_train_005384,True,
vcm_train_005386,True,
vcm_train_005388,True,
vcm_train_005390,True,
vcm_train_005392,True,
vcm_train_005394,False,qa_flagged
vcm_train_005396,True,
vcm_train_005398,True,
vcm_train_005400,True,
vcm_train_005402,True,
vcm_train_005404,True,
vcm_train_005406,True,
vcm_train_005408,True,
vcm_train_005410,True,
vcm_train_005412,True,
vcm_train_005414,True,
vcm_train_005416,True,
vcm_train_005418,True,
vcm_train_005420,True,
vcm_train_005422,False,qa_flagged
vcm_train_005424,True,
vcm_train_005426,True,
vcm_train_005428,False,qa_flagged
vcm_train_005430,False,qa_flagged
vcm_train_005432,False,qa_flagged
vcm_train_005434,True,
vcm_train_005436,True,
vcm_train_005438,True,
vcm_train_005440,True,
vcm_train_005442,True,
vcm_train_005444,True,
vcm_train_005446,True,
vcm_train_005448,True,
vcm_train_005450,True,
vcm_train_005452,False,qa_flagged
vcm_train_005454,True,
vcm_train_005456,True,
vcm_train_005458,True,
vcm_train_005460,True,
vcm_train_005462,True,
vcm_train_005464,True,
vcm_train_005466,False,qa_flagged
vcm_train_005468,True,
vcm_train_005470,False,qa_flagged
vcm_train_005472,True,
vcm_train_005474,True,
vcm_train_005476,True,
vcm_train_005478,True,
vcm_train_005480,True,
vcm_train_005482,True,
vcm_train_005484,False,qa_flagged
vcm_train_005486,False,qa_flagged
vcm_train_005488,True,
vcm_train_005490,True,
vcm_train_005492,True,
vcm_train_005494,True,
vcm_train_005496,True,
vcm_train_005498,True,
vcm_train_005500,True,
vcm_train_005502,True,
vcm_train_005504,True,
vcm_train_005506,True,
vcm_train_005508,True,
vcm_train_005510,True,
vcm_train_005512,True,
vcm_train_005514,True,
vcm_train_005516,True,
vcm_train_005518,True,
vcm_train_005520,False,qa_flagged
vcm_train_005522,True,
vcm_train_005524,True,
vcm_train_005526,True,
vcm_train_005528,True,
vcm_train_005530,True,
vcm_train_005532,False,qa_flagged
vcm_train_005534,True,
vcm_train_005536,False,qa_flagged
vcm_train_005538,True,
vcm_train_005540,True,
vcm_train_005542,True,
vcm_train_005544,True,
vcm_train_005546,True,
vcm_train_005548,True,
vcm_train_005550,True,
vcm_train_005552,True,
vcm_train_005554,False,qa_flagged
vcm_train_005556,True,
vcm_train_005558,True,
vcm_train_005560,True,
vcm_train_005562,True,
vcm_train_005564,False,qa_flagged
vcm_train_005566,True,
vcm_train_005568,True,
vcm_train_005570,False,qa_flagged
vcm_train_005572,True,
vcm_train_005574,True,
vcm_train_005576,True,
vcm_train_005578,True,
vcm_train_005580,True,
vcm_train_005582,True,
vcm_train_005584,True,
vcm_train_005586,False,qa_flagged
vcm_train_005588,True,
vcm_train_005590,True,
vcm_train_005592,True,
vcm_train_005594,True,
vcm_train_005596,True,
vcm_train_005598,True,
vcm_train_005600,True,
vcm_train_005602,True,
vcm_train_005604,True,
vcm_train_005606,True,
vcm_train_005608,True,
vcm_train_005610,True,
vcm_train_005612,True,
vcm_train_005614,True,
vcm_train_005616,True,
vcm_train_005618,True,
vcm_train_005620,True,
vcm_train_005622,False,qa_flagged
vcm_train_005624,False,qa_flagged
vcm_train_005626,True,
vcm_train_005628,True,
vcm_train_005630,False,qa_flagged
vcm_train_005632,True,
vcm_train_005634,True,
vcm_train_005636,False,qa_flagged
vcm_train_005638,True,
vcm_train_005640,True,
vcm_train_005642,True,
vcm_train_005644,True,
vcm_train_005646,True,
vcm_train_005648,True,
vcm_train_005650,True,
vcm_train_005652,True,
vcm_train_005654,True,
vcm_train_005656,True,
vcm_train_005658,True,
vcm_train_005660,True,
vcm_train_005662,True,
vcm_train_005664,False,qa_flagged
vcm_train_005666,True,
vcm_train_005668,True,
vcm_train_005670,True,
vcm_train_005672,True,
vcm_train_005674,True,
vcm_train_005676,True,
vcm_train_005678,True,
vcm_train_005680,True,
vcm_train_005682,True,
vcm_train_005684,True,
vcm_train_005686,True,
vcm_train_005688,True,
vcm_train_005690,True,
vcm_train_005692,True,
vcm_train_005694,True,
vcm_train_005696,True,
vcm_train_005698,False,qa_flagged
vcm_train_005700,True,
vcm_train_005702,False,qa_flagged
vcm_train_005704,True,
vcm_train_005706,True,
vcm_train_005708,True,
vcm_train_005710,True,
vcm_train_005712,True,
vcm_train_005714,True,
vcm_train_005716,True,
vcm_train_005718,True,
vcm_train_005720,True,
vcm_train_005722,True,
vcm_train_005724,True,
vcm_train_005726,True,
vcm_train_005728,True,
vcm_train_005730,True,
vcm_train_005732,True,
vcm_train_005734,True,
vcm_train_005736,True,
vcm_train_005738,True,
vcm_train_005740,True,
vcm_train_005742,True,
vcm_train_005744,True,
vcm_train_005746,True,
vcm_train_005748,True,
vcm_train_005750,True,
vcm_train_005752,True,
vcm_train_005754,True,
vcm_train_005756,True,
vcm_train_005758,False,qa_flagged
vcm_train_005760,True,
vcm_train_005762,True,
vcm_train_005764,True,
vcm_train_005766,True,
vcm_train_005768,False,qa_flagged
vcm_train_005770,True,
vcm_train_005772,True,
vcm_train_005774,True,
vcm_train_005776,True,
vcm_train_005778,True,
vcm_train_005780,True,
vcm_train_005782,True,
vcm_train_005784,True,
vcm_train_005786,True,
vcm_train_005788,True,
vcm_train_005790,True,
vcm_train_005792,True,
vcm_train_005794,True,
vcm_train_005796,True,
vcm_train_005798,True,
vcm_train_005800,True,
vcm_train_005802,True,
vcm_train_005804,True,
vcm_train_005806,False,qa_flagged
vcm_train_005808,True,
vcm_train_005810,True,
vcm_train_005812,True,
vcm_train_005814,True,
vcm_train_005816,True,
vcm_train_005818,True,
vcm_train_005820,True,
vcm_train_005822,True,
vcm_train_005824,True,
vcm_train_005826,True,
vcm_train_005828,True,
vcm_train_005830,True,
vcm_train_005832,True,
vcm_train_005834,True,
vcm_train_005836,True,
vcm_train_005838,True,
vcm_train_005840,True,
vcm_train_005842,True,
vcm_train_005844,True,
vcm_train_005846,True,
vcm_train_005848,True,
vcm_train_005850,True,
vcm_train_005852,True,
vcm_train_005854,True,
vcm_train_005856,False,qa_flagged
vcm_train_005858,True,
vcm_train_005860,False,qa_flagged
vcm_train_005862,True,
vcm_train_005864,True,
vcm_train_005866,True,
vcm_train_005868,True,
vcm_train_005870,True,
vcm_train_005872,True,
vcm_train_005874,True,
vcm_train_005876,True,
vcm_train_005878,True,
vcm_train_005880,True,
vcm_train_005882,True,
vcm_train_005884,True,
vcm_train_005886,False,qa_flagged
vcm_train_005888,True,
vcm_train_005890,True,
vcm_train_005892,True,
vcm_train_005894,False,qa_flagged
vcm_train_005896,True,
vcm_train_005898,True,
vcm_train_005900,True,
vcm_train_005902,True,
vcm_train_005904,True,
vcm_train_005906,True,
vcm_train_005908,True,
vcm_train_005910,True,
vcm_train_005912,True,
vcm_train_005914,True,
vcm_train_005916,True,
vcm_train_005918,False,qa_flagged
vcm_train_005920,True,
vcm_train_005922,True,
vcm_train_005924,True,
vcm_train_005926,True,
vcm_train_005928,True,
vcm_train_005930,True,
vcm_train_005932,True,
vcm_train_005934,True,
vcm_train_005936,True,
vcm_train_005938,True,
vcm_train_005940,True,
vcm_train_005942,True,
vcm_train_005944,True,
vcm_train_005946,True,
vcm_train_005948,True,
vcm_train_005950,True,
vcm_train_005952,False,qa_flagged
vcm_train_005954,True,
vcm_train_005956,True,
vcm_train_005958,True,
vcm_train_005960,True,
vcm_train_005962,True,
vcm_train_005964,True,
vcm_train_005966,False,qa_flagged
vcm_train_005968,True,
vcm_train_005970,True,
vcm_train_005972,True,
vcm_train_005974,True,
vcm_train_005976,True,
vcm_train_005978,True,
vcm_train_005980,True,
vcm_train_005982,True,
vcm_train_005984,False,qa_flagged
vcm_train_005986,True,
vcm_train_005988,True,
vcm_train_005990,True,
vcm_train_005992,True,
vcm_train_005994,True,
vcm_train_005996,True,
vcm_train_005998,True,
vcm_train_006000,True,
vcm_train_006002,True,
vcm_train_006004,True,
vcm_train_006006,True,
vcm_train_006008,True,
vcm_train_006010,True,
vcm_train_006012,True,
vcm_train_006014,True,
vcm_train_006016,True,
vcm_train_006018,True,
vcm_train_006020,True,
vcm_train_006022,True,
vcm_train_006024,True,
vcm_train_006026,True,
vcm_train_006028,True,
vcm_train_006030,False,qa_flagged
vcm_train_006032,True,
vcm_train_006034,True,
vcm_train_006036,True,
vcm_train_006038,True,
vcm_train_006040,True,
vcm_train_006042,True,
vcm_train_006044,True,
vcm_train_006046,True,
vcm_train_006048,True,
vcm_train_006050,True,
vcm_train_006052,True,
vcm_train_006054,True,
vcm_train_006056,True,
vcm_train_006058,True,
vcm_train_006060,False,qa_flagged
vcm_train_006062,True,
vcm_train_006064,True,
vcm_train_006066,True,
vcm_train_006068,True,
vcm_train_006070,True,
vcm_train_006072,True,
vcm_train_006074,True,
vcm_train_006076,True,
vcm_train_006078,True,
vcm_train_006080,True,
vcm_train_006082,True,
vcm_train_006084,True,
vcm_train_006086,True,
vcm_train_006088,True,
vcm_train_006090,True,
vcm_train_006092,True,
vcm_train_006094,False,qa_flagged
vcm_train_006096,True,
vcm_train_006098,True,
vcm_train_006100,True,
vcm_train_006102,False,qa_flagged
vcm_train_006104,True,
vcm_train_006106,True,
vcm_train_006108,True,
vcm_train_006110,True,
vcm_train_006112,False,qa_flagged
vcm_train_006114,True,
vcm_train_006116,True,
vcm_train_006118,True,
vcm_train_006120,True,
vcm_train_006122,True,
vcm_train_006124,True,
vcm_train_006126,True,
vcm_train_006128,True,
vcm_train_006130,True,
vcm_train_006132,False,qa_flagged
vcm_train_006134,True,
vcm_train_006136,True,
vcm_train_006138,True,
vcm_train_006140,True,
vcm_train_006142,True,
vcm_train_006144,True,
vcm_train_006146,False,qa_flagged
vcm_train_006148,False,qa_flagged
vcm_train_006150,True,
vcm_train_006152,True,
vcm_train_006154,True,
vcm_train_006156,True,
vcm_train_006158,True,
vcm_train_006160,True,
vcm_train_006162,True,
vcm_train_006164,True,
vcm_train_006166,True,
vcm_train_006168,True,
vcm_train_006170,True,
vcm_train_006172,False,qa_flagged
vcm_train_006174,True,
vcm_train_006176,True,
vcm_train_006178,True,
vcm_train_006180,True,
vcm_train_006182,True,
vcm_train_006184,True,
vcm_train_006186,False,qa_flagged
vcm_train_006188,True,
vcm_train_006190,False,qa_flagged
vcm_train_006192,True,
vcm_train_006194,True,
vcm_train_006196,True,
vcm_train_006198,True,
vcm_train_006200,True,
vcm_train_006202,True,
vcm_train_006204,True,
vcm_train_006206,True,
vcm_train_006208,True,
vcm_train_006210,True,
vcm_train_006212,True,
vcm_train_006214,True,
vcm_train_006216,True,
vcm_train_006218,True,
vcm_train_006220,True,
vcm_train_006222,True,
vcm_train_006224,True,
vcm_train_006226,True,
vcm_train_006228,True,
vcm_train_006230,True,
vcm_train_006232,True,
vcm_train_006234,True,
vcm_train_006236,True,
vcm_train_006238,True,
vcm_train_006240,True,
vcm_train_006242,True,
vcm_train_006244,True,
vcm_train_006246,True,
vcm_train_006248,True,
vcm_train_006250,True,
vcm_train_006252,True,
vcm_train_006254,True,
vcm_train_006256,True,
vcm_train_006258,True,
vcm_train_006260,True,
vcm_train_006262,True,
vcm_train_006264,True,
vcm_train_006266,True,
vcm_train_006268,False,qa_flagged
vcm_train_006270,True,
vcm_train_006272,True,
vcm_train_006274,True,
vcm_train_006276,True,
vcm_train_006278,False,qa_flagged
vcm_train_006280,True,
vcm_train_006282,True,
vcm_train_006284,True,
vcm_train_006286,True,
vcm_train_006288,True,
vcm_train_006290,True,
vcm_train_006292,True,
vcm_train_006294,True,
vcm_train_006296,False,qa_flagged
vcm_train_006298,True,
vcm_train_006300,True,
vcm_train_006302,True,
vcm_train_006304,True,
vcm_train_006306,True,
vcm_train_006308,True,
vcm_train_006310,True,
vcm_train_006312,True,
vcm_train_006314,True,
vcm_train_006316,False,qa_flagged
vcm_train_006318,True,
vcm_train_006320,True,
vcm_train_006322,True,
vcm_train_006324,True,
vcm_train_006326,True,
vcm_train_006328,True,
vcm_train_006330,True,
vcm_train_006332,True,
vcm_train_006334,True,
vcm_train_006336,False,qa_flagged
vcm_train_006338,True,
vcm_train_006340,True,
vcm_train_006342,True,
vcm_train_006344,True,
vcm_train_006346,True,
vcm_train_006348,True,
vcm_train_006350,True,
vcm_train_006352,False,qa_flagged
vcm_train_006354,True,
vcm_train_006356,True,
vcm_train_006358,True,
vcm_train_006360,False,qa_flagged
vcm_train_006362,True,
vcm_train_006364,False,qa_flagged
vcm_train_006366,True,
vcm_train_006368,True,
vcm_train_006370,True,
vcm_train_006372,True,
vcm_train_006374,True,
vcm_train_006376,True,
vcm_train_006378,True,
vcm_train_006380,True,
vcm_train_006382,True,
vcm_train_006384,True,
vcm_train_006386,True,
vcm_train_006388,True,
vcm_train_006390,True,
vcm_train_006392,True,
vcm_train_006394,True,
vcm_train_006396,True,
vcm_train_006398,True,
vcm_train_006400,True,
vcm_train_006402,True,
vcm_train_006404,True,
vcm_train_006406,True,
vcm_train_006408,True,
vcm_train_006410,True,
vcm_train_006412,True,
vcm_train_006414,True,
vcm_train_006416,True,
vcm_train_006418,True,
vcm_train_006420,True,
vcm_train_006422,True,
vcm_train_006424,True,
vcm_train_006426,True,
vcm_train_006428,True,
vcm_train_006430,True,
vcm_train_006432,False,qa_flagged
vcm_train_006434,True,
vcm_train_006436,True,
vcm_train_006438,False,qa_flagged
vcm_train_006440,True,
vcm_train_006442,False,qa_flagged
vcm_train_006444,False,qa_flagged
vcm_train_006446,False,qa_flagged
vcm_train_006448,True,
vcm_train_006450,True,
vcm_train_006452,True,
vcm_train_006454,True,
vcm_train_006456,True,
vcm_train_006458,True,
vcm_train_006460,True,
vcm_train_006462,True,
vcm_train_006464,True,
vcm_train_006466,True,
vcm_train_006468,True,
vcm_train_006470,False,qa_flagged
vcm_train_006472,True,
vcm_train_006474,True,
vcm_train_006476,True,
vcm_train_006478,True,
vcm_train_006480,True,
vcm_train_006482,True,
vcm_train_006484,True,
vcm_train_006486,True,
vcm_train_006488,True,
vcm_train_006490,True,
vcm_train_006492,True,
vcm_train_006494,True,
vcm_train_006496,True,
vcm_train_006498,True,
vcm_train_006500,True,
vcm_train_006502,True,
vcm_train_006504,True,
vcm_train_006506,False,qa_flagged
vcm_train_006508,False,qa_flagged
vcm_train_006510,True,
vcm_train_006512,True,
vcm_train_006514,True,
vcm_train_006516,True,
vcm_train_006518,True,
vcm_train_006520,True,
vcm_train_006522,True,
vcm_train_006524,True,
vcm_train_006526,True,
vcm_train_006528,True,
vcm_train_006530,True,
vcm_train_006532,True,
vcm_train_006534,True,
vcm_train_006536,True,
vcm_train_006538,True,
vcm_train_006540,True,
vcm_train_006542,False,qa_flagged
vcm_train_006544,False,qa_flagged
vcm_train_006546,True,
vcm_train_006548,True,
vcm_train_006550,True,
vcm_train_006552,True,
vcm_train_006554,True,
vcm_train_006556,True,
vcm_train_006558,True,
vcm_train_006560,True,
vcm_train_006562,True,
vcm_train_006564,True,
vcm_train_006566,True,
vcm_train_006568,True,
vcm_train_006570,True,
vcm_train_006572,True,
vcm_train_006574,True,
vcm_train_006576,True,
vcm_train_006578,True,
vcm_train_006580,False,qa_flagged
vcm_train_006582,True,
vcm_train_006584,True,
vcm_train_006586,True,
vcm_train_006588,True,
vcm_train_006590,True,
vcm_train_006592,True,
vcm_train_006594,True,
vcm_train_006596,True,
vcm_train_006598,True,
vcm_train_006600,True,
vcm_train_006602,True,
vcm_train_006604,True,
vcm_train_006606,False,qa_flagged
vcm_train_006608,True,
vcm_train_006610,True,
vcm_train_006612,True,
vcm_train_006614,True,
vcm_train_006616,True,
vcm_train_006618,True,
vcm_train_006620,True,
vcm_train_006622,True,
vcm_train_006624,True,
vcm_train_006626,True,
vcm_train_006628,True,
vcm_train_006630,True,
vcm_train_006632,True,
vcm_train_006634,True,
vcm_train_006636,True,
vcm_train_006638,True,
vcm_train_006640,True,
vcm_train_006642,True,
vcm_train_006644,True,
vcm_train_006646,True,
vcm_train_006648,True,
vcm_train_006650,True,
vcm_train_006652,True,
vcm_train_006654,True,
vcm_train_006656,True,
vcm_train_006658,True,
vcm_train_006660,True,
vcm_train_006662,False,qa_flagged
vcm_train_006664,True,
vcm_train_006666,False,qa_flagged
vcm_train_006668,True,
vcm_train_006670,False,qa_flagged
vcm_train_006672,True,
vcm_train_006674,True,
vcm_train_006676,False,qa_flagged
vcm_train_006678,True,
vcm_train_006680,True,
vcm_train_006682,True,
vcm_train_006684,True,
vcm_train_006686,True,
vcm_train_006688,True,
vcm_train_006690,True,
vcm_train_006692,True,
vcm_train_006694,True,
vcm_train_006696,True,
vcm_train_006698,True,
vcm_train_006700,True,
vcm_train_006702,False,qa_flagged
vcm_train_006704,True,
vcm_train_006706,True,
vcm_train_006708,False,qa_flagged
vcm_train_006710,True,
vcm_train_006712,False,qa_flagged
vcm_train_006714,True,
vcm_train_006716,True,
vcm_train_006718,True,
vcm_train_006720,True,
vcm_train_006722,True,
vcm_train_006724,True,
vcm_train_006726,True,
vcm_train_006728,True,
vcm_train_006730,False,qa_flagged
vcm_train_006732,True,
vcm_train_006734,True,
vcm_train_006736,True,
vcm_train_006738,True,
vcm_train_006740,True,
vcm_train_006742,True,
vcm_train_006744,False,qa_flagged
vcm_train_006746,True,
vcm_train_006748,True,
vcm_train_006750,True,
vcm_train_006752,True,
vcm_train_006754,True,
vcm_train_006756,False,qa_flagged
vcm_train_006758,True,
vcm_train_006760,True,
vcm_train_006762,True,
vcm_train_006764,True,
vcm_train_006766,True,
vcm_train_006768,True,
vcm_train_006770,True,
vcm_train_006772,True,
vcm_train_006774,False,qa_flagged
vcm_train_006776,True,
vcm_train_006778,False,qa_flagged
vcm_train_006780,True,
vcm_train_006782,True,
vcm_train_006784,True,
vcm_train_006786,True,
vcm_train_006788,False,qa_flagged
vcm_train_006790,True,
vcm_train_006792,True,
vcm_train_006794,True,
vcm_train_006796,True,
vcm_train_006798,True,
vcm_train_006800,False,qa_flagged
vcm_train_006802,True,
vcm_train_006804,True,
vcm_train_006806,True,
vcm_train_006808,False,qa_flagged
vcm_train_006810,True,
vcm_train_006812,True,
vcm_train_006814,True,
vcm_train_006816,True,
vcm_train_006818,True,
vcm_train_006820,True,
vcm_train_006822,True,
vcm_train_006824,True,
vcm_train_006826,True,
vcm_train_006828,True,
vcm_train_006830,True,
vcm_train_006832,True,
vcm_train_006834,True,
vcm_train_006836,True,
vcm_train_006838,True,
vcm_train_006840,True,
vcm_train_006842,True,
vcm_train_006844,True,
vcm_train_006846,True,
vcm_train_006848,True,
vcm_train_006850,True,
vcm_train_006852,True,
vcm_train_006854,True,
vcm_train_006856,True,
vcm_train_006858,True,
vcm_train_006860,True,
vcm_train_006862,True,
vcm_train_006864,True,
vcm_train_006866,True,
vcm_train_006868,True,
vcm_train_006870,True,
vcm_train_006872,True,
vcm_train_006874,True,
vcm_train_006876,True,
vcm_train_006878,True,
vcm_train_006880,True,
vcm_train_006882,True,
vcm_train_006884,True,
vcm_train_006886,True,
vcm_train_006888,True,
vcm_train_006890,True,
vcm_train_006892,True,
vcm_train_006894,True,
vcm_train_006896,True,
vcm_train_006898,True,
vcm_train_006900,True,
vcm_train_006902,True,
vcm_train_006904,True,
vcm_train_006906,True,
vcm_train_006908,True,
vcm_train_006910,True,
vcm_train_006912,True,
vcm_train_006914,True,
vcm_train_006916,True,
vcm_train_006918,True,
vcm_train_006920,False,qa_flagged
vcm_train_006922,True,
vcm_train_006924,True,
vcm_train_006926,True,
vcm_train_006928,True,
vcm_train_006930,True,
vcm_train_006932,True,
vcm_train_006934,True,
vcm_train_006936,True,
vcm_train_006938,True,
vcm_train_006940,True,
vcm_train_006942,True,
vcm_train_006944,True,
vcm_train_006946,True,
vcm_train_006948,False,qa_flagged
vcm_train_006950,True,
vcm_train_006952,True,
vcm_train_006954,True,
vcm_train_006956,True,
vcm_train_006958,True,
vcm_train_006960,False,qa_flagged
vcm_train_006962,True,
vcm_train_006964,True,
vcm_train_006966,True,
vcm_train_006968,True,
vcm_train_006970,True,
vcm_train_006972,True,
vcm_train_006974,True,
vcm_train_006976,True,
vcm_train_006978,True,
vcm_train_006980,True,
vcm_train_006982,True,
vcm_train_006984,True,
vcm_train_006986,True,
vcm_train_006988,True,
vcm_train_006990,True,
vcm_train_006992,True,
vcm_train_006994,True,
vcm_train_006996,True,
vcm_train_006998,True,
vcm_train_007000,True,
vcm_train_007002,True,
vcm_train_007004,True,
vcm_train_007006,False,qa_flagged
vcm_train_007008,True,
vcm_train_007010,True,
vcm_train_007012,True,
vcm_train_007014,True,
vcm_train_007016,True,
vcm_train_007018,True,
vcm_train_007020,True,
vcm_train_007022,True,
vcm_train_007024,True,
vcm_train_007026,True,
vcm_train_007028,True,
vcm_train_007030,True,
vcm_train_007032,True,
vcm_train_007034,True,
vcm_train_007036,True,
vcm_train_007038,True,
vcm_train_007040,True,
vcm_train_007042,False,qa_flagged
vcm_train_007044,True,
vcm_train_007046,True,
vcm_train_007048,True,
vcm_train_007050,True,
vcm_train_007052,True,
vcm_train_007054,True,
vcm_train_007056,True,
vcm_train_007058,True,
vcm_train_007060,True,
vcm_train_007062,True,
vcm_train_007064,True,
vcm_train_007066,True,
vcm_train_007068,True,
vcm_train_007070,True,
vcm_train_007072,True,
vcm_train_007074,True,
vcm_train_007076,True,
vcm_train_007078,True,
vcm_train_007080,True,
vcm_train_007082,True,
vcm_train_007084,True,
vcm_train_007086,True,
vcm_train_007088,True,
vcm_train_007090,True,
vcm_train_007092,True,
vcm_train_007094,True,
vcm_train_007096,True,
vcm_train_007098,True,
vcm_train_007100,True,
vcm_train_007102,True,
vcm_train_007104,True,
vcm_train_007106,True,
vcm_train_007108,True,
vcm_train_007110,True,
vcm_train_007112,True,
vcm_train_007114,False,qa_flagged
vcm_train_007116,True,
vcm_train_007118,True,
vcm_train_007120,True,
vcm_train_007122,True,
vcm_train_007124,True,
vcm_train_007126,True,
vcm_train_007128,False,qa_flagged
vcm_train_007130,True,
vcm_train_007132,True,
vcm_train_007134,True,
vcm_train_007136,True,
vcm_train_007138,True,
vcm_train_007140,True,
vcm_train_007142,True,
vcm_train_007144,True,
vcm_train_007146,True,
vcm_train_007148,False,qa_flagged
vcm_train_007150,True,
vcm_train_007152,True,
vcm_train_007154,True,
vcm_train_007156,True,
vcm_train_007158,True,
vcm_train_007160,True,
vcm_train_007162,True,
vcm_train_007164,True,
vcm_train_007166,True,
vcm_train_007168,True,
vcm_train_007170,True,
vcm_train_007172,True,
vcm_train_007174,True,
vcm_train_007176,True,
vcm_train_007178,True,
vcm_train_007180,True,
vcm_train_007182,True,
vcm_train_007184,True,
vcm_train_007186,False,qa_flagged
vcm_train_007188,True,
vcm_train_007190,True,
vcm_train_007192,True,
vcm_train_007194,True,
vcm_train_007196,True,
vcm_train_007198,True,
vcm_train_007200,False,qa_flagged
vcm_train_007202,True,
vcm_train_007204,True,
vcm_train_007206,True,
vcm_train_007208,True,
vcm_train_007210,True,
vcm_train_007212,True,
vcm_train_007214,False,qa_flagged
vcm_train_007216,True,
vcm_train_007218,True,
vcm_train_007220,True,
vcm_train_007222,True,
vcm_train_007224,True,
vcm_train_007226,True,
vcm_train_007228,True,
vcm_train_007230,True,
vcm_train_007232,True,
vcm_train_007234,True,
vcm_train_007236,True,
vcm_train_007238,True,
vcm_train_007240,False,qa_flagged
vcm_train_007242,True,
vcm_train_007244,True,
vcm_train_007246,True,
vcm_train_007248,True,
vcm_train_007250,True,
vcm_train_007252,False,qa_flagged
vcm_train_007254,True,
vcm_train_007256,True,
vcm_train_007258,True,
vcm_train_007260,True,
vcm_train_007262,True,
vcm_train_007264,True,
vcm_train_007266,True,
vcm_train_007268,True,
vcm_train_007270,True,
vcm_train_007272,True,
vcm_train_007274,True,
vcm_train_007276,True,
vcm_train_007278,True,
vcm_train_007280,False,qa_flagged
vcm_train_007282,True,
vcm_train_007284,False,qa_flagged
vcm_train_007286,False,qa_flagged
vcm_train_007288,True,
vcm_train_007290,True,
vcm_train_007292,True,
vcm_train_007294,True,
vcm_train_007296,False,qa_flagged
vcm_train_007298,True,
vcm_train_007300,True,
vcm_train_007302,True,
vcm_train_007304,True,
vcm_train_007306,True,
vcm_train_007308,True,
vcm_train_007310,True,
vcm_train_007312,True,
vcm_train_007314,True,
vcm_train_007316,True,
vcm_train_007318,False,qa_flagged
vcm_train_007320,True,
vcm_train_007322,True,
vcm_train_007324,True,
vcm_train_007326,True,
vcm_train_007328,True,
vcm_train_007330,True,
vcm_train_007332,True,
vcm_train_007334,True,
vcm_train_007336,True,
vcm_train_007338,True,
vcm_train_007340,True,
vcm_train_007342,True,
vcm_train_007344,True,
vcm_train_007346,True,
vcm_train_007348,True,
vcm_train_007350,True,
vcm_train_007352,True,
vcm_train_007354,False,qa_flagged
vcm_train_007356,True,
vcm_train_007358,True,
vcm_train_007360,True,
vcm_train_007362,True,
vcm_train_007364,True,
vcm_train_007366,False,qa_flagged
vcm_train_007368,True,
vcm_train_007370,True,
vcm_train_007372,True,
vcm_train_007374,True,
vcm_train_007376,True,
vcm_train_007378,True,
vcm_train_007380,True,
vcm_train_007382,True,
vcm_train_007384,True,
vcm_train_007386,True,
vcm_train_007388,False,qa_flagged
vcm_train_007390,True,
vcm_train_007392,True,
vcm_train_007394,True,
vcm_train_007396,True,
vcm_train_007398,False,qa_flagged
vcm_train_007400,True,
vcm_train_007402,True,
vcm_train_007404,False,qa_flagged
vcm_train_007406,True,
vcm_train_007408,True,
vcm_train_007410,True,
vcm_train_007412,True,
vcm_train_007414,True,
vcm_train_007416,True,
vcm_train_007418,True,
vcm_train_007420,True,
vcm_train_007422,False,qa_flagged
vcm_train_007424,True,
vcm_train_007426,True,
vcm_train_007428,True,
vcm_train_007430,True,
vcm_train_007432,True,
vcm_train_007434,True,
vcm_train_007436,False,qa_flagged
vcm_train_007438,True,
vcm_train_007440,True,
vcm_train_007442,True,
vcm_train_007444,True,
vcm_train_007446,True,
vcm_train_007448,True,
vcm_train_007450,True,
vcm_train_007452,True,
vcm_train_007454,True,
vcm_train_007456,True,
vcm_train_007458,True,
vcm_train_007460,True,
vcm_train_007462,True,
vcm_train_007464,True,
vcm_train_007466,True,
vcm_train_007468,True,
vcm_train_007470,True,
vcm_train_007472,True,
vcm_train_007474,True,
vcm_train_007476,True,
vcm_train_007478,True,
vcm_train_007480,True,
vcm_train_007482,True,
vcm_train_007484,True,
vcm_train_007486,True,
vcm_train_007488,True,
vcm_train_007490,True,
vcm_train_007492,True,
vcm_train_007494,True,
vcm_train_007496,True,
vcm_train_007498,True,
vcm_train_007500,True,
vcm_train_007502,True,
vcm_train_007504,True,
vcm_train_007506,True,
vcm_train_007508,True,
vcm_train_007510,True,
vcm_train_007512,True,
vcm_train_007514,True,
vcm_train_007516,True,
vcm_train_007518,True,
vcm_train_007520,True,
vcm_train_007522,True,
vcm_train_007524,True,
vcm_train_007526,False,qa_flagged
vcm_train_007528,True,
vcm_train_007530,True,
vcm_train_007532,True,
vcm_train_007534,True,
vcm_train_007536,True,
vcm_train_007538,False,qa_flagged
vcm_train_007540,True,
vcm_train_007542,True,
vcm_train_007544,True,
vcm_train_007546,True,
vcm_train_007548,True,
vcm_train_007550,True,
vcm_train_007552,True,
vcm_train_007554,True,
vcm_train_007556,True,
vcm_train_007558,True,
vcm_train_007560,True,
vcm_train_007562,True,
vcm_train_007564,True,
vcm_train_007566,True,
vcm_train_007568,True,
vcm_train_007570,False,qa_flagged
vcm_train_007572,False,qa_flagged
vcm_train_007574,True,
vcm_train_007576,True,
vcm_train_007578,True,
vcm_train_007580,True,
vcm_train_007582,True,
vcm_train_007584,True,
vcm_train_007586,False,qa_flagged
vcm_train_007588,True,
vcm_train_007590,True,
vcm_train_007592,True,
vcm_train_007594,True,
vcm_train_007596,True,
vcm_train_007598,True,
vcm_train_007600,True,
vcm_train_007602,True,
vcm_train_007604,True,
vcm_train_007606,True,
vcm_train_007608,True,
vcm_train_007610,False,qa_flagged
vcm_train_007612,True,
vcm_train_007614,True,
vcm_train_007616,True,
vcm_train_007618,False,qa_flagged
vcm_train_007620,True,
vcm_train_007622,True,
vcm_train_007624,False,qa_flagged
vcm_train_007626,False,qa_flagged
vcm_train_007628,False,qa_flagged
vcm_train_007630,True,
vcm_train_007632,True,
vcm_train_007634,True,
vcm_train_007636,True,
vcm_train_007638,False,qa_flagged
vcm_train_007640,True,
vcm_train_007642,True,
vcm_train_007644,True,
vcm_train_007646,True,
vcm_train_007648,True,
vcm_train_007650,True,
vcm_train_007652,True,
vcm_train_007654,True,
vcm_train_007656,True,
vcm_train_007658,True,
vcm_train_007660,True,
vcm_train_007662,True,
vcm_train_007664,True,
vcm_train_007666,True,
vcm_train_007668,True,
vcm_train_007670,True,
vcm_train_007672,True,
vcm_train_007674,False,qa_flagged
vcm_train_007676,True,
vcm_train_007678,True,
vcm_train_007680,True,
vcm_train_007682,True,
vcm_train_007684,True,
vcm_train_007686,True,
vcm_train_007688,True,
vcm_train_007690,True,
vcm_train_007692,False,qa_flagged
vcm_train_007694,True,
vcm_train_007696,True,
vcm_train_007698,False,qa_flagged
vcm_train_007700,True,
vcm_train_007702,False,qa_flagged
vcm_train_007704,True,
vcm_train_007706,False,qa_flagged
vcm_train_007708,True,
vcm_train_007710,False,qa_flagged
vcm_train_007712,True,
vcm_train_007714,True,
vcm_train_007716,True,
vcm_train_007718,False,qa_flagged
vcm_train_007720,True,
vcm_train_007722,True,
vcm_train_007724,True,
vcm_train_007726,True,
vcm_train_007728,True,
vcm_train_007730,True,
vcm_train_007732,True,
vcm_train_007734,True,
vcm_train_007736,True,
vcm_train_007738,True,
vcm_train_007740,True,
vcm_train_007742,True,
vcm_train_007744,True,
vcm_train_007746,True,
vcm_train_007748,True,
vcm_train_007750,True,
vcm_train_007752,True,
vcm_train_007754,True,
vcm_train_007756,True,
vcm_train_007758,True,
vcm_train_007760,True,
vcm_train_007762,True,
vcm_train_007764,True,
vcm_train_007766,True,
vcm_train_007768,True,
vcm_train_007770,True,
vcm_train_007772,True,
vcm_train_007774,True,
vcm_train_007776,False,qa_flagged
vcm_train_007778,True,
vcm_train_007780,True,
vcm_train_007782,True,
vcm_train_007784,True,
vcm_train_007786,True,
vcm_train_007788,True,
vcm_train_007790,True,
vcm_train_007792,False,qa_flagged
vcm_train_007794,True,
vcm_train_007796,True,
vcm_train_007798,True,
vcm_train_007800,True,
vcm_train_007802,True,
vcm_train_007804,True,
vcm_train_007806,True,
vcm_train_007808,True,
vcm_train_007810,True,
vcm_train_007812,True,
vcm_train_007814,True,
vcm_train_007816,True,
vcm_train_007818,True,
vcm_train_007820,True,
vcm_train_007822,True,
vcm_train_007824,True,
vcm_train_007826,False,qa_flagged
vcm_train_007828,True,
vcm_train_007830,True,
vcm_train_007832,True,
vcm_train_007834,True,
vcm_train_007836,True,
vcm_train_007838,True,
vcm_train_007840,False,qa_flagged
vcm_train_007842,True,
vcm_train_007844,True,
vcm_train_007846,True,
vcm_train_007848,True,
vcm_train_007850,True,
vcm_train_007852,True,
vcm_train_007854,True,
vcm_train_007856,True,
vcm_train_007858,True,
vcm_train_007860,True,
vcm_train_007862,True,
vcm_train_007864,True,
vcm_train_007866,True,
vcm_train_007868,False,qa_flagged
vcm_train_007870,True,
vcm_train_007872,True,
vcm_train_007874,False,qa_flagged
vcm_train_007876,True,
vcm_train_007878,True,
vcm_train_007880,True,
vcm_train_007882,True,
vcm_train_007884,True,
vcm_train_007886,True,
vcm_train_007888,True,
vcm_train_007890,True,
vcm_train_007892,True,
vcm_train_007894,True,
vcm_train_007896,True,
vcm_train_007898,True,
vcm_train_007900,True,
vcm_train_007902,True,
vcm_train_007904,True,
vcm_train_007906,False,qa_flagged
vcm_train_007908,True,
vcm_train_007910,True,
vcm_train_007912,True,
vcm_train_007914,True,
vcm_train_007916,True,
vcm_train_007918,True,
vcm_train_007920,True,
vcm_train_007922,True,
vcm_train_007924,True,
vcm_train_007926,True,
vcm_train_007928,True,
vcm_train_007930,True,
vcm_train_007932,False,qa_flagged
vcm_train_007934,True,
vcm_train_007936,True,
vcm_train_007938,True,
vcm_train_007940,True,
vcm_train_007942,True,
vcm_train_007944,True,
vcm_train_007946,True,
vcm_train_007948,True,
vcm_train_007950,True,
vcm_train_007952,False,qa_flagged
vcm_train_007954,True,
vcm_train_007956,True,
vcm_train_007958,True,
vcm_train_007960,True,
vcm_train_007962,True,
vcm_train_007964,True,
vcm_train_007966,True,
vcm_train_007968,False,qa_flagged
vcm_train_007970,True,
vcm_train_007972,True,
vcm_train_007974,True,
vcm_train_007976,True,
vcm_train_007978,True,
vcm_train_007980,False,qa_flagged
vcm_train_007982,True,
vcm_train_007984,False,qa_flagged
vcm_train_007986,True,
vcm_train_007988,True,
vcm_train_007990,True,
vcm_train_007992,True,
vcm_train_007994,True,
vcm_train_007996,True,
vcm_train_007998,True,
vcm_train_008000,True,
vcm_train_008002,True,
vcm_train_008004,True,
vcm_train_008006,True,
vcm_train_008008,True,
vcm_train_008010,True,
vcm_train_008012,True,
vcm_train_008014,True,
vcm_train_008016,True,
vcm_train_008018,True,
vcm_train_008020,True,
vcm_train_008022,True,
vcm_train_008024,True,
vcm_train_008026,True,
vcm_train_008028,False,qa_flagged
vcm_train_008030,False,qa_flagged
vcm_train_008032,False,qa_flagged
vcm_train_008034,True,
vcm_train_008036,True,
vcm_train_008038,True,
vcm_train_008040,True,
vcm_train_008042,True,
vcm_train_008044,True,
vcm_train_008046,False,qa_flagged
vcm_train_008048,True,
vcm_train_008050,False,qa_flagged
vcm_train_008052,True,
vcm_train_008054,True,
vcm_train_008056,True,
vcm_train_008058,True,
vcm_train_008060,True,
vcm_train_008062,False,qa_flagged
vcm_train_008064,True,
vcm_train_008066,True,
vcm_train_008068,True,
vcm_train_008070,True,
vcm_train_008072,False,qa_flagged
vcm_train_008074,True,
vcm_train_008076,True,
vcm_train_008078,True,
vcm_train_008080,True,
vcm_train_008082,True,
vcm_train_008084,False,qa_flagged
vcm_train_008086,True,
vcm_train_008088,True,
vcm_train_008090,False,qa_flagged
vcm_train_008092,True,
vcm_train_008094,True,
vcm_train_008096,True,
vcm_train_008098,True,
vcm_train_008100,True,
vcm_train_008102,True,
vcm_train_008104,False,qa_flagged
vcm_train_008106,True,
vcm_train_008108,True,
vcm_train_008110,True,
vcm_train_008112,True,
vcm_train_008114,True,
vcm_train_008116,True,
vcm_train_008118,True,
vcm_train_008120,False,qa_flagged
vcm_train_008122,True,
vcm_train_008124,True,
vcm_train_008126,True,
vcm_train_008128,True,
vcm_train_008130,False,qa_flagged
vcm_train_008132,True,
vcm_train_008134,True,
vcm_train_008136,True,
vcm_train_008138,True,
vcm_train_008140,True,
vcm_train_008142,True,
vcm_train_008144,True,
vcm_train_008146,True,
vcm_train_008148,True,
vcm_train_008150,True,
vcm_train_008152,False,qa_flagged
vcm_train_008154,True,
vcm_train_008156,True,
vcm_train_008158,True,
vcm_train_008160,True,
vcm_train_008162,True,
vcm_train_008164,False,qa_flagged
vcm_train_008166,True,
vcm_train_008168,True,
vcm_train_008170,True,
vcm_train_008172,True,
vcm_train_008174,True,
vcm_train_008176,True,
vcm_train_008178,True,
vcm_train_008180,True,
vcm_train_008182,True,
vcm_train_008184,True,
vcm_train_008186,True,
vcm_train_008188,True,
vcm_train_008190,True,
vcm_train_008192,True,
vcm_train_008194,False,qa_flagged
vcm_train_008196,True,
vcm_train_008198,False,qa_flagged
vcm_train_008200,True,
vcm_train_008202,True,
vcm_train_008204,True,
vcm_train_008206,True,
vcm_train_008208,True,
vcm_train_008210,True,
vcm_train_008212,True,
vcm_train_008214,True,
vcm_train_008216,True,
vcm_train_008218,True,
vcm_train_008220,True,
vcm_train_008222,True,
vcm_train_008224,True,
vcm_train_008226,True,
vcm_train_008228,True,
vcm_train_008230,False,qa_flagged
vcm_train_008232,True,
vcm_train_008234,True,
vcm_train_008236,True,
vcm_train_008238,True,
vcm_train_008240,True,
vcm_train_008242,True,
vcm_train_008244,True,
vcm_train_008246,True,
vcm_train_008248,True,
vcm_train_008250,True,
vcm_train_008252,True,
vcm_train_008254,True,
vcm_train_008256,True,
vcm_train_008258,True,
vcm_train_008260,True,
vcm_train_008262,True,
vcm_train_008264,True,
vcm_train_008266,False,qa_flagged
vcm_train_008268,True,
vcm_train_008270,True,
vcm_train_008272,True,
vcm_train_008274,True,
vcm_train_008276,True,
vcm_train_008278,False,qa_flagged
vcm_train_008280,True,
vcm_train_008282,True,
vcm_train_008284,True,
vcm_train_008286,True,
vcm_train_008288,True,
vcm_train_008290,True,
vcm_train_008292,True,
vcm_train_008294,True,
vcm_train_008296,True,
vcm_train_008298,True,
vcm_train_008300,True,
vcm_train_008302,True,
vcm_train_008304,True,
vcm_train_008306,True,
vcm_train_008308,True,
vcm_train_008310,True,
vcm_train_008312,True,
vcm_train_008314,True,
vcm_train_008316,True,
vcm_train_008318,True,
vcm_train_008320,True,
vcm_train_008322,False,qa_flagged
vcm_train_008324,True,
vcm_train_008326,True,
vcm_train_008328,True,
vcm_train_008330,True,
vcm_train_008332,True,
vcm_train_008334,True,
vcm_train_008336,True,
vcm_train_008338,True,
vcm_train_008340,False,qa_flagged
vcm_train_008342,False,qa_flagged
vcm_train_008344,True,
vcm_train_008346,True,
vcm_train_008348,True,
vcm_train_008350,True,
vcm_train_008352,True,
vcm_train_008354,True,
vcm_train_008356,True,
vcm_train_008358,True,
vcm_train_008360,True,
vcm_train_008362,True,
vcm_train_008364,True,
vcm_train_008366,True,
vcm_train_008368,True,
vcm_train_008370,True,
vcm_train_008372,True,
vcm_train_008374,True,
vcm_train_008376,True,
vcm_train_008378,True,
vcm_train_008380,True,
vcm_train_008382,True,
vcm_train_008384,False,qa_flagged
vcm_train_008386,True,
vcm_train_008388,True,
vcm_train_008390,True,
vcm_train_008392,True,
vcm_train_008394,True,
vcm_train_008396,True,
vcm_train_008398,True,
vcm_train_008400,True,
vcm_train_008402,True,
vcm_train_008404,True,
vcm_train_008406,True,
vcm_train_008408,True,
vcm_train_008410,True,
vcm_train_008412,True,
vcm_train_008414,True,
vcm_train_008416,True,
vcm_train_008418,True,
vcm_train_008420,True,
vcm_train_008422,True,
vcm_train_008424,True,
vcm_train_008426,True,
vcm_train_008428,True,
vcm_train_008430,True,
vcm_train_008432,True,
vcm_train_008434,True,
vcm_train_008436,True,
vcm_train_008438,False,qa_flagged
vcm_train_008440,True,
vcm_train_008442,True,
vcm_train_008444,False,qa_flagged
vcm_train_008446,True,
vcm_train_008448,True,
vcm_train_008450,True,
vcm_train_008452,False,qa_flagged
vcm_train_008454,True,
vcm_train_008456,True,
vcm_train_008458,True,
vcm_train_008460,True,
vcm_train_008462,True,
vcm_train_008464,True,
vcm_train_008466,True,
vcm_train_008468,True,
vcm_train_008470,True,
vcm_train_008472,True,
vcm_train_008474,True,
vcm_train_008476,True,
vcm_train_008478,True,
vcm_train_008480,True,
vcm_train_008482,True,
vcm_train_008484,False,qa_flagged
vcm_train_008486,True,
vcm_train_008488,True,
vcm_train_008490,True,
vcm_train_008492,False,qa_flagged
vcm_train_008494,True,
vcm_train_008496,True,
vcm_train_008498,True,
vcm_train_008500,True,
vcm_train_008502,True,
vcm_train_008504,True,
vcm_train_008506,True,
vcm_train_008508,True,
vcm_train_008510,True,
vcm_train_008512,True,
vcm_train_008514,True,
vcm_train_008516,True,
vcm_train_008518,True,
vcm_train_008520,True,
vcm_train_008522,True,
vcm_train_008524,False,qa_flagged
vcm_train_008526,True,
vcm_train_008528,True,
vcm_train_008530,True,
vcm_train_008532,True,
vcm_train_008534,True,
vcm_train_008536,True,
vcm_train_008538,True,
vcm_train_008540,True,
vcm_train_008542,True,
vcm_train_008544,True,
vcm_train_008546,False,qa_flagged
vcm_train_008548,True,
vcm_train_008550,True,
vcm_train_008552,True,
vcm_train_008554,True,
vcm_train_008556,True,
vcm_train_008558,False,qa_flagged
vcm_train_008560,True,
vcm_train_008562,True,
vcm_train_008564,True,
vcm_train_008566,True,
vcm_train_008568,True,
vcm_train_008570,True,
vcm_train_008572,True,
vcm_train_008574,True,
vcm_train_008576,True,
vcm_train_008578,True,
vcm_train_008580,True,
vcm_train_008582,True,
vcm_train_008584,True,
vcm_train_008586,False,qa_flagged
vcm_train_008588,False,qa_flagged
vcm_train_008590,True,
vcm_train_008592,True,
vcm_train_008594,True,
vcm_train_008596,False,qa_flagged
vcm_train_008598,True,
vcm_train_008600,True,
vcm_train_008602,True,
vcm_train_008604,True,
vcm_train_008606,True,
vcm_train_008608,True,
vcm_train_008610,True,
vcm_train_008612,True,
vcm_train_008614,True,
vcm_train_008616,True,
vcm_train_008618,True,
vcm_train_008620,True,
vcm_train_008622,True,
vcm_train_008624,True,
vcm_train_008626,True,
vcm_train_008628,False,qa_flagged
vcm_train_008630,True,
vcm_train_008632,True,
vcm_train_008634,True,
vcm_train_008636,True,
vcm_train_008638,True,
vcm_train_008640,True,
vcm_train_008642,False,qa_flagged
vcm_train_008644,True,
vcm_train_008646,False,qa_flagged
vcm_train_008648,True,
vcm_train_008650,True,
vcm_train_008652,False,qa_flagged
vcm_train_008654,True,
vcm_train_008656,True,
vcm_train_008658,True,
vcm_train_008660,True,
vcm_train_008662,False,qa_flagged
vcm_train_008664,True,
vcm_train_008666,True,
vcm_train_008668,True,
vcm_train_008670,True,
vcm_train_008672,True,
vcm_train_008674,True,
vcm_train_008676,True,
vcm_train_008678,True,
vcm_train_008680,True,
vcm_train_008682,True,
vcm_train_008684,True,
vcm_train_008686,True,
vcm_train_008688,False,qa_flagged
vcm_train_008690,True,
vcm_train_008692,True,
vcm_train_008694,True,
vcm_train_008696,True,
vcm_train_008698,True,
vcm_train_008700,True,
vcm_train_008702,True,
vcm_train_008704,True,
vcm_train_008706,False,qa_flagged
vcm_train_008708,True,
vcm_train_008710,True,
vcm_train_008712,True,
vcm_train_008714,True,
vcm_train_008716,False,qa_flagged
vcm_train_008718,True,
vcm_train_008720,True,
vcm_train_008722,True,
vcm_train_008724,True,
vcm_train_008726,True,
vcm_train_008728,True,
vcm_train_008730,True,
vcm_train_008732,True,
vcm_train_008734,True,
vcm_train_008736,True,
vcm_train_008738,True,
vcm_train_008740,True,
vcm_train_008742,True,
vcm_train_008744,True,
vcm_train_008746,False,qa_flagged
vcm_train_008748,True,
vcm_train_008750,True,
vcm_train_008752,False,qa_flagged
vcm_train_008754,True,
vcm_train_008756,True,
vcm_train_008758,True,
vcm_train_008760,False,qa_flagged
vcm_train_008762,True,
vcm_train_008764,True,
vcm_train_008766,True,
vcm_train_008768,True,
vcm_train_008770,True,
vcm_train_008772,True,
vcm_train_008774,True,
vcm_train_008776,True,
vcm_train_008778,True,
vcm_train_008780,True,
vcm_train_008782,True,
vcm_train_008784,True,
vcm_train_008786,True,
vcm_train_008788,True,
vcm_train_008790,True,
vcm_train_008792,True,
vcm_train_008794,True,
vcm_train_008796,True,
vcm_train_008798,True,
vcm_train_008800,True,
vcm_train_008802,True,
vcm_train_008804,True,
vcm_train_008806,True,
vcm_train_008808,True,
vcm_train_008810,True,
vcm_train_008812,True,
vcm_train_008814,True,
vcm_train_008816,True,
vcm_train_008818,True,
vcm_train_008820,True,
vcm_train_008822,True,
vcm_train_008824,False,qa_flagged
vcm_train_008826,True,
vcm_train_008828,True,
vcm_train_008830,True,
vcm_train_008832,True,
vcm_train_008834,True,
vcm_train_008836,True,
vcm_train_008838,False,qa_flagged
vcm_train_008840,False,qa_flagged
vcm_train_008842,True,
vcm_train_008844,True,
vcm_train_008846,True,
vcm_train_008848,True,
vcm_train_008850,True,
vcm_train_008852,True,
vcm_train_008854,True,
vcm_train_008856,True,
vcm_train_008858,True,
vcm_train_008860,True,
vcm_train_008862,True,
vcm_train_008864,True,
vcm_train_008866,True,
vcm_train_008868,True,
vcm_train_008870,True,
vcm_train_008872,True,
vcm_train_008874,True,
vcm_train_008876,True,
vcm_train_008878,True,
vcm_train_008880,True,
vcm_train_008882,True,
vcm_train_008884,True,
vcm_train_008886,True,
vcm_train_008888,True,
vcm_train_008890,True,
vcm_train_008892,True,
vcm_train_008894,True,
vcm_train_008896,True,
vcm_train_008898,True,
vcm_train_008900,False,qa_flagged
vcm_train_008902,True,
vcm_train_008904,False,qa_flagged
vcm_train_008906,True,
vcm_train_008908,True,
vcm_train_008910,True,
vcm_train_008912,True,
vcm_train_008914,True,
vcm_train_008916,True,
vcm_train_008918,True,
vcm_train_008920,True,
vcm_train_008922,True,
vcm_train_008924,True,
vcm_train_008926,True,
vcm_train_008928,True,
vcm_train_008930,True,
vcm_train_008932,True,
vcm_train_008934,True,
vcm_train_008936,True,
vcm_train_008938,True,
vcm_train_008940,True,
vcm_train_008942,True,
vcm_train_008944,True,
vcm_train_008946,True,
vcm_train_008948,True,
vcm_train_008950,True,
vcm_train_008952,True,
vcm_train_008954,True,
vcm_train_008956,True,
vcm_train_008958,True,
vcm_train_008960,True,
vcm_train_008962,True,
vcm_train_008964,True,
vcm_train_008966,True,
vcm_train_008968,False,qa_flagged
vcm_train_008970,True,
vcm_train_008972,True,
vcm_train_008974,False,qa_flagged
vcm_train_008976,True,
vcm_train_008978,True,
vcm_train_008980,True,
vcm_train_008982,True,
vcm_train_008984,True,
vcm_train_008986,True,
vcm_train_008988,False,qa_flagged
vcm_train_008990,True,
vcm_train_008992,True,
vcm_train_008994,True,
vcm_train_008996,False,qa_flagged
vcm_train_008998,False,qa_flagged
vcm_train_009000,True,
vcm_train_009002,True,
vcm_train_009004,True,
vcm_train_009006,True,
vcm_train_009008,True,
vcm_train_009010,True,
vcm_train_009012,True,
vcm_train_009014,True,
vcm_train_009016,True,
vcm_train_009018,True,
vcm_train_009020,False,qa_flagged
vcm_train_009022,True,
vcm_train_009024,True,
vcm_train_009026,True,
vcm_train_009028,True,
vcm_train_009030,True,
vcm_train_009032,True,
vcm_train_009034,True,
vcm_train_009036,True,
vcm_train_009038,False,qa_flagged
vcm_train_009040,True,
vcm_train_009042,True,
vcm_train_009044,True,
vcm_train_009046,True,
vcm_train_009048,True,
vcm_train_009050,True,
vcm_train_009052,True,
vcm_train_009054,True,
vcm_train_009056,False,qa_flagged
vcm_train_009058,False,qa_flagged
vcm_train_009060,True,
vcm_train_009062,True,
vcm_train_009064,True,
vcm_train_009066,True,
vcm_train_009068,True,
vcm_train_009070,True,
vcm_train_009072,True,
vcm_train_009074,True,
vcm_train_009076,True,
vcm_train_009078,True,
vcm_train_009080,True,
vcm_train_009082,True,
vcm_train_009084,True,
vcm_train_009086,True,
vcm_train_009088,True,
vcm_train_009090,True,
vcm_train_009092,True,
vcm_train_009094,True,
vcm_train_009096,True,
vcm_train_009098,True,
vcm_train_009100,True,
vcm_train_009102,True,
vcm_train_009104,True,
vcm_train_009106,True,
vcm_train_009108,True,
vcm_train_009110,True,
vcm_train_009112,True,
vcm_train_009114,True,
vcm_train_009116,True,
vcm_train_009118,True,
vcm_train_009120,True,
vcm_train_009122,True,
vcm_train_009124,False,qa_flagged
vcm_train_009126,True,
vcm_train_009128,True,
vcm_train_009130,True,
vcm_train_009132,True,
vcm_train_009134,True,
vcm_train_009136,True,
vcm_train_009138,True,
vcm_train_009140,True,
vcm_train_009142,True,
vcm_train_009144,True,
vcm_train_009146,False,qa_flagged
vcm_train_009148,True,
vcm_train_009150,True,
vcm_train_009152,True,
vcm_train_009154,True,
vcm_train_009156,True,
vcm_train_009158,True,
vcm_train_009160,True,
vcm_train_009162,True,
vcm_train_009164,True,
vcm_train_009166,True,
vcm_train_009168,True,
vcm_train_009170,True,
vcm_train_009172,True,
vcm_train_009174,True,
vcm_train_009176,True,
vcm_train_009178,True,
vcm_train_009180,True,
vcm_train_009182,True,
vcm_train_009184,True,
vcm_train_009186,True,
vcm_train_009188,True,
vcm_train_009190,True,
vcm_train_009192,True,
vcm_train_009194,True,
vcm_train_009196,True,
vcm_train_009198,True,
vcm_train_009200,True,
vcm_train_009202,True,
vcm_train_009204,False,qa_flagged
vcm_train_009206,True,
vcm_train_009208,True,
vcm_train_009210,True,
vcm_train_009212,True,
vcm_train_009214,True,
vcm_train_009216,True,
vcm_train_009218,True,
vcm_train_009220,False,qa_flagged
vcm_train_009222,False,qa_flagged
vcm_train_009224,True,
vcm_train_009226,False,qa_flagged
vcm_train_009228,True,
vcm_train_009230,True,
vcm_train_009232,True,
vcm_train_009234,True,
vcm_train_009236,True,
vcm_train_009238,True,
vcm_train_009240,True,
vcm_train_009242,True,
vcm_train_009244,True,
vcm_train_009246,True,
vcm_train_009248,True,
vcm_train_009250,True,
vcm_train_009252,True,
vcm_train_009254,True,
vcm_train_009256,True,
vcm_train_009258,True,
vcm_train_009260,False,qa_flagged
vcm_train_009262,True,
vcm_train_009264,True,
vcm_train_009266,True,
vcm_train_009268,True,
vcm_train_009270,True,
vcm_train_009272,True,
vcm_train_009274,True,
vcm_train_009276,True,
vcm_train_009278,True,
vcm_train_009280,True,
vcm_train_009282,True,
vcm_train_009284,True,
vcm_train_009286,True,
vcm_train_009288,True,
vcm_train_009290,True,
vcm_train_009292,True,
vcm_train_009294,False,qa_flagged
vcm_train_009296,True,
vcm_train_009298,True,
vcm_train_009300,True,
vcm_train_009302,True,
vcm_train_009304,True,
vcm_train_009306,True,
vcm_train_009308,True,
vcm_train_009310,True,
vcm_train_009312,True,
vcm_train_009314,True,
vcm_train_009316,False,qa_flagged
vcm_train_009318,True,
vcm_train_009320,True,
vcm_train_009322,True,
vcm_train_009324,True,
vcm_train_009326,True,
vcm_train_009328,True,
vcm_train_009330,True,
vcm_train_009332,True,
vcm_train_009334,False,qa_flagged
vcm_train_009336,False,qa_flagged
vcm_train_009338,True,
vcm_train_009340,True,
vcm_train_009342,True,
vcm_train_009344,True,
vcm_train_009346,True,
vcm_train_009348,True,
vcm_train_009350,True,
vcm_train_009352,True,
vcm_train_009354,True,
vcm_train_009356,True,
vcm_train_009358,True,
vcm_train_009360,True,
vcm_train_009362,True,
vcm_train_009364,True,
vcm_train_009366,True,
vcm_train_009368,True,
vcm_train_009370,True,
vcm_train_009372,True,
vcm_train_009374,True,
vcm_train_009376,False,qa_flagged
vcm_train_009378,False,qa_flagged
vcm_train_009380,True,
vcm_train_009382,True,
vcm_train_009384,True,
vcm_train_009386,True,
vcm_train_009388,True,
vcm_train_009390,True,
vcm_train_009392,True,
vcm_train_009394,True,
vcm_train_009396,False,qa_flagged
vcm_train_009398,False,qa_flagged
vcm_train_009400,True,
vcm_train_009402,True,
vcm_train_009404,True,
vcm_train_009406,True,
vcm_train_009408,False,qa_flagged
vcm_train_009410,True,
vcm_train_009412,True,
vcm_train_009414,True,
vcm_train_009416,True,
vcm_train_009418,False,qa_flagged
vcm_train_009420,True,
vcm_train_009422,True,
vcm_train_009424,False,qa_flagged
vcm_train_009426,False,qa_flagged
vcm_train_009428,True,
vcm_train_009430,False,qa_flagged
vcm_train_009432,True,
vcm_train_009434,True,
vcm_train_009436,True,
vcm_train_009438,True,
vcm_train_009440,True,
vcm_train_009442,True,
vcm_train_009444,True,
vcm_train_009446,True,
vcm_train_009448,True,
vcm_train_009450,True,
vcm_train_009452,True,
vcm_train_009454,True,
vcm_train_009456,True,
vcm_train_009458,True,
vcm_train_009460,True,
vcm_train_009462,True,
vcm_train_009464,False,qa_flagged
vcm_train_009466,True,
vcm_train_009468,True,
vcm_train_009470,False,qa_flagged
vcm_train_009472,False,qa_flagged
vcm_train_009474,True,
vcm_train_009476,True,
vcm_train_009478,True,
vcm_train_009480,True,
vcm_train_009482,True,
vcm_train_009484,True,
vcm_train_009486,True,
vcm_train_009488,True,
vcm_train_009490,True,
vcm_train_009492,True,
vcm_train_009494,True,
vcm_train_009496,True,
vcm_train_009498,True,
vcm_train_009500,True,
vcm_train_009502,True,
vcm_train_009504,True,
vcm_train_009506,True,
vcm_train_009508,True,
vcm_train_009510,True,
vcm_train_009512,True,
vcm_train_009514,True,
vcm_train_009516,True,
vcm_train_009518,True,
vcm_train_009520,True,
vcm_train_009522,True,
vcm_train_009524,True,
vcm_train_009526,True,
vcm_train_009528,False,qa_flagged
vcm_train_009530,False,qa_flagged
vcm_train_009532,False,qa_flagged
vcm_train_009534,True,
vcm_train_009536,True,
vcm_train_009538,True,
vcm_train_009540,True,
vcm_train_009542,True,
vcm_train_009544,True,
vcm_train_009546,False,qa_flagged
vcm_train_009548,False,qa_flagged
vcm_train_009550,True,
vcm_train_009552,True,
vcm_train_009554,True,
vcm_train_009556,True,
vcm_train_009558,True,
vcm_train_009560,True,
vcm_train_009562,True,
vcm_train_009564,True,
vcm_train_009566,True,
vcm_train_009568,True,
vcm_train_009570,True,
vcm_train_009572,True,
vcm_train_009574,True,
vcm_train_009576,True,
vcm_train_009578,True,
vcm_train_009580,True,
vcm_train_009582,True,
vcm_train_009584,True,
vcm_train_009586,False,qa_flagged
vcm_train_009588,True,
vcm_train_009590,True,
vcm_train_009592,True,
vcm_train_009594,True,
vcm_train_009596,True,
vcm_train_009598,True,
vcm_train_009600,True,
vcm_train_009602,True,
vcm_train_009604,True,
vcm_train_009606,True,
vcm_train_009608,True,
vcm_train_009610,True,
vcm_train_009612,True,
vcm_train_009614,True,
vcm_train_009616,True,
vcm_train_009618,True,
vcm_train_009620,True,
vcm_train_009622,True,
vcm_train_009624,True,
vcm_train_009626,True,
vcm_train_009628,True,
vcm_train_009630,True,
vcm_train_009632,True,
vcm_train_009634,True,
vcm_train_009636,True,
vcm_train_009638,True,
vcm_train_009640,True,
vcm_train_009642,True,
vcm_train_009644,True,
vcm_train_009646,True,
vcm_train_009648,True,
vcm_train_009650,True,
vcm_train_009652,True,
vcm_train_009654,True,
vcm_train_009656,True,
vcm_train_009658,True,
vcm_train_009660,True,
vcm_train_009662,True,
vcm_train_009664,True,
vcm_train_009666,True,
vcm_train_009668,True,
vcm_train_009670,True,
vcm_train_009672,True,
vcm_train_009674,True,
vcm_train_009676,True,
vcm_train_009678,False,qa_flagged
vcm_train_009680,True,
vcm_train_009682,True,
vcm_train_009684,False,qa_flagged
vcm_train_009686,True,
vcm_train_009688,True,
vcm_train_009690,True,
vcm_train_009692,False,qa_flagged
vcm_train_009694,True,
vcm_train_009696,False,qa_flagged
vcm_train_009698,False,qa_flagged
vcm_train_009700,True,
vcm_train_009702,True,
vcm_train_009704,True,
vcm_train_009706,True,
vcm_train_009708,False,qa_flagged
vcm_train_009710,True,
vcm_train_009712,True,
vcm_train_009714,True,
vcm_train_009716,True,
vcm_train_009718,True,
vcm_train_009720,True,
vcm_train_009722,True,
vcm_train_009724,False,qa_flagged
vcm_train_009726,True,
vcm_train_009728,True,
vcm_train_009730,True,
vcm_train_009732,True,
vcm_train_009734,True,
vcm_train_009736,True,
vcm_train_009738,True,
vcm_train_009740,True,
vcm_train_009742,True,
vcm_train_009744,True,
vcm_train_009746,True,
vcm_train_009748,True,
vcm_train_009750,True,
vcm_train_009752,True,
vcm_train_009754,True,
vcm_train_009756,True,
vcm_train_009758,True,
vcm_train_009760,False,qa_flagged
vcm_train_009762,True,
vcm_train_009764,True,
vcm_train_009766,True,
vcm_train_009768,True,
vcm_train_009770,True,
vcm_train_009772,True,
vcm_train_009774,True,
vcm_train_009776,True,
vcm_train_009778,True,
vcm_train_009780,True,
vcm_train_009782,False,qa_flagged
vcm_train_009784,False,qa_flagged
vcm_train_009786,True,
vcm_train_009788,True,
vcm_train_009790,True,
vcm_train_009792,True,
vcm_train_009794,True,
vcm_train_009796,True,
vcm_train_009798,True,
vcm_train_009800,True,
vcm_train_009802,True,
vcm_train_009804,True,
vcm_train_009806,True,
vcm_train_009808,True,
vcm_train_009810,True,
vcm_train_009812,True,
vcm_train_009814,True,
vcm_train_009816,False,qa_flagged
vcm_train_009818,True,
vcm_train_009820,True,
vcm_train_009822,True,
vcm_train_009824,True,
vcm_train_009826,True,
vcm_train_009828,True,
vcm_train_009830,True,
vcm_train_009832,True,
vcm_train_009834,True,
vcm_train_009836,True,
vcm_train_009838,False,qa_flagged
vcm_train_009840,True,
vcm_train_009842,True,
vcm_train_009844,True,
vcm_train_009846,True,
vcm_train_009848,True,
vcm_train_009850,True,
vcm_train_009852,True,
vcm_train_009854,True,
vcm_train_009856,True,
vcm_train_009858,True,
vcm_train_009860,False,qa_flagged
vcm_train_009862,True,
vcm_train_009864,True,
vcm_train_009866,False,qa_flagged
vcm_train_009868,True,
vcm_train_009870,True,
vcm_train_009872,True,
vcm_train_009874,True,
vcm_train_009876,True,
vcm_train_009878,True,
vcm_train_009880,True,
vcm_train_009882,True,
vcm_train_009884,True,
vcm_train_009886,False,qa_flagged
vcm_train_009888,True,
vcm_train_009890,True,
vcm_train_009892,True,
vcm_train_009894,False,qa_flagged
vcm_train_009896,True,
vcm_train_009898,True,
vcm_train_009900,True,
vcm_train_009902,True,
vcm_train_009904,True,
vcm_train_009906,True,
vcm_train_009908,True,
vcm_train_009910,True,
vcm_train_009912,True,
vcm_train_009914,True,
vcm_train_009916,True,
vcm_train_009918,True,
vcm_train_009920,True,
vcm_train_009922,True,
vcm_train_009924,True,
vcm_train_009926,True,
vcm_train_009928,True,
vcm_train_009930,True,
vcm_train_009932,True,
vcm_train_009934,True,
vcm_train_009936,True,
vcm_train_009938,True,
vcm_train_009940,True,
vcm_train_009942,True,
vcm_train_009944,True,
vcm_train_009946,True,
vcm_train_009948,True,
vcm_train_009950,True,
vcm_train_009952,True,
vcm_train_009954,True,
vcm_train_009956,True,
vcm_train_009958,True,
vcm_train_009960,True,
vcm_train_009962,True,
vcm_train_009964,True,
vcm_train_009966,True,
vcm_train_009968,True,
vcm_train_009970,True,
vcm_train_009972,True,
vcm_train_009974,False,qa_flagged
vcm_train_009976,False,qa_flagged
vcm_train_009978,True,
vcm_train_009980,True,
vcm_train_009982,True,
vcm_train_009984,True,
vcm_train_009986,False,qa_flagged
vcm_train_009988,True,
vcm_train_009990,True,
vcm_train_009992,True,
vcm_train_009994,True,
vcm_train_009996,True,
vcm_train_009998,True,
vcm_train_010000,True,
vcm_train_010002,True,
vcm_train_010004,True,
vcm_train_010006,True,
vcm_train_010008,False,qa_flagged
vcm_train_010010,True,
vcm_train_010012,True,
vcm_train_010014,True,
vcm_train_010016,True,
vcm_train_010018,True,
vcm_train_010020,True,
vcm_train_010022,True,
vcm_train_010024,True,
vcm_train_010026,True,
vcm_train_010028,False,qa_flagged
vcm_train_010030,True,
vcm_train_010032,True,
vcm_train_010034,True,
vcm_train_010036,False,qa_flagged
vcm_train_010038,True,
vcm_train_010040,True,
vcm_train_010042,False,qa_flagged
vcm_train_010044,True,
vcm_train_010046,True,
vcm_train_010048,True,
vcm_train_010050,True,
vcm_train_010052,True,
vcm_train_010054,True,
vcm_train_010056,False,qa_flagged
vcm_train_010058,True,
vcm_train_010060,True,
vcm_train_010062,False,qa_flagged
vcm_train_010064,True,
vcm_train_010066,True,
vcm_train_010068,True,
vcm_train_010070,True,
vcm_train_010072,True,
vcm_train_010074,True,
vcm_train_010076,False,qa_flagged
vcm_train_010078,False,qa_flagged
vcm_train_010080,False,qa_flagged
vcm_train_010082,True,
vcm_train_010084,True,
vcm_train_010086,True,
vcm_train_010088,True,
vcm_train_010090,True,
vcm_train_010092,True,
vcm_train_010094,True,
vcm_train_010096,True,
vcm_train_010098,True,
vcm_train_010100,True,
vcm_train_010102,True,
vcm_train_010104,True,
vcm_train_010106,True,
vcm_train_010108,True,
vcm_train_010110,True,
vcm_train_010112,True,
vcm_train_010114,True,
vcm_train_010116,True,
vcm_train_010118,False,qa_flagged
vcm_train_010120,True,
vcm_train_010122,True,
vcm_train_010124,True,
vcm_train_010126,True,
vcm_train_010128,True,
vcm_train_010130,False,qa_flagged
vcm_train_010132,True,
vcm_train_010134,True,
vcm_train_010136,True,
vcm_train_010138,True,
vcm_train_010140,True,
vcm_train_010142,True,
vcm_train_010144,False,qa_flagged
vcm_train_010146,True,
vcm_train_010148,True,
vcm_train_010150,True,
vcm_train_010152,True,
vcm_train_010154,True,
vcm_train_010156,True,
vcm_train_010158,False,qa_flagged
vcm_train_010160,True,
vcm_train_010162,True,
vcm_train_010164,False,qa_flagged
vcm_train_010166,False,qa_flagged
vcm_train_010168,True,
vcm_train_010170,True,
vcm_train_010172,True,
vcm_train_010174,True,
vcm_train_010176,True,
vcm_train_010178,True,
vcm_train_010180,True,
vcm_train_010182,True,
vcm_train_010184,True,
vcm_train_010186,True,
vcm_train_010188,True,
vcm_train_010190,True,
vcm_train_010192,False,qa_flagged
vcm_train_010194,True,
vcm_train_010196,True,
vcm_train_010198,True,
vcm_train_010200,False,qa_flagged
vcm_train_010202,True,
vcm_train_010204,True,
vcm_train_010206,True,
vcm_train_010208,True,
vcm_train_010210,True,
vcm_train_010212,True,
vcm_train_010214,True,
vcm_train_010216,True,
vcm_train_010218,True,
vcm_train_010220,True,
vcm_train_010222,True,
vcm_train_010224,True,
vcm_train_010226,True,
vcm_train_010228,True,
vcm_train_010230,True,
vcm_train_010232,True,
vcm_train_010234,True,
vcm_train_010236,True,
vcm_train_010238,True,
vcm_train_010240,True,
vcm_train_010242,True,
vcm_train_010244,True,
vcm_train_010246,False,qa_flagged
vcm_train_010248,True,
vcm_train_010250,True,
vcm_train_010252,True,
vcm_train_010254,True,
vcm_train_010256,True,
vcm_train_010258,True,
vcm_train_010260,True,
vcm_train_010262,True,
vcm_train_010264,True,
vcm_train_010266,True,
vcm_train_010268,True,
vcm_train_010270,True,
vcm_train_010272,True,
vcm_train_010274,True,
vcm_train_010276,True,
vcm_train_010278,True,
vcm_train_010280,True,
vcm_train_010282,True,
vcm_train_010284,False,qa_flagged
vcm_train_010286,True,
vcm_train_010288,True,
vcm_train_010290,True,
vcm_train_010292,True,
vcm_train_010294,True,
vcm_train_010296,True,
vcm_train_010298,True,
vcm_train_010300,True,
vcm_train_010302,True,
vcm_train_010304,True,
vcm_train_010306,True,
vcm_train_010308,True,
vcm_train_010310,True,
vcm_train_010312,False,qa_flagged
vcm_train_010314,True,
vcm_train_010316,True,
vcm_train_010318,True,
vcm_train_010320,True,
vcm_train_010322,True,
vcm_train_010324,True,
vcm_train_010326,True,
vcm_train_010328,True,
vcm_train_010330,True,
vcm_train_010332,True,
vcm_train_010334,False,qa_flagged
vcm_train_010336,True,
vcm_train_010338,True,
vcm_train_010340,True,
vcm_train_010342,True,
vcm_train_010344,True,
vcm_train_010346,True,
vcm_train_010348,True,
vcm_train_010350,True,
vcm_train_010352,True,
vcm_train_010354,True,
vcm_train_010356,True,
vcm_train_010358,False,qa_flagged
vcm_train_010360,True,
vcm_train_010362,False,qa_flagged
vcm_train_010364,True,
vcm_train_010366,True,
vcm_train_010368,True,
vcm_train_010370,False,qa_flagged
vcm_train_010372,True,
vcm_train_010374,True,
vcm_train_010376,True,
vcm_train_010378,True,
vcm_train_010380,True,
vcm_train_010382,True,
vcm_train_010384,True,
vcm_train_010386,True,
vcm_train_010388,True,
vcm_train_010390,True,
vcm_train_010392,True,
vcm_train_010394,True,
vcm_train_010396,True,
vcm_train_010398,True,
vcm_train_010400,True,
vcm_train_010402,True,
vcm_train_010404,True,
vcm_train_010406,False,qa_flagged
vcm_train_010408,True,
vcm_train_010410,True,
vcm_train_010412,True,
vcm_train_010414,True,
vcm_train_010416,True,
vcm_train_010418,True,
vcm_train_010420,True,
vcm_train_010422,True,
vcm_train_010424,True,
vcm_train_010426,True,
vcm_train_010428,True,
vcm_train_010430,True,
vcm_train_010432,True,
vcm_train_010434,True,
vcm_train_010436,True,
vcm_train_010438,True,
vcm_train_010440,True,
vcm_train_010442,False,qa_flagged
vcm_train_010444,False,qa_flagged
vcm_train_010446,True,
vcm_train_010448,True,
vcm_train_010450,True,
vcm_train_010452,True,
vcm_train_010454,True,
vcm_train_010456,True,
vcm_train_010458,True,
vcm_train_010460,True,
vcm_train_010462,True,
vcm_train_010464,True,
vcm_train_010466,True,
vcm_train_010468,True,
vcm_train_010470,True,
vcm_train_010472,True,
vcm_train_010474,True,
vcm_train_010476,True,
vcm_train_010478,True,
vcm_train_010480,True,
vcm_train_010482,False,qa_flagged
vcm_train_010484,True,
vcm_train_010486,True,
vcm_train_010488,True,
vcm_train_010490,True,
vcm_train_010492,True,
vcm_train_010494,True,
vcm_train_010496,True,
vcm_train_010498,True,
vcm_train_010500,True,
vcm_train_010502,True,
vcm_train_010504,False,qa_flagged
vcm_train_010506,True,
vcm_train_010508,True,
vcm_train_010510,True,
vcm_train_010512,True,
vcm_train_010514,True,
vcm_train_010516,True,
vcm_train_010518,True,
vcm_train_010520,True,
vcm_train_010522,True,
vcm_train_010524,True,
vcm_train_010526,False,qa_flagged
vcm_train_010528,True,
vcm_train_010530,True,
vcm_train_010532,True,
vcm_train_010534,True,
vcm_train_010536,True,
vcm_train_010538,True,
vcm_train_010540,True,
vcm_train_010542,True,
vcm_train_010544,True,
vcm_train_010546,True,
vcm_train_010548,True,
vcm_train_010550,True,
vcm_train_010552,False,qa_flagged
vcm_train_010554,True,
vcm_train_010556,True,
vcm_train_010558,True,
vcm_train_010560,True,
vcm_train_010562,True,
vcm_train_010564,False,qa_flagged
vcm_train_010566,True,
vcm_train_010568,True,
vcm_train_010570,True,
vcm_train_010572,True,
vcm_train_010574,True,
vcm_train_010576,False,qa_flagged
vcm_train_010578,False,qa_flagged
vcm_train_010580,True,
vcm_train_010582,True,
vcm_train_010584,True,
vcm_train_010586,True,
vcm_train_010588,True,
vcm_train_010590,True,
vcm_train_010592,True,
vcm_train_010594,True,
vcm_train_010596,True,
vcm_train_010598,True,
vcm_train_010600,True,
vcm_train_010602,True,
vcm_train_010604,False,qa_flagged
vcm_train_010606,True,
vcm_train_010608,True,
vcm_train_010610,True,
vcm_train_010612,True,
vcm_train_010614,True,
vcm_train_010616,True,
vcm_train_010618,True,
vcm_train_010620,True,
vcm_train_010622,True,
vcm_train_010624,True,
vcm_train_010626,True,
vcm_train_010628,True,
vcm_train_010630,True,
vcm_train_010632,True,
vcm_train_010634,True,
vcm_train_010636,True,
vcm_train_010638,True,
vcm_train_010640,True,
vcm_train_010642,True,
vcm_train_010644,True,
vcm_train_010646,True,
vcm_train_010648,True,
vcm_train_010650,False,qa_flagged
vcm_train_010652,True,
vcm_train_010654,True,
vcm_train_010656,True,
vcm_train_010658,True,
vcm_train_010660,True,
vcm_train_010662,True,
vcm_train_010664,True,
vcm_train_010666,True,
vcm_train_010668,True,
vcm_train_010670,True,
vcm_train_010672,True,
vcm_train_010674,True,
vcm_train_010676,True,
vcm_train_010678,True,
vcm_train_010680,True,
vcm_train_010682,True,
vcm_train_010684,False,qa_flagged
vcm_train_010686,True,
vcm_train_010688,True,
vcm_train_010690,True,
vcm_train_010692,True,
vcm_train_010694,True,
vcm_train_010696,True,
vcm_train_010698,True,
vcm_train_010700,True,
vcm_train_010702,True,
vcm_train_010704,True,
vcm_train_010706,True,
vcm_train_010708,True,
vcm_train_010710,False,qa_flagged
vcm_train_010712,False,qa_flagged
vcm_train_010714,True,
vcm_train_010716,True,
vcm_train_010718,True,
vcm_train_010720,True,
vcm_train_010722,True,
vcm_train_010724,True,
vcm_train_010726,True,
vcm_train_010728,True,
vcm_train_010730,True,
vcm_train_010732,True,
vcm_train_010734,False,qa_flagged
vcm_train_010736,True,
vcm_train_010738,True,
vcm_train_010740,True,
vcm_train_010742,True,
vcm_train_010744,True,
vcm_train_010746,True,
vcm_train_010748,True,
vcm_train_010750,True,
vcm_train_010752,True,
vcm_train_010754,True,
vcm_train_010756,False,qa_flagged
vcm_train_010758,True,
vcm_train_010760,True,
vcm_train_010762,True,
vcm_train_010764,True,
vcm_train_010766,True,
vcm_train_010768,True,
vcm_train_010770,True,
vcm_train_010772,True,
vcm_train_010774,True,
vcm_train_010776,True,
vcm_train_010778,True,
vcm_train_010780,True,
vcm_train_010782,True,
vcm_train_010784,True,
vcm_train_010786,False,qa_flagged
vcm_train_010788,True,
vcm_train_010790,True,
vcm_train_010792,True,
vcm_train_010794,True,
vcm_train_010796,False,qa_flagged
vcm_train_010798,True,
vcm_train_010800,False,qa_flagged
vcm_train_010802,True,
vcm_train_010804,True,
vcm_train_010806,True,
vcm_train_010808,True,
vcm_train_010810,True,
vcm_train_010812,True,
vcm_train_010814,True,
vcm_train_010816,True,
vcm_train_010818,False,qa_flagged
vcm_train_010820,True,
vcm_train_010822,True,
vcm_train_010824,True,
vcm_train_010826,True,
vcm_train_010828,True,
vcm_train_010830,True,
vcm_train_010832,True,
vcm_train_010834,True,
vcm_train_010836,True,
vcm_train_010838,False,qa_flagged
vcm_train_010840,False,qa_flagged
vcm_train_010842,True,
vcm_train_010844,True,
vcm_train_010846,True,
vcm_train_010848,True,
vcm_train_010850,True,
vcm_train_010852,True,
vcm_train_010854,True,
vcm_train_010856,True,
vcm_train_010858,True,
vcm_train_010860,True,
vcm_train_010862,False,qa_flagged
vcm_train_010864,True,
vcm_train_010866,True,
vcm_train_010868,False,qa_flagged
vcm_train_010870,True,
vcm_train_010872,True,
vcm_train_010874,True,
vcm_train_010876,True,
vcm_train_010878,True,
vcm_train_010880,False,qa_flagged
vcm_train_010882,False,qa_flagged
vcm_train_010884,True,
vcm_train_010886,True,
vcm_train_010888,True,
vcm_train_010890,False,qa_flagged
vcm_train_010892,False,qa_flagged
vcm_train_010894,True,
vcm_train_010896,True,
vcm_train_010898,True,
vcm_train_010900,False,qa_flagged
vcm_train_010902,False,qa_flagged
vcm_train_010904,True,
vcm_train_010906,True,
vcm_train_010908,True,
vcm_train_010910,True,
vcm_train_010912,True,
vcm_train_010914,True,
vcm_train_010916,True,
vcm_train_010918,True,
vcm_train_010920,True,
vcm_train_010922,True,
vcm_train_010924,True,
vcm_train_010926,False,qa_flagged
vcm_train_010928,False,qa_flagged
vcm_train_010930,True,
vcm_train_010932,True,
vcm_train_010934,True,
vcm_train_010936,True,
vcm_train_010938,True,
vcm_train_010940,True,
vcm_train_010942,True,
vcm_train_010944,True,
vcm_train_010946,True,
vcm_train_010948,True,
vcm_train_010950,True,
vcm_train_010952,False,qa_flagged
vcm_train_010954,True,
vcm_train_010956,True,
vcm_train_010958,True,
vcm_train_010960,False,qa_flagged
vcm_train_010962,True,
vcm_train_010964,True,
vcm_train_010966,True,
vcm_train_010968,True,
vcm_train_010970,True,
vcm_train_010972,True,
vcm_train_010974,True,
vcm_train_010976,True,
vcm_train_010978,False,qa_flagged
vcm_train_010980,True,
vcm_train_010982,True,
vcm_train_010984,True,
vcm_train_010986,True,
vcm_train_010988,True,
vcm_train_010990,True,
vcm_train_010992,True,
vcm_train_010994,True,
vcm_train_010996,False,qa_flagged
vcm_train_010998,True,
vcm_train_011000,True,
vcm_train_011002,True,
vcm_train_011004,True,
vcm_train_011006,True,
vcm_train_011008,True,
vcm_train_011010,True,
vcm_train_011012,True,
vcm_train_011014,True,
vcm_train_011016,True,
vcm_train_011018,True,
vcm_train_011020,True,
vcm_train_011022,True,
vcm_train_011024,True,
vcm_train_011026,True,
vcm_train_011028,True,
vcm_train_011030,True,
vcm_train_011032,True,
vcm_train_011034,True,
vcm_train_011036,True,
vcm_train_011038,False,qa_flagged
vcm_train_011040,True,
vcm_train_011042,True,
vcm_train_011044,True,
vcm_train_011046,True,
vcm_train_011048,True,
vcm_train_011050,True,
vcm_train_011052,True,
vcm_train_011054,True,
vcm_train_011056,True,
vcm_train_011058,True,
vcm_train_011060,True,
vcm_train_011062,True,
vcm_train_011064,True,
vcm_train_011066,True,
vcm_train_011068,True,
vcm_train_011070,True,
vcm_train_011072,True,
vcm_train_011074,True,
vcm_train_011076,True,
vcm_train_011078,True,
vcm_train_011080,True,
vcm_train_011082,True,
vcm_train_011084,True,
vcm_train_011086,False,qa_flagged
vcm_train_011088,True,
vcm_train_011090,True,
vcm_train_011092,True,
vcm_train_011094,True,
vcm_train_011096,True,
vcm_train_011098,True,
vcm_train_011100,True,
vcm_train_011102,True,
vcm_train_011104,True,
vcm_train_011106,True,
vcm_train_011108,False,qa_flagged
vcm_train_011110,True,
vcm_train_011112,False,qa_flagged
vcm_train_011114,True,
vcm_train_011116,True,
vcm_train_011118,True,
vcm_train_011120,False,qa_flagged
vcm_train_011122,True,
vcm_train_011124,True,
vcm_train_011126,True,
vcm_train_011128,True,
vcm_train_011130,True,
vcm_train_011132,True,
vcm_train_011134,True,
vcm_train_011136,True,
vcm_train_011138,True,
vcm_train_011140,True,
vcm_train_011142,False,qa_flagged
vcm_train_011144,True,
vcm_train_011146,True,
vcm_train_011148,True,
vcm_train_011150,True,
vcm_train_011152,True,
vcm_train_011154,True,
vcm_train_011156,False,qa_flagged
vcm_train_011158,True,
vcm_train_011160,True,
vcm_train_011162,True,
vcm_train_011164,True,
vcm_train_011166,True,
vcm_train_011168,True,
vcm_train_011170,False,qa_flagged
vcm_train_011172,True,
vcm_train_011174,True,
vcm_train_011176,True,
vcm_train_011178,True,
vcm_train_011180,True,
vcm_train_011182,True,
vcm_train_011184,False,qa_flagged
vcm_train_011186,True,
vcm_train_011188,True,
vcm_train_011190,True,
vcm_train_011192,True,
vcm_train_011194,True,
vcm_train_011196,False,qa_flagged
vcm_train_011198,True,
vcm_train_011200,True,
vcm_train_011202,True,
vcm_train_011204,True,
vcm_train_011206,True,
vcm_train_011208,False,qa_flagged
vcm_train_011210,True,
vcm_train_011212,True,
vcm_train_011214,True,
vcm_train_011216,True,
vcm_train_011218,True,
vcm_train_011220,True,
vcm_train_011222,True,
vcm_train_011224,True,
vcm_train_011226,True,
vcm_train_011228,True,
vcm_train_011230,False,qa_flagged
vcm_train_011232,True,
vcm_train_011234,False,qa_flagged
vcm_train_011236,True,
vcm_train_011238,True,
vcm_train_011240,True,
vcm_train_011242,True,
vcm_train_011244,False,qa_flagged
vcm_train_011246,True,
vcm_train_011248,False,qa_flagged
vcm_train_011250,True,
vcm_train_011252,True,
vcm_train_011254,False,qa_flagged
vcm_train_011256,True,
vcm_train_011258,True,
vcm_train_011260,True,
vcm_train_011262,True,
vcm_train_011264,True,
vcm_train_011266,True,
vcm_train_011268,True,
vcm_train_011270,True,
vcm_train_011272,True,
vcm_train_011274,True,
vcm_train_011276,True,
vcm_train_011278,True,
vcm_train_011280,True,
vcm_train_011282,True,
vcm_train_011284,True,
vcm_train_011286,True,
vcm_train_011288,True,
vcm_train_011290,True,
vcm_train_011292,True,
vcm_train_011294,True,
vcm_train_011296,True,
vcm_train_011298,True,
vcm_train_011300,True,
vcm_train_011302,True,
vcm_train_011304,True,
vcm_train_011306,True,
vcm_train_011308,True,
vcm_train_011310,True,
vcm_train_011312,True,
vcm_train_011314,True,
vcm_train_011316,True,
vcm_train_011318,True,
vcm_train_011320,True,
vcm_train_011322,True,
vcm_train_011324,True,
vcm_train_011326,True,
vcm_train_011328,True,
vcm_train_011330,False,qa_flagged
vcm_train_011332,True,
vcm_train_011334,False,qa_flagged
vcm_train_011336,True,
vcm_train_011338,True,
vcm_train_011340,True,
vcm_train_011342,True,
vcm_train_011344,True,
vcm_train_011346,True,
vcm_train_011348,True,
vcm_train_011350,True,
vcm_train_011352,True,
vcm_train_011354,True,
vcm_train_011356,True,
vcm_train_011358,True,
vcm_train_011360,True,
vcm_train_011362,True,
vcm_train_011364,True,
vcm_train_011366,True,
vcm_train_011368,True,
vcm_train_011370,True,
vcm_train_011372,True,
vcm_train_011374,True,
vcm_train_011376,True,
vcm_train_011378,False,qa_flagged
vcm_train_011380,False,qa_flagged
vcm_train_011382,True,
vcm_train_011384,True,
vcm_train_011386,True,
vcm_train_011388,True,
vcm_train_011390,True,
vcm_train_011392,True,
vcm_train_011394,True,
vcm_train_011396,True,
vcm_train_011398,True,
vcm_train_011400,True,
vcm_train_011402,False,qa_flagged
vcm_train_011404,True,
vcm_train_011406,True,
vcm_train_011408,False,qa_flagged
vcm_train_011410,True,
vcm_train_011412,True,
vcm_train_011414,True,
vcm_train_011416,True,
vcm_train_011418,True,
vcm_train_011420,False,qa_flagged
vcm_train_011422,True,
vcm_train_011424,True,
vcm_train_011426,True,
vcm_train_011428,True,
vcm_train_011430,True,
vcm_train_011432,True,
vcm_train_011434,True,
vcm_train_011436,True,
vcm_train_011438,True,
vcm_train_011440,True,
vcm_train_011442,True,
vcm_train_011444,True,
vcm_train_011446,True,
vcm_train_011448,True,
vcm_train_011450,True,
vcm_train_011452,True,
vcm_train_011454,True,
vcm_train_011456,True,
vcm_train_011458,True,
vcm_train_011460,True,
vcm_train_011462,True,
vcm_train_011464,True,
vcm_train_011466,True,
vcm_train_011468,True,
vcm_train_011470,False,qa_flagged
vcm_train_011472,True,
vcm_train_011474,True,
vcm_train_011476,True,
vcm_train_011478,True,
vcm_train_011480,True,
vcm_train_011482,True,
vcm_train_011484,True,
vcm_train_011486,True,
vcm_train_011488,True,
vcm_train_011490,True,
vcm_train_011492,True,
vcm_train_011494,True,
vcm_train_011496,True,
vcm_train_011498,True,
vcm_train_011500,True,
vcm_train_011502,True,
vcm_train_011504,True,
vcm_train_011506,True,
vcm_train_011508,True,
vcm_train_011510,True,
vcm_train_011512,True,
vcm_train_011514,True,
vcm_train_011516,True,
vcm_train_011518,True,
vcm_train_011520,True,
vcm_train_011522,True,
vcm_train_011524,True,
vcm_train_011526,True,
vcm_train_011528,True,
vcm_train_011530,True,
vcm_train_011532,True,
vcm_train_011534,True,
vcm_train_011536,True,
vcm_train_011538,True,
vcm_train_011540,True,
vcm_train_011542,True,
vcm_train_011544,True,
vcm_train_011546,True,
vcm_train_011548,True,
vcm_train_011550,True,
vcm_train_011552,True,
vcm_train_011554,True,
vcm_train_011556,True,
vcm_train_011558,False,qa_flagged
vcm_train_011560,True,
vcm_train_011562,True,
vcm_train_011564,True,
vcm_train_011566,True,
vcm_train_011568,True,
vcm_train_011570,True,
vcm_train_011572,False,qa_flagged
vcm_train_011574,True,
vcm_train_011576,True,
vcm_train_011578,True,
vcm_train_011580,True,
vcm_train_011582,True,
vcm_train_011584,False,qa_flagged
vcm_train_011586,True,
vcm_train_011588,True,
vcm_train_011590,True,
vcm_train_011592,False,qa_flagged
vcm_train_011594,True,
vcm_train_011596,False,qa_flagged
vcm_train_011598,True,
vcm_train_011600,True,
vcm_train_011602,True,
vcm_train_011604,True,
vcm_train_011606,False,qa_flagged
vcm_train_011608,True,
vcm_train_011610,True,
vcm_train_011612,True,
vcm_train_011614,True,
vcm_train_011616,False,qa_flagged
vcm_train_011618,True,
vcm_train_011620,True,
vcm_train_011622,True,
vcm_train_011624,True,
vcm_train_011626,True,
vcm_train_011628,True,
vcm_train_011630,True,
vcm_train_011632,True,
vcm_train_011634,True,
vcm_train_011636,True,
vcm_train_011638,True,
vcm_train_011640,False,qa_flagged
vcm_train_011642,False,qa_flagged
vcm_train_011644,True,
vcm_train_011646,True,
vcm_train_011648,True,
vcm_train_011650,True,
vcm_train_011652,True,
vcm_train_011654,False,qa_flagged
vcm_train_011656,True,
vcm_train_011658,True,
vcm_train_011660,True,
vcm_train_011662,True,
vcm_train_011664,True,
vcm_train_011666,True,
vcm_train_011668,True,
vcm_train_011670,False,qa_flagged
vcm_train_011672,True,
vcm_train_011674,True,
vcm_train_011676,False,qa_flagged
vcm_train_011678,True,
vcm_train_011680,True,
vcm_train_011682,True,
vcm_train_011684,True,
vcm_train_011686,True,
vcm_train_011688,True,
vcm_train_011690,True,
vcm_train_011692,True,
vcm_train_011694,True,
vcm_train_011696,True,
vcm_train_011698,True,
vcm_train_011700,True,
vcm_train_011702,False,qa_flagged
vcm_train_011704,True,
vcm_train_011706,False,qa_flagged
vcm_train_011708,True,
vcm_train_011710,True,
vcm_train_011712,True,
vcm_train_011714,True,
vcm_train_011716,True,
vcm_train_011718,True,
vcm_train_011720,True,
vcm_train_011722,False,qa_flagged
vcm_train_011724,True,
vcm_train_011726,True,
vcm_train_011728,True,
vcm_train_011730,True,
vcm_train_011732,True,
vcm_train_011734,True,
vcm_train_011736,True,
vcm_train_011738,True,
vcm_train_011740,False,qa_flagged
vcm_train_011742,False,qa_flagged
vcm_train_011744,True,
vcm_train_011746,True,
vcm_train_011748,True,
vcm_train_011750,True,
vcm_train_011752,True,
vcm_train_011754,True,
vcm_train_011756,True,
vcm_train_011758,True,
vcm_train_011760,True,
vcm_train_011762,True,
vcm_train_011764,True,
vcm_train_011766,True,
vcm_train_011768,True,
vcm_train_011770,True,
vcm_train_011772,True,
vcm_train_011774,True,
vcm_train_011776,False,qa_flagged
vcm_train_011778,True,
vcm_train_011780,True,
vcm_train_011782,True,
vcm_train_011784,True,
vcm_train_011786,True,
vcm_train_011788,False,qa_flagged
vcm_train_011790,True,
vcm_train_011792,True,
vcm_train_011794,True,
vcm_train_011796,True,
vcm_train_011798,True,
vcm_train_011800,False,qa_flagged
vcm_train_011802,True,
vcm_train_011804,True,
vcm_train_011806,True,
vcm_train_011808,True,
vcm_train_011810,False,qa_flagged
vcm_train_011812,True,
vcm_train_011814,True,
vcm_train_011816,True,
vcm_train_011818,True,
vcm_train_011820,True,
vcm_train_011822,True,
vcm_train_011824,True,
vcm_train_011826,True,
vcm_train_011828,True,
vcm_train_011830,True,
vcm_train_011832,True,
vcm_train_011834,False,qa_flagged
vcm_train_011836,True,
vcm_train_011838,True,
vcm_train_011840,True,
vcm_train_011842,True,
vcm_train_011844,True,
vcm_train_011846,True,
vcm_train_011848,True,
vcm_train_011850,True,
vcm_train_011852,True,
vcm_train_011854,True,
vcm_train_011856,True,
vcm_train_011858,True,
vcm_train_011860,True,
vcm_train_011862,True,
vcm_train_011864,True,
vcm_train_011866,True,
vcm_train_011868,True,
vcm_train_011870,False,qa_flagged
vcm_train_011872,True,
vcm_train_011874,True,
vcm_train_011876,True,
vcm_train_011878,False,qa_flagged
vcm_train_011880,True,
vcm_train_011882,True,
vcm_train_011884,True,
vcm_train_011886,True,
vcm_train_011888,True,
vcm_train_011890,True,
vcm_train_011892,True,
vcm_train_011894,True,
vcm_train_011896,True,
vcm_train_011898,True,
vcm_train_011900,True,
vcm_train_011902,True,
vcm_train_011904,True,
vcm_train_011906,True,
vcm_train_011908,True,
vcm_train_011910,True,
vcm_train_011912,False,qa_flagged
vcm_train_011914,True,
vcm_train_011916,True,
vcm_train_011918,True,
vcm_train_011920,True,
vcm_train_011922,True,
vcm_train_011924,True,
vcm_train_011926,True,
vcm_train_011928,True,
vcm_train_011930,True,
vcm_train_011932,True,
vcm_train_011934,True,
vcm_train_011936,True,
vcm_train_011938,True,
vcm_train_011940,True,
vcm_train_011942,True,
vcm_train_011944,True,
vcm_train_011946,True,
vcm_train_011948,True,
vcm_train_011950,True,
vcm_train_011952,False,qa_flagged
vcm_train_011954,True,
vcm_train_011956,True,
vcm_train_011958,True,
vcm_train_011960,True,
vcm_train_011962,True,
vcm_train_011964,True,
vcm_train_011966,True,
vcm_train_011968,True,
vcm_train_011970,True,
vcm_train_011972,True,
vcm_train_011974,True,
vcm_train_011976,True,
vcm_train_011978,False,qa_flagged
vcm_train_011980,False,qa_flagged
vcm_train_011982,True,
vcm_train_011984,True,
vcm_train_011986,True,
vcm_train_011988,True,
vcm_train_011990,True,
vcm_train_011992,True,
vcm_train_011994,True,
vcm_train_011996,True,
vcm_train_011998,True,
vcm_train_012000,True,
vcm_train_012002,True,
vcm_train_012004,True,
vcm_train_012006,True,
vcm_train_012008,True,
vcm_train_012010,True,
vcm_train_012012,True,
vcm_train_012014,True,
vcm_train_012016,True,
vcm_train_012018,True,
vcm_train_012020,False,qa_flagged
vcm_train_012022,True,
vcm_train_012024,True,
vcm_train_012026,True,
vcm_train_012028,True,
vcm_train_012030,True,
vcm_train_012032,True,
vcm_train_012034,True,
vcm_train_012036,True,
vcm_train_012038,False,qa_flagged
vcm_train_012040,True,
vcm_train_012042,True,
vcm_train_012044,True,
vcm_train_012046,True,
vcm_train_012048,True,
vcm_train_012050,True,
vcm_train_012052,True,
vcm_train_012054,True,
vcm_train_012056,True,
vcm_train_012058,True,
vcm_train_012060,True,
vcm_train_012062,False,qa_flagged
vcm_train_012064,False,qa_flagged
vcm_train_012066,True,
vcm_train_012068,False,qa_flagged
vcm_train_012070,True,
vcm_train_012072,True,
vcm_train_012074,True,
vcm_train_012076,True,
vcm_train_012078,True,
vcm_train_012080,True,
vcm_train_012082,True,
vcm_train_012084,True,
vcm_train_012086,True,
vcm_train_012088,True,
vcm_train_012090,True,
vcm_train_012092,False,qa_flagged
vcm_train_012094,True,
vcm_train_012096,False,qa_flagged
vcm_train_012098,True,
vcm_train_012100,True,
vcm_train_012102,True,
vcm_train_012104,True,
vcm_train_012106,True,
vcm_train_012108,True,
vcm_train_012110,True,
vcm_train_012112,True,
vcm_train_012114,True,
vcm_train_012116,True,
vcm_train_012118,True,
vcm_train_012120,True,
vcm_train_012122,False,qa_flagged
vcm_train_012124,False,qa_flagged
vcm_train_012126,True,
vcm_train_012128,True,
vcm_train_012130,True,
vcm_train_012132,True,
vcm_train_012134,True,
vcm_train_012136,True,
vcm_train_012138,True,
vcm_train_012140,True,
vcm_train_012142,True,
vcm_train_012144,True,
vcm_train_012146,True,
vcm_train_012148,True,
vcm_train_012150,True,
vcm_train_012152,True,
vcm_train_012154,True,
vcm_train_012156,True,
vcm_train_012158,True,
vcm_train_012160,True,
vcm_train_012162,True,
vcm_train_012164,True,
vcm_train_012166,True,
vcm_train_012168,True,
vcm_train_012170,True,
vcm_train_012172,True,
vcm_train_012174,True,
vcm_train_012176,True,
vcm_train_012178,True,
vcm_train_012180,True,
vcm_train_012182,True,
vcm_train_012184,False,qa_flagged
vcm_train_012186,True,
vcm_train_012188,True,
vcm_train_012190,True,
vcm_train_012192,True,
vcm_train_012194,False,qa_flagged
vcm_train_012196,True,
vcm_train_012198,True,
vcm_train_012200,False,qa_flagged
vcm_train_012202,True,
vcm_train_012204,True,
vcm_train_012206,True,
vcm_train_012208,True,
vcm_train_012210,True,
vcm_train_012212,True,
vcm_train_012214,True,
vcm_train_012216,True,
vcm_train_012218,True,
vcm_train_012220,True,
vcm_train_012222,False,qa_flagged
vcm_train_012224,True,
vcm_train_012226,True,
vcm_train_012228,True,
vcm_train_012230,False,qa_flagged
vcm_train_012232,True,
vcm_train_012234,True,
vcm_train_012236,True,
vcm_train_012238,True,
vcm_train_012240,True,
vcm_train_012242,True,
vcm_train_012244,True,
vcm_train_012246,True,
vcm_train_012248,True,
vcm_train_012250,True,
vcm_train_012252,True,
vcm_train_012254,True,
vcm_train_012256,True,
vcm_train_012258,True,
vcm_train_012260,True,
vcm_train_012262,True,
vcm_train_012264,True,
vcm_train_012266,True,
vcm_train_012268,False,qa_flagged
vcm_train_012270,True,
vcm_train_012272,False,qa_flagged
vcm_train_012274,True,
vcm_train_012276,True,
vcm_train_012278,True,
vcm_train_012280,True,
vcm_train_012282,True,
vcm_train_012284,True,
vcm_train_012286,True,
vcm_train_012288,True,
vcm_train_012290,True,
vcm_train_012292,True,
vcm_train_012294,True,
vcm_train_012296,True,
vcm_train_012298,True,
vcm_train_012300,True,
vcm_train_012302,True,
vcm_train_012304,False,qa_flagged
vcm_train_012306,True,
vcm_train_012308,False,qa_flagged
vcm_train_012310,True,
vcm_train_012312,True,
vcm_train_012314,False,qa_flagged
vcm_train_012316,True,
vcm_train_012318,True,
vcm_train_012320,True,
vcm_train_012322,True,
vcm_train_012324,True,
vcm_train_012326,True,
vcm_train_012328,True,
vcm_train_012330,True,
vcm_train_012332,True,
vcm_train_012334,True,
vcm_train_012336,True,
vcm_train_012338,True,
vcm_train_012340,True,
vcm_train_012342,True,
vcm_train_012344,False,qa_flagged
vcm_train_012346,True,
vcm_train_012348,True,
vcm_train_012350,True,
vcm_train_012352,True,
vcm_train_012354,True,
vcm_train_012356,True,
vcm_train_012358,True,
vcm_train_012360,True,
vcm_train_012362,True,
vcm_train_012364,True,
vcm_train_012366,False,qa_flagged
vcm_train_012368,True,
vcm_train_012370,True,
vcm_train_012372,True,
vcm_train_012374,True,
vcm_train_012376,True,
vcm_train_012378,True,
vcm_train_012380,True,
vcm_train_012382,True,
vcm_train_012384,True,
vcm_train_012386,True,
vcm_train_012388,False,qa_flagged
vcm_train_012390,True,
vcm_train_012392,True,
vcm_train_012394,True,
vcm_train_012396,False,qa_flagged
vcm_train_012398,False,qa_flagged
vcm_train_012400,True,
vcm_train_012402,True,
vcm_train_012404,True,
vcm_train_012406,True,
vcm_train_012408,True,
vcm_train_012410,True,
vcm_train_012412,True,
vcm_train_012414,True,
vcm_train_012416,True,
vcm_train_012418,True,
vcm_train_012420,True,
vcm_train_012422,True,
vcm_train_012424,True,
vcm_train_012426,True,
vcm_train_012428,False,qa_flagged
vcm_train_012430,True,
vcm_train_012432,True,
vcm_train_012434,True,
vcm_train_012436,True,
vcm_train_012438,False,qa_flagged
vcm_train_012440,True,
vcm_train_012442,True,
vcm_train_012444,True,
vcm_train_012446,True,
vcm_train_012448,True,
vcm_train_012450,True,
vcm_train_012452,True,
vcm_train_012454,True,
vcm_train_012456,True,
vcm_train_012458,True,
vcm_train_012460,True,
vcm_train_012462,True,
vcm_train_012464,True,
vcm_train_012466,True,
vcm_train_012468,True,
vcm_train_012470,True,
vcm_train_012472,True,
vcm_train_012474,True,
vcm_train_012476,True,
vcm_train_012478,True,
vcm_train_012480,False,qa_flagged
vcm_train_012482,True,
vcm_train_012484,True,
vcm_train_012486,True,
vcm_train_012488,True,
vcm_train_012490,True,
vcm_train_012492,True,
vcm_train_012494,True,
vcm_train_012496,True,
vcm_train_012498,True,
vcm_train_012500,True,
vcm_train_012502,True,
vcm_train_012504,True,
vcm_train_012506,True,
vcm_train_012508,True,
vcm_train_012510,True,
vcm_train_012512,True,
vcm_train_012514,False,qa_flagged
vcm_train_012516,True,
vcm_train_012518,True,
vcm_train_012520,True,
vcm_train_012522,True,
vcm_train_012524,True,
vcm_train_012526,True,
vcm_train_012528,True,
vcm_train_012530,True,
vcm_train_012532,True,
vcm_train_012534,False,qa_flagged
vcm_train_012536,False,qa_flagged
vcm_train_012538,True,
vcm_train_012540,True,
vcm_train_012542,True,
vcm_train_012544,True,
vcm_train_012546,True,
vcm_train_012548,True,
vcm_train_012550,True,
vcm_train_012552,True,
vcm_train_012554,True,
vcm_train_012556,True,
vcm_train_012558,False,qa_flagged
vcm_train_012560,True,
vcm_train_012562,True,
vcm_train_012564,True,
vcm_train_012566,True,
vcm_train_012568,False,qa_flagged
vcm_train_012570,True,
vcm_train_012572,True,
vcm_train_012574,True,
vcm_train_012576,True,
vcm_train_012578,True,
vcm_train_012580,True,
vcm_train_012582,True,
vcm_train_012584,False,qa_flagged
vcm_train_012586,True,
vcm_train_012588,True,
vcm_train_012590,True,
vcm_train_012592,True,
vcm_train_012594,False,qa_flagged
vcm_train_012596,True,
vcm_train_012598,True,
vcm_train_012600,True,
vcm_train_012602,True,
vcm_train_012604,True,
vcm_train_012606,True,
vcm_train_012608,True,
vcm_train_012610,True,
vcm_train_012612,True,
vcm_train_012614,True,
vcm_train_012616,True,
vcm_train_012618,True,
vcm_train_012620,True,
vcm_train_012622,True,
vcm_train_012624,True,
vcm_train_012626,True,
vcm_train_012628,True,
vcm_train_012630,True,
vcm_train_012632,True,
vcm_train_012634,False,qa_flagged
vcm_train_012636,True,
vcm_train_012638,True,
vcm_train_012640,True,
vcm_train_012642,True,
vcm_train_012644,True,
vcm_train_012646,False,qa_flagged
vcm_train_012648,True,
vcm_train_012650,False,qa_flagged
vcm_train_012652,False,qa_flagged
vcm_train_012654,False,qa_flagged
vcm_train_012656,True,
vcm_train_012658,True,
vcm_train_012660,True,
vcm_train_012662,True,
vcm_train_012664,True,
vcm_train_012666,False,qa_flagged
vcm_train_012668,True,
vcm_train_012670,True,
vcm_train_012672,False,qa_flagged
vcm_train_012674,True,
vcm_train_012676,True,
vcm_train_012678,True,
vcm_train_012680,True,
vcm_train_012682,True,
vcm_train_012684,True,
vcm_train_012686,True,
vcm_train_012688,True,
vcm_train_012690,True,
vcm_train_012692,True,
vcm_train_012694,True,
vcm_train_012696,True,
vcm_train_012698,True,
vcm_train_012700,True,
vcm_train_012702,True,
vcm_train_012704,True,
vcm_train_012706,True,
vcm_train_012708,True,
vcm_train_012710,True,
vcm_train_012712,True,
vcm_train_012714,True,
vcm_train_012716,True,
vcm_train_012718,True,
vcm_train_012720,True,
vcm_train_012722,True,
vcm_train_012724,True,
vcm_train_012726,True,
vcm_train_012728,False,qa_flagged
vcm_train_012730,True,
vcm_train_012732,True,
vcm_train_012734,True,
vcm_train_012736,True,
vcm_train_012738,True,
vcm_train_012740,True,
vcm_train_012742,True,
vcm_train_012744,True,
vcm_train_012746,False,qa_flagged
vcm_train_012748,True,
vcm_train_012750,True,
vcm_train_012752,True,
vcm_train_012754,True,
vcm_train_012756,True,
vcm_train_012758,True,
vcm_train_012760,True,
vcm_train_012762,False,qa_flagged
vcm_train_012764,True,
vcm_train_012766,True,
vcm_train_012768,True,
vcm_train_012770,True,
vcm_train_012772,True,
vcm_train_012774,False,qa_flagged
vcm_train_012776,True,
vcm_train_012778,True,
vcm_train_012780,True,
vcm_train_012782,True,
vcm_train_012784,True,
vcm_train_012786,True,
vcm_train_012788,True,
vcm_train_012790,True,
vcm_train_012792,True,
vcm_train_012794,True,
vcm_train_012796,True,
vcm_train_012798,True,
vcm_train_012800,True,
vcm_train_012802,True,
vcm_train_012804,True,
vcm_train_012806,True,
vcm_train_012808,True,
vcm_train_012810,True,
vcm_train_012812,True,
vcm_train_012814,True,
vcm_train_012816,True,
vcm_train_012818,True,
vcm_train_012820,True,
vcm_train_012822,True,
vcm_train_012824,True,
vcm_train_012826,True,
vcm_train_012828,True,
vcm_train_012830,True,
vcm_train_012832,True,
vcm_train_012834,False,qa_flagged
vcm_train_012836,True,
vcm_train_012838,True,
vcm_train_012840,True,
vcm_train_012842,True,
vcm_train_012844,True,
vcm_train_012846,True,
vcm_train_012848,True,
vcm_train_012850,True,
vcm_train_012852,True,
vcm_train_012854,True,
vcm_train_012856,True,
vcm_train_012858,True,
vcm_train_012860,True,
vcm_train_012862,True,
vcm_train_012864,True,
vcm_train_012866,False,qa_flagged
vcm_train_012868,True,
vcm_train_012870,True,
vcm_train_012872,True,
vcm_train_012874,True,
vcm_train_012876,True,
vcm_train_012878,True,
vcm_train_012880,True,
vcm_train_012882,True,
vcm_train_012884,True,
vcm_train_012886,True,
vcm_train_012888,True,
vcm_train_012890,True,
vcm_train_012892,True,
vcm_train_012894,True,
vcm_train_012896,True,
vcm_train_012898,True,
vcm_train_012900,True,
vcm_train_012902,True,
vcm_train_012904,True,
vcm_train_012906,True,
vcm_train_012908,True,
vcm_train_012910,True,
vcm_train_012912,True,
vcm_train_012914,True,
vcm_train_012916,True,
vcm_train_012918,True,
vcm_train_012920,True,
vcm_train_012922,True,
vcm_train_012924,True,
vcm_train_012926,True,
vcm_train_012928,True,
vcm_train_012930,False,qa_flagged
vcm_train_012932,True,
vcm_train_012934,True,
vcm_train_012936,True,
vcm_train_012938,True,
vcm_train_012940,False,qa_flagged
vcm_train_012942,True,
vcm_train_012944,True,
vcm_train_012946,True,
vcm_train_012948,True,
vcm_train_012950,True,
vcm_train_012952,True,
vcm_train_012954,True,
vcm_train_012956,False,qa_flagged
vcm_train_012958,True,
vcm_train_012960,True,
vcm_train_012962,True,
vcm_train_012964,True,
vcm_train_012966,True,
vcm_train_012968,True,
vcm_train_012970,False,qa_flagged
vcm_train_012972,True,
vcm_train_012974,True,
vcm_train_012976,True,
vcm_train_012978,True,
vcm_train_012980,True,
vcm_train_012982,True,
vcm_train_012984,True,
vcm_train_012986,True,
vcm_train_012988,False,qa_flagged
vcm_train_012990,True,
vcm_train_012992,True,
vcm_train_012994,True,
vcm_train_012996,True,
vcm_train_012998,True,
vcm_train_013000,True,
vcm_train_013002,True,
vcm_train_013004,True,
vcm_train_013006,True,
vcm_train_013008,True,
vcm_train_013010,True,
vcm_train_013012,True,
vcm_train_013014,True,
vcm_train_013016,True,
vcm_train_013018,True,
vcm_train_013020,True,
vcm_train_013022,True,
vcm_train_013024,True,
vcm_train_013026,True,
vcm_train_013028,True,
vcm_train_013030,True,
vcm_train_013032,False,qa_flagged
vcm_train_013034,True,
vcm_train_013036,False,qa_flagged
vcm_train_013038,True,
vcm_train_013040,True,
vcm_train_013042,True,
vcm_train_013044,True,
vcm_train_013046,True,
vcm_train_013048,True,
vcm_train_013050,True,
vcm_train_013052,True,
vcm_train_013054,True,
vcm_train_013056,True,
vcm_train_013058,True,
vcm_train_013060,True,
vcm_train_013062,True,
vcm_train_013064,True,
vcm_train_013066,True,
vcm_train_013068,True,
vcm_train_013070,True,
vcm_train_013072,True,
vcm_train_013074,True,
vcm_train_013076,True,
vcm_train_013078,False,qa_flagged
vcm_train_013080,True,
vcm_train_013082,True,
vcm_train_013084,True,
vcm_train_013086,True,
vcm_train_013088,True,
vcm_train_013090,True,
vcm_train_013092,True,
vcm_train_013094,True,
vcm_train_013096,True,
vcm_train_013098,True,
vcm_train_013100,True,
vcm_train_013102,True,
vcm_train_013104,True,
vcm_train_013106,True,
vcm_train_013108,True,
vcm_train_013110,True,
vcm_train_013112,True,
vcm_train_013114,True,
vcm_train_013116,True,
vcm_train_013118,True,
vcm_train_013120,True,
vcm_train_013122,True,
vcm_train_013124,False,qa_flagged
vcm_train_013126,True,
vcm_train_013128,True,
vcm_train_013130,True,
vcm_train_013132,False,qa_flagged
vcm_train_013134,True,
vcm_train_013136,False,qa_flagged
vcm_train_013138,True,
vcm_train_013140,True,
vcm_train_013142,True,
vcm_train_013144,True,
vcm_train_013146,True,
vcm_train_013148,True,
vcm_train_013150,True,
vcm_train_013152,True,
vcm_train_013154,True,
vcm_train_013156,True,
vcm_train_013158,True,
vcm_train_013160,True,
vcm_train_013162,True,
vcm_train_013164,True,
vcm_train_013166,True,
vcm_train_013168,True,
vcm_train_013170,True,
vcm_train_013172,True,
vcm_train_013174,True,
vcm_train_013176,True,
vcm_train_013178,True,
vcm_train_013180,True,
vcm_train_013182,True,
vcm_train_013184,True,
vcm_train_013186,True,
vcm_train_013188,True,
vcm_train_013190,True,
vcm_train_013192,True,
vcm_train_013194,True,
vcm_train_013196,True,
vcm_train_013198,True,
vcm_train_013200,True,
vcm_train_013202,True,
vcm_train_013204,True,
vcm_train_013206,False,qa_flagged
vcm_train_013208,False,qa_flagged
vcm_train_013210,True,
vcm_train_013212,True,
vcm_train_013214,True,
vcm_train_013216,True,
vcm_train_013218,True,
vcm_train_013220,True,
vcm_train_013222,True,
vcm_train_013224,True,
vcm_train_013226,True,
vcm_train_013228,True,
vcm_train_013230,True,
vcm_train_013232,True,
vcm_train_013234,True,
vcm_train_013236,True,
vcm_train_013238,True,
vcm_train_013240,False,qa_flagged
vcm_train_013242,True,
vcm_train_013244,True,
vcm_train_013246,True,
vcm_train_013248,True,
vcm_train_013250,False,qa_flagged
vcm_train_013252,True,
vcm_train_013254,True,
vcm_train_013256,True,
vcm_train_013258,True,
vcm_train_013260,True,
vcm_train_013262,True,
vcm_train_013264,False,qa_flagged
vcm_train_013266,True,
vcm_train_013268,True,
vcm_train_013270,True,
vcm_train_013272,False,qa_flagged
vcm_train_013274,True,
vcm_train_013276,True,
vcm_train_013278,True,
vcm_train_013280,False,qa_flagged
vcm_train_013282,False,qa_flagged
vcm_train_013284,False,qa_flagged
vcm_train_013286,True,
vcm_train_013288,True,
vcm_train_013290,True,
vcm_train_013292,True,
vcm_train_013294,True,
vcm_train_013296,True,
vcm_train_013298,True,
vcm_train_013300,True,
vcm_train_013302,True,
vcm_train_013304,True,
vcm_train_013306,True,
vcm_train_013308,True,
vcm_train_013310,False,qa_flagged
vcm_train_013312,True,
vcm_train_013314,True,
vcm_train_013316,True,
vcm_train_013318,True,
vcm_train_013320,True,
vcm_train_013322,True,
vcm_train_013324,True,
vcm_train_013326,True,
vcm_train_013328,True,
vcm_train_013330,True,
vcm_train_013332,True,
vcm_train_013334,True,
vcm_train_013336,False,qa_flagged
vcm_train_013338,True,
vcm_train_013340,True,
vcm_train_013342,True,
vcm_train_013344,True,
vcm_train_013346,True,
vcm_train_013348,True,
vcm_train_013350,True,
vcm_train_013352,True,
vcm_train_013354,True,
vcm_train_013356,True,
vcm_train_013358,True,
vcm_train_013360,True,
vcm_train_013362,True,
vcm_train_013364,True,
vcm_train_013366,True,
vcm_train_013368,True,
vcm_train_013370,True,
vcm_train_013372,True,
vcm_train_013374,True,
vcm_train_013376,True,
vcm_train_013378,True,
vcm_train_013380,False,qa_flagged
vcm_train_013382,True,
vcm_train_013384,True,
vcm_train_013386,True,
vcm_train_013388,True,
vcm_train_013390,True,
vcm_train_013392,True,
vcm_train_013394,True,
vcm_train_013396,True,
vcm_train_013398,False,qa_flagged
vcm_train_013400,True,
vcm_train_013402,True,
vcm_train_013404,True,
vcm_train_013406,True,
vcm_train_013408,True,
vcm_train_013410,True,
vcm_train_013412,True,
vcm_train_013414,True,
vcm_train_013416,True,
vcm_train_013418,True,
vcm_train_013420,False,qa_flagged
vcm_train_013422,True,
vcm_train_013424,True,
vcm_train_013426,True,
vcm_train_013428,True,
vcm_train_013430,True,
vcm_train_013432,True,
vcm_train_013434,True,
vcm_train_013436,True,
vcm_train_013438,False,qa_flagged
vcm_train_013440,True,
vcm_train_013442,True,
vcm_train_013444,True,
vcm_train_013446,True,
vcm_train_013448,True,
vcm_train_013450,True,
vcm_train_013452,False,qa_flagged
vcm_train_013454,True,
vcm_train_013456,True,
vcm_train_013458,True,
vcm_train_013460,True,
vcm_train_013462,True,
vcm_train_013464,True,
vcm_train_013466,True,
vcm_train_013468,True,
vcm_train_013470,True,
vcm_train_013472,True,
vcm_train_013474,True,
vcm_train_013476,True,
vcm_train_013478,True,
vcm_train_013480,True,
vcm_train_013482,True,
vcm_train_013484,True,
vcm_train_013486,True,
vcm_train_013488,True,
vcm_train_013490,True,
vcm_train_013492,True,
vcm_train_013494,True,
vcm_train_013496,True,
vcm_train_013498,False,qa_flagged
vcm_train_013500,True,
vcm_train_013502,True,
vcm_train_013504,True,
vcm_train_013506,True,
vcm_train_013508,True,
vcm_train_013510,True,
vcm_train_013512,False,qa_flagged
vcm_train_013514,True,
vcm_train_013516,True,
vcm_train_013518,True,
vcm_train_013520,True,
vcm_train_013522,True,
vcm_train_013524,True,
vcm_train_013526,True,
vcm_train_013528,True,
vcm_train_013530,True,
vcm_train_013532,True,
vcm_train_013534,False,qa_flagged
vcm_train_013536,True,
vcm_train_013538,False,qa_flagged
vcm_train_013540,True,
vcm_train_013542,True,
vcm_train_013544,False,qa_flagged
vcm_train_013546,True,
vcm_train_013548,True,
vcm_train_013550,True,
vcm_train_013552,True,
vcm_train_013554,True,
vcm_train_013556,True,
vcm_train_013558,True,
vcm_train_013560,True,
vcm_train_013562,True,
vcm_train_013564,False,qa_flagged
vcm_train_013566,True,
vcm_train_013568,False,qa_flagged
vcm_train_013570,True,
vcm_train_013572,True,
vcm_train_013574,True,
vcm_train_013576,True,
vcm_train_013578,True,
vcm_train_013580,True,
vcm_train_013582,False,qa_flagged
vcm_train_013584,True,
vcm_train_013586,False,qa_flagged
vcm_train_013588,True,
vcm_train_013590,True,
vcm_train_013592,False,qa_flagged
vcm_train_013594,True,
vcm_train_013596,True,
vcm_train_013598,True,
vcm_train_013600,False,qa_flagged
vcm_train_013602,True,
vcm_train_013604,True,
vcm_train_013606,True,
vcm_train_013608,True,
vcm_train_013610,False,qa_flagged
vcm_train_013612,True,
vcm_train_013614,True,
vcm_train_013616,True,
vcm_train_013618,True,
vcm_train_013620,True,
vcm_train_013622,True,
vcm_train_013624,True,
vcm_train_013626,True,
vcm_train_013628,True,
vcm_train_013630,True,
vcm_train_013632,True,
vcm_train_013634,True,
vcm_train_013636,True,
vcm_train_013638,True,
vcm_train_013640,True,
vcm_train_013642,True,
vcm_train_013644,True,
vcm_train_013646,True,
vcm_train_013648,True,
vcm_train_013650,True,
vcm_train_013652,True,
vcm_train_013654,True,
vcm_train_013656,False,qa_flagged
vcm_train_013658,False,qa_flagged
vcm_train_013660,True,
vcm_train_013662,True,
vcm_train_013664,True,
vcm_train_013666,True,
vcm_train_013668,True,
vcm_train_013670,True,
vcm_train_013672,True,
vcm_train_013674,True,
vcm_train_013676,True,
vcm_train_013678,True,
vcm_train_013680,False,qa_flagged
vcm_train_013682,False,qa_flagged
vcm_train_013684,True,
vcm_train_013686,False,qa_flagged
vcm_train_013688,True,
vcm_train_013690,False,qa_flagged
vcm_train_013692,True,
vcm_train_013694,True,
vcm_train_013696,True,
vcm_train_013698,True,
vcm_train_013700,True,
vcm_train_013702,True,
vcm_train_013704,True,
vcm_train_013706,True,
vcm_train_013708,True,
vcm_train_013710,True,
vcm_train_013712,True,
vcm_train_013714,False,qa_flagged
vcm_train_013716,True,
vcm_train_013718,True,
vcm_train_013720,True,
vcm_train_013722,True,
vcm_train_013724,True,
vcm_train_013726,True,
vcm_train_013728,True,
vcm_train_013730,True,
vcm_train_013732,True,
vcm_train_013734,True,
vcm_train_013736,True,
vcm_train_013738,True,
vcm_train_013740,True,
vcm_train_013742,True,
vcm_train_013744,True,
vcm_train_013746,True,
vcm_train_013748,True,
vcm_train_013750,True,
vcm_train_013752,True,
vcm_train_013754,True,
vcm_train_013756,True,
vcm_train_013758,True,
vcm_train_013760,False,qa_flagged
vcm_train_013762,True,
vcm_train_013764,True,
vcm_train_013766,False,qa_flagged
vcm_train_013768,True,
vcm_train_013770,True,
vcm_train_013772,True,
vcm_train_013774,True,
vcm_train_013776,True,
vcm_train_013778,False,qa_flagged
vcm_train_013780,False,qa_flagged
vcm_train_013782,True,
vcm_train_013784,True,
vcm_train_013786,True,
vcm_train_013788,False,qa_flagged
vcm_train_013790,True,
vcm_train_013792,True,
vcm_train_013794,True,
vcm_train_013796,False,qa_flagged
vcm_train_013798,False,qa_flagged
vcm_train_013800,True,
vcm_train_013802,True,
vcm_train_013804,True,
vcm_train_013806,True,
vcm_train_013808,True,
vcm_train_013810,False,qa_flagged
vcm_val_013812,True,
vcm_val_013814,True,
vcm_val_013816,True,
vcm_val_013818,True,
vcm_val_013820,True,
vcm_val_013822,True,
vcm_val_013824,True,
vcm_val_013826,True,
vcm_val_013828,True,
vcm_val_013830,True,
vcm_val_013832,True,
vcm_val_013834,True,
vcm_val_013836,True,
vcm_val_013838,True,
vcm_val_013840,True,
vcm_val_013842,True,
vcm_val_013844,True,
vcm_val_013846,True,
vcm_val_013848,True,
vcm_val_013850,True,
vcm_val_013852,True,
vcm_val_013854,True,
vcm_val_013856,True,
vcm_val_013858,True,
vcm_val_013860,True,
vcm_val_013862,False,qa_flagged
vcm_val_013864,True,
vcm_val_013866,True,
vcm_val_013868,True,
vcm_val_013870,True,
vcm_val_013872,False,qa_flagged
vcm_val_013874,True,
vcm_val_013876,True,
vcm_val_013878,True,
vcm_val_013880,True,
vcm_val_013882,True,
vcm_val_013884,True,
vcm_val_013886,True,
vcm_val_013888,True,
vcm_val_013890,True,
vcm_val_013892,True,
vcm_val_013894,False,qa_flagged
vcm_val_013896,True,
vcm_val_013898,True,
vcm_val_013900,True,
vcm_val_013902,True,
vcm_val_013904,True,
vcm_val_013906,True,
vcm_val_013908,False,qa_flagged
vcm_val_013910,False,qa_flagged
vcm_val_013912,True,
vcm_val_013914,True,
vcm_val_013916,True,
vcm_val_013918,True,
vcm_val_013920,True,
vcm_val_013922,True,
vcm_val_013924,True,
vcm_val_013926,True,
vcm_val_013928,True,
vcm_val_013930,True,
vcm_val_013932,True,
vcm_val_013934,True,
vcm_val_013936,True,
vcm_val_013938,True,
vcm_val_013940,True,
vcm_val_013942,True,
vcm_val_013944,True,
vcm_val_013946,True,
vcm_val_013948,True,
vcm_val_013950,True,
vcm_val_013952,True,
vcm_val_013954,True,
vcm_val_013956,True,
vcm_val_013958,True,
vcm_val_013960,True,
vcm_val_013962,True,
vcm_val_013964,True,
vcm_val_013966,True,
vcm_val_013968,True,
vcm_val_013970,True,
vcm_val_013972,True,
vcm_val_013974,True,
vcm_val_013976,True,
vcm_val_013978,False,qa_flagged
vcm_val_013980,True,
vcm_val_013982,True,
vcm_val_013984,True,
vcm_val_013986,True,
vcm_val_013988,True,
vcm_val_013990,True,
vcm_val_013992,True,
vcm_val_013994,False,qa_flagged
vcm_val_013996,True,
vcm_val_013998,True,
vcm_val_014000,True,
vcm_val_014002,False,qa_flagged
vcm_val_014004,False,qa_flagged
vcm_val_014006,False,qa_flagged
vcm_val_014008,True,
vcm_val_014010,True,
vcm_val_014012,True,
vcm_val_014014,True,
vcm_val_014016,True,
vcm_val_014018,True,
vcm_val_014020,True,
vcm_val_014022,True,
vcm_val_014024,False,qa_flagged
vcm_val_014026,True,
vcm_val_014028,True,
vcm_val_014030,True,
vcm_val_014032,True,
vcm_val_014034,False,qa_flagged
vcm_val_014036,False,qa_flagged
vcm_val_014038,True,
vcm_val_014040,True,
vcm_val_014042,True,
vcm_val_014044,True,
vcm_val_014046,True,
vcm_val_014048,True,
vcm_val_014050,True,
vcm_val_014052,True,
vcm_val_014054,True,
vcm_val_014056,True,
vcm_val_014058,True,
vcm_val_014060,True,
vcm_val_014062,True,
vcm_val_014064,True,
vcm_val_014066,True,
vcm_val_014068,True,
vcm_val_014070,False,qa_flagged
vcm_val_014072,True,
vcm_val_014074,True,
vcm_val_014076,True,
vcm_val_014078,True,
vcm_val_014080,True,
vcm_val_014082,True,
vcm_val_014084,True,
vcm_val_014086,False,qa_flagged
vcm_val_014088,True,
vcm_val_014090,True,
vcm_val_014092,True,
vcm_val_014094,True,
vcm_val_014096,True,
vcm_val_014098,False,qa_flagged
vcm_val_014100,True,
vcm_val_014102,True,
vcm_val_014104,False,qa_flagged
vcm_val_014106,True,
vcm_val_014108,True,
vcm_val_014110,True,
vcm_val_014112,True,
vcm_val_014114,True,
vcm_val_014116,True,
vcm_val_014118,True,
vcm_val_014120,False,qa_flagged
vcm_val_014122,True,
vcm_val_014124,True,
vcm_val_014126,True,
vcm_val_014128,True,
vcm_val_014130,True,
vcm_val_014132,True,
vcm_val_014134,True,
vcm_val_014136,True,
vcm_val_014138,True,
vcm_val_014140,True,
vcm_val_014142,True,
vcm_val_014144,True,
vcm_val_014146,True,
vcm_val_014148,True,
vcm_val_014150,True,
vcm_val_014152,True,
vcm_val_014154,True,
vcm_val_014156,True,
vcm_val_014158,True,
vcm_val_014160,True,
vcm_val_014162,False,qa_flagged
vcm_val_014164,False,qa_flagged
vcm_val_014166,True,
vcm_val_014168,True,
vcm_val_014170,True,
vcm_val_014172,True,
vcm_val_014174,True,
vcm_val_014176,True,
vcm_val_014178,True,
vcm_val_014180,True,
vcm_val_014182,True,
vcm_val_014184,True,
vcm_val_014186,True,
vcm_val_014188,False,qa_flagged
vcm_val_014190,True,
vcm_val_014192,True,
vcm_val_014194,True,
vcm_val_014196,True,
vcm_val_014198,True,
vcm_val_014200,True,
vcm_val_014202,True,
vcm_val_014204,True,
vcm_val_014206,True,
vcm_val_014208,True,
vcm_val_014210,True,
vcm_val_014212,True,
vcm_val_014214,True,
vcm_val_014216,True,
vcm_val_014218,True,
vcm_val_014220,True,
vcm_val_014222,True,
vcm_val_014224,False,qa_flagged
vcm_val_014226,True,
vcm_val_014228,True,
vcm_val_014230,True,
vcm_val_014232,True,
vcm_val_014234,False,qa_flagged
vcm_val_014236,True,
vcm_val_014238,True,
vcm_val_014240,True,
vcm_val_014242,True,
vcm_val_014244,True,
vcm_val_014246,True,
vcm_val_014248,True,
vcm_val_014250,True,
vcm_val_014252,True,
vcm_val_014254,True,
vcm_val_014256,True,
vcm_val_014258,True,
vcm_val_014260,True,
vcm_val_014262,True,
vcm_val_014264,True,
vcm_val_014266,True,
vcm_val_014268,True,
vcm_val_014270,True,
vcm_val_014272,True,
vcm_val_014274,True,
vcm_val_014276,True,
vcm_val_014278,True,
vcm_val_014280,False,qa_flagged
vcm_val_014282,True,
vcm_val_014284,True,
vcm_val_014286,False,qa_flagged
vcm_val_014288,True,
vcm_val_014290,True,
vcm_val_014292,True,
vcm_val_014294,True,
vcm_val_014296,True,
vcm_val_014298,True,
vcm_val_014300,True,
vcm_val_014302,True,
vcm_val_014304,True,
vcm_val_014306,True,
vcm_val_014308,True,
vcm_val_014310,True,
vcm_val_014312,True,
vcm_val_014314,True,
vcm_val_014316,True,
vcm_val_014318,True,
vcm_val_014320,True,
vcm_val_014322,False,qa_flagged
vcm_val_014324,True,
vcm_val_014326,True,
vcm_val_014328,True,
vcm_val_014330,True,
vcm_val_014332,True,
vcm_val_014334,True,
vcm_val_014336,True,
vcm_val_014338,False,qa_flagged
vcm_val_014340,True,
vcm_val_014342,False,qa_flagged
vcm_val_014344,True,
vcm_val_014346,True,
vcm_val_014348,True,
vcm_val_014350,True,
vcm_val_014352,True,
vcm_val_014354,False,qa_flagged
vcm_val_014356,True,
vcm_val_014358,False,qa_flagged
vcm_val_014360,True,
vcm_val_014362,True,
vcm_val_014364,True,
vcm_val_014366,True,
vcm_val_014368,True,
vcm_val_014370,True,
vcm_val_014372,True,
vcm_val_014374,True,
vcm_val_014376,True,
vcm_val_014378,True,
vcm_val_014380,True,
vcm_val_014382,True,
vcm_val_014384,True,
vcm_val_014386,True,
vcm_val_014388,True,
vcm_val_014390,True,
vcm_val_014392,True,
vcm_val_014394,True,
vcm_val_014396,True,
vcm_val_014398,True,
vcm_val_014400,False,qa_flagged
vcm_val_014402,True,
vcm_val_014404,True,
vcm_val_014406,True,
vcm_val_014408,True,
vcm_val_014410,True,
vcm_val_014412,False,qa_flagged
vcm_val_014414,True,
vcm_val_014416,True,
vcm_val_014418,True,
vcm_val_014420,True,
vcm_val_014422,True,
vcm_val_014424,True,
vcm_val_014426,True,
vcm_val_014428,True,
vcm_val_014430,True,
vcm_val_014432,True,
vcm_val_014434,True,
vcm_val_014436,True,
vcm_val_014438,True,
vcm_val_014440,True,
vcm_val_014442,True,
vcm_val_014444,True,
vcm_val_014446,False,qa_flagged
vcm_val_014448,True,
vcm_val_014450,True,
vcm_val_014452,True,
vcm_val_014454,True,
vcm_val_014456,True,
vcm_val_014458,True,
vcm_val_014460,True,
vcm_val_014462,True,
vcm_val_014464,True,
vcm_val_014466,True,
vcm_val_014468,True,
vcm_val_014470,True,
vcm_val_014472,True,
vcm_val_014474,True,
vcm_val_014476,True,
vcm_val_014478,False,qa_flagged
vcm_val_014480,True,
vcm_val_014482,True,
vcm_val_014484,True,
vcm_val_014486,True,
vcm_val_014488,True,
vcm_val_014490,True,
vcm_val_014492,True,
vcm_val_014494,True,
vcm_val_014496,True,
vcm_val_014498,False,qa_flagged
vcm_val_014500,True,
vcm_val_014502,True,
vcm_val_014504,False,qa_flagged
vcm_val_014506,False,qa_flagged
vcm_val_014508,True,
vcm_val_014510,False,qa_flagged
vcm_val_014512,False,qa_flagged
vcm_val_014514,True,
vcm_val_014516,True,
vcm_val_014518,True,
vcm_val_014520,True,
vcm_val_014522,True,
vcm_val_014524,True,
vcm_val_014526,True,
vcm_val_014528,True,
vcm_val_014530,True,
vcm_val_014532,True,
vcm_val_014534,False,qa_flagged
vcm_val_014536,True,
vcm_val_014538,True,
vcm_val_014540,True,
vcm_val_014542,False,qa_flagged
vcm_val_014544,True,
vcm_val_014546,True,
vcm_val_014548,True,
vcm_val_014550,True,
vcm_val_014552,True,
vcm_val_014554,True,
vcm_val_014556,True,
vcm_val_014558,True,
vcm_val_014560,True,
vcm_val_014562,True,
vcm_val_014564,True,
vcm_val_014566,True,
vcm_val_014568,True,
vcm_val_014570,True,
vcm_val_014572,True,
vcm_val_014574,True,
vcm_val_014576,False,qa_flagged
vcm_val_014578,True,
vcm_val_014580,True,
vcm_val_014582,True,
vcm_val_014584,True,
vcm_val_014586,True,
vcm_val_014588,True,
vcm_val_014590,True,
vcm_val_014592,True,
vcm_val_014594,True,
vcm_val_014596,True,
vcm_val_014598,True,
vcm_val_014600,True,
vcm_val_014602,True,
vcm_val_014604,True,
vcm_val_014606,True,
vcm_val_014608,False,qa_flagged
vcm_val_014610,True,
vcm_val_014612,True,
vcm_val_014614,False,qa_flagged
vcm_val_014616,False,qa_flagged
vcm_val_014618,True,
vcm_val_014620,True,
vcm_val_014622,True,
vcm_val_014624,True,
vcm_val_014626,True,
vcm_val_014628,True,
vcm_val_014630,True,
vcm_val_014632,True,
vcm_val_014634,True,
vcm_val_014636,False,qa_flagged
vcm_val_014638,True,
vcm_val_014640,False,qa_flagged
vcm_val_014642,True,
vcm_val_014644,True,
vcm_val_014646,True,
vcm_val_014648,True,
vcm_val_014650,True,
vcm_val_014652,True,
vcm_val_014654,True,
vcm_val_014656,True,
vcm_val_014658,True,
vcm_val_014660,True,
vcm_val_014662,True,
vcm_val_014664,True,
vcm_val_014666,False,qa_flagged
vcm_val_014668,True,
vcm_val_014670,True,
vcm_val_014672,True,
vcm_val_014674,True,
vcm_val_014676,True,
vcm_val_014678,True,
vcm_val_014680,True,
vcm_val_014682,True,
vcm_val_014684,True,
vcm_val_014686,False,qa_flagged
vcm_val_014688,True,
vcm_val_014690,True,
vcm_val_014692,True,
vcm_val_014694,True,
vcm_val_014696,True,
vcm_val_014698,True,
vcm_val_014700,True,
vcm_val_014702,True,
vcm_val_014704,True,
vcm_val_014706,True,
vcm_val_014708,True,
vcm_val_014710,True,
vcm_val_014712,True,
vcm_val_014714,True,
vcm_val_014716,True,
vcm_val_014718,True,
vcm_val_014720,True,
vcm_val_014722,True,
vcm_val_014724,True,
vcm_val_014726,True,
vcm_val_014728,True,
vcm_val_014730,True,
vcm_val_014732,True,
vcm_val_014734,True,
vcm_val_014736,True,
vcm_val_014738,True,
vcm_val_014740,True,
vcm_val_014742,True,
vcm_val_014744,True,
vcm_val_014746,True,
vcm_val_014748,True,
vcm_val_014750,True,
vcm_val_014752,True,
vcm_val_014754,True,
vcm_val_014756,True,
vcm_val_014758,True,
vcm_val_014760,True,
vcm_val_014762,True,
vcm_val_014764,True,
vcm_val_014766,True,
vcm_val_014768,True,
vcm_val_014770,True,
vcm_val_014772,True,
vcm_val_014774,True,
vcm_val_014776,False,qa_flagged
vcm_val_014778,True,
vcm_val_014780,True,
vcm_val_014782,True,
vcm_val_014784,True,
vcm_val_014786,True,
vcm_val_014788,True,
vcm_val_014790,True,
vcm_val_014792,True,
vcm_val_014794,True,
vcm_val_014796,False,qa_flagged
vcm_val_014798,False,qa_flagged
vcm_val_014800,True,
vcm_val_014802,True,
vcm_val_014804,True,
vcm_val_014806,True,
vcm_val_014808,True,
vcm_val_014810,True,
vcm_val_014812,True,
vcm_val_014814,True,
vcm_val_014816,True,
vcm_val_014818,True,
vcm_val_014820,True,
vcm_val_014822,True,
vcm_val_014824,True,
vcm_val_014826,True,
vcm_val_014828,True,
vcm_val_014830,True,
vcm_val_014832,True,
vcm_val_014834,True,
vcm_val_014836,True,
vcm_val_014838,True,
vcm_val_014840,True,
vcm_val_014842,True,
vcm_val_014844,False,qa_flagged
vcm_val_014846,True,
vcm_val_014848,True,
vcm_val_014850,False,qa_flagged
vcm_val_014852,False,qa_flagged
vcm_val_014854,True,
vcm_val_014856,True,
vcm_val_014858,True,
vcm_val_014860,False,qa_flagged
vcm_val_014862,True,
vcm_val_014864,True,
vcm_val_014866,True,
vcm_val_014868,True,
vcm_val_014870,False,qa_flagged
vcm_val_014872,True,
vcm_val_014874,True,
vcm_val_014876,True,
vcm_val_014878,True,
vcm_val_014880,True,
vcm_val_014882,True,
vcm_val_014884,True,
vcm_val_014886,True,
vcm_val_014888,True,
vcm_val_014890,True,
vcm_val_014892,True,
vcm_val_014894,True,
vcm_val_014896,True,
vcm_val_014898,True,
vcm_val_014900,True,
vcm_val_014902,True,
vcm_val_014904,True,
vcm_val_014906,True,
vcm_val_014908,True,
vcm_val_014910,False,qa_flagged
vcm_val_014912,True,
vcm_val_014914,True,
vcm_val_014916,True,
vcm_val_014918,True,
vcm_val_014920,True,
vcm_val_014922,True,
vcm_val_014924,True,
vcm_val_014926,True,
vcm_val_014928,True,
vcm_val_014930,True,
vcm_val_014932,True,
vcm_val_014934,True,
vcm_val_014936,False,qa_flagged
vcm_val_014938,True,
vcm_val_014940,True,
vcm_val_014942,True,
vcm_val_014944,True,
vcm_val_014946,True,
vcm_val_014948,True,
vcm_val_014950,False,qa_flagged
vcm_val_014952,True,
vcm_val_014954,True,
vcm_val_014956,True,
vcm_val_014958,True,
vcm_val_014960,True,
vcm_val_014962,True,
vcm_val_014964,True,
vcm_val_014966,False,qa_flagged
vcm_val_014968,True,
vcm_val_014970,True,
vcm_val_014972,True,
vcm_val_014974,False,qa_flagged
vcm_val_014976,True,
vcm_val_014978,False,qa_flagged
vcm_val_014980,True,
vcm_val_014982,True,
vcm_val_014984,False,qa_flagged
vcm_val_014986,True,
vcm_val_014988,True,
vcm_val_014990,True,
vcm_val_014992,True,
vcm_val_014994,True,
vcm_val_014996,True,
vcm_val_014998,True,
vcm_val_015000,True,
vcm_val_015002,True,
vcm_val_015004,True,
vcm_val_015006,True,
vcm_val_015008,True,
vcm_val_015010,True,
vcm_val_015012,True,
vcm_val_015014,True,
vcm_val_015016,True,
vcm_val_015018,True,
vcm_val_015020,True,
vcm_val_015022,True,
vcm_val_015024,True,
vcm_val_015026,True,
vcm_val_015028,True,
vcm_val_015030,True,
vcm_val_015032,True,
vcm_val_015034,True,
vcm_val_015036,True,
vcm_val_015038,True,
vcm_val_015040,False,qa_flagged
vcm_val_015042,True,
vcm_val_015044,True,
vcm_val_015046,True,
vcm_val_015048,True,
vcm_val_015050,False,qa_flagged
vcm_val_015052,True,
vcm_val_015054,True,
vcm_val_015056,True,
vcm_val_015058,True,
vcm_val_015060,True,
vcm_val_015062,True,
vcm_val_015064,True,
vcm_val_015066,True,
vcm_val_015068,True,
vcm_val_015070,False,qa_flagged
vcm_val_015072,True,
vcm_val_015074,True,
vcm_val_015076,True,
vcm_val_015078,True,
vcm_val_015080,True,
vcm_val_015082,True,
vcm_val_015084,True,
vcm_val_015086,True,
vcm_val_015088,True,
vcm_val_015090,False,qa_flagged
vcm_val_015092,True,
vcm_val_015094,True,
vcm_val_015096,True,
vcm_val_015098,True,
vcm_val_015100,False,qa_flagged
vcm_val_015102,True,
vcm_val_015104,True,
vcm_val_015106,True,
vcm_val_015108,False,qa_flagged
vcm_val_015110,True,
vcm_val_015112,True,
vcm_val_015114,True,
vcm_val_015116,True,
vcm_val_015118,True,
vcm_val_015120,True,
vcm_val_015122,True,
vcm_val_015124,True,
vcm_val_015126,True,
vcm_val_015128,False,qa_flagged
vcm_val_015130,False,qa_flagged
vcm_val_015132,True,
vcm_val_015134,True,
vcm_val_015136,True,
vcm_val_015138,True,
vcm_val_015140,True,
vcm_val_015142,True,
vcm_val_015144,True,
vcm_val_015146,True,
vcm_val_015148,False,qa_flagged
vcm_val_015150,True,
vcm_val_015152,True,
vcm_val_015154,False,qa_flagged
vcm_val_015156,False,qa_flagged
vcm_val_015158,False,qa_flagged
vcm_val_015160,True,
vcm_val_015162,True,
vcm_val_015164,True,
vcm_val_015166,True,
vcm_val_015168,True,
vcm_val_015170,True,
vcm_val_015172,True,
vcm_val_015174,True,
vcm_val_015176,True,
vcm_val_015178,True,
vcm_val_015180,True,
vcm_val_015182,False,qa_flagged
vcm_val_015184,True,
vcm_val_015186,True,
vcm_val_015188,True,
vcm_val_015190,False,qa_flagged
vcm_val_015192,True,
vcm_val_015194,False,qa_flagged
vcm_val_015196,True,
vcm_val_015198,True,
vcm_val_015200,True,
vcm_val_015202,True,
vcm_val_015204,True,
vcm_val_015206,True,
vcm_val_015208,True,
vcm_val_015210,True,
vcm_val_015212,True,
vcm_val_015214,True,
vcm_val_015216,True,
vcm_val_015218,False,qa_flagged
vcm_val_015220,True,
vcm_val_015222,True,
vcm_val_015224,False,qa_flagged
vcm_val_015226,True,
vcm_val_015228,True,
vcm_val_015230,True,
vcm_val_015232,True,
vcm_val_015234,True,
vcm_val_015236,True,
vcm_val_015238,True,
vcm_val_015240,True,
vcm_val_015242,True,
vcm_val_015244,False,qa_flagged
vcm_val_015246,True,
vcm_val_015248,True,
vcm_val_015250,True,
vcm_val_015252,True,
vcm_val_015254,True,
vcm_val_015256,True,
vcm_val_015258,True,
vcm_val_015260,False,qa_flagged
vcm_val_015262,True,
vcm_val_015264,True,
vcm_val_015266,True,
vcm_val_015268,True,
vcm_val_015270,True,
vcm_val_015272,True,
vcm_val_015274,True,
vcm_val_015276,True,
vcm_val_015278,True,
vcm_val_015280,True,
vcm_val_015282,True,
vcm_val_015284,True,
vcm_val_015286,True,
vcm_val_015288,True,
vcm_val_015290,True,
vcm_val_015292,True,
vcm_val_015294,False,qa_flagged
vcm_val_015296,True,
vcm_val_015298,True,
vcm_val_015300,False,qa_flagged
vcm_val_015302,True,
vcm_val_015304,True,
vcm_val_015306,True,
vcm_val_015308,True,
vcm_val_015310,True,
vcm_val_015312,True,
vcm_val_015314,True,
vcm_val_015316,False,qa_flagged
vcm_val_015318,True,
vcm_val_015320,True,
vcm_val_015322,True,
vcm_val_015324,True,
vcm_val_015326,True,
vcm_val_015328,True,
vcm_val_015330,True,
vcm_val_015332,True,
vcm_val_015334,True,
vcm_val_015336,True,
vcm_val_015338,True,
vcm_val_015340,False,qa_flagged
vcm_val_015342,False,qa_flagged
vcm_val_015344,False,qa_flagged
vcm_val_015346,True,
vcm_val_015348,True,
vcm_val_015350,True,
vcm_val_015352,True,
vcm_val_015354,False,qa_flagged
vcm_val_015356,True,
vcm_val_015358,True,
vcm_val_015360,True,
vcm_val_015362,True,
vcm_val_015364,True,
vcm_val_015366,True,
vcm_val_015368,False,qa_flagged
vcm_val_015370,True,
vcm_val_015372,True,
vcm_val_015374,True,
vcm_val_015376,False,qa_flagged
vcm_val_015378,True,
vcm_val_015380,True,
vcm_val_015382,True,
vcm_val_015384,True,
vcm_val_015386,True,
vcm_val_015388,True,
vcm_val_015390,True,
vcm_test_015392,True,
vcm_test_015394,True,
vcm_test_015396,True,
vcm_test_015398,True,
vcm_test_015400,True,
vcm_test_015402,True,
vcm_test_015404,True,
vcm_test_015406,True,
vcm_test_015408,True,
vcm_test_015410,True,
vcm_test_015412,True,
vcm_test_015414,True,
vcm_test_015416,True,
vcm_test_015418,True,
vcm_test_015420,True,
vcm_test_015422,True,
vcm_test_015424,False,qa_flagged
vcm_test_015426,True,
vcm_test_015428,True,
vcm_test_015430,True,
vcm_test_015432,True,
vcm_test_015434,True,
vcm_test_015436,True,
vcm_test_015438,True,
vcm_test_015440,True,
vcm_test_015442,True,
vcm_test_015444,True,
vcm_test_015446,True,
vcm_test_015448,True,
vcm_test_015450,True,
vcm_test_015452,True,
vcm_test_015454,True,
vcm_test_015456,True,
vcm_test_015458,True,
vcm_test_015460,True,
vcm_test_015462,True,
vcm_test_015464,True,
vcm_test_015466,True,
vcm_test_015468,True,
vcm_test_015470,True,
vcm_test_015472,False,qa_flagged
vcm_test_015474,True,
vcm_test_015476,True,
vcm_test_015478,True,
vcm_test_015480,True,
vcm_test_015482,True,
vcm_test_015484,True,
vcm_test_015486,True,
vcm_test_015488,True,
vcm_test_015490,True,
vcm_test_015492,True,
vcm_test_015494,False,qa_flagged
vcm_test_015496,True,
vcm_test_015498,True,
vcm_test_015500,True,
vcm_test_015502,True,
vcm_test_015504,True,
vcm_test_015506,True,
vcm_test_015508,True,
vcm_test_015510,True,
vcm_test_015512,True,
vcm_test_015514,True,
vcm_test_015516,True,
vcm_test_015518,True,
vcm_test_015520,True,
vcm_test_015522,True,
vcm_test_015524,True,
vcm_test_015526,True,
vcm_test_015528,True,
vcm_test_015530,True,
vcm_test_015532,True,
vcm_test_015534,True,
vcm_test_015536,False,qa_flagged
vcm_test_015538,True,
vcm_test_015540,True,
vcm_test_015542,False,qa_flagged
vcm_test_015544,True,
vcm_test_015546,True,
vcm_test_015548,True,
vcm_test_015550,True,
vcm_test_015552,True,
vcm_test_015554,True,
vcm_test_015556,True,
vcm_test_015558,True,
vcm_test_015560,True,
vcm_test_015562,True,
vcm_test_015564,True,
vcm_test_015566,True,
vcm_test_015568,True,
vcm_test_015570,True,
vcm_test_015572,True,
vcm_test_015574,True,
vcm_test_015576,True,
vcm_test_015578,True,
vcm_test_015580,True,
vcm_test_015582,True,
vcm_test_015584,False,qa_flagged
vcm_test_015586,True,
vcm_test_015588,True,
vcm_test_015590,True,
vcm_test_015592,True,
vcm_test_015594,False,qa_flagged
vcm_test_015596,True,
vcm_test_015598,True,
vcm_test_015600,True,
vcm_test_015602,True,
vcm_test_015604,True,
vcm_test_015606,True,
vcm_test_015608,False,qa_flagged
vcm_test_015610,True,
vcm_test_015612,True,
vcm_test_015614,True,
vcm_test_015616,False,qa_flagged
vcm_test_015618,True,
vcm_test_015620,True,
vcm_test_015622,True,
vcm_test_015624,True,
vcm_test_015626,True,
vcm_test_015628,True,
vcm_test_015630,True,
vcm_test_015632,True,
vcm_test_015634,True,
vcm_test_015636,True,
vcm_test_015638,False,qa_flagged
vcm_test_015640,True,
vcm_test_015642,True,
vcm_test_015644,True,
vcm_test_015646,True,
vcm_test_015648,True,
vcm_test_015650,True,
vcm_test_015652,False,qa_flagged
vcm_test_015654,True,
vcm_test_015656,True,
vcm_test_015658,True,
vcm_test_015660,True,
vcm_test_015662,True,
vcm_test_015664,True,
vcm_test_015666,True,
vcm_test_015668,True,
vcm_test_015670,True,
vcm_test_015672,True,
vcm_test_015674,True,
vcm_test_015676,True,
vcm_test_015678,True,
vcm_test_015680,True,
vcm_test_015682,True,
vcm_test_015684,True,
vcm_test_015686,True,
vcm_test_015688,True,
vcm_test_015690,True,
vcm_test_015692,True,
vcm_test_015694,True,
vcm_test_015696,True,
vcm_test_015698,True,
vcm_test_015700,True,
vcm_test_015702,True,
vcm_test_015704,True,
vcm_test_015706,True,
vcm_test_015708,True,
vcm_test_015710,True,
vcm_test_015712,True,
vcm_test_015714,True,
vcm_test_015716,False,qa_flagged
vcm_test_015718,True,
vcm_test_015720,True,
vcm_test_015722,False,qa_flagged
vcm_test_015724,True,
vcm_test_015726,True,
vcm_test_015728,True,
vcm_test_015730,True,
vcm_test_015732,True,
vcm_test_015734,True,
vcm_test_015736,True,
vcm_test_015738,True,
vcm_test_015740,True,
vcm_test_015742,True,
vcm_test_015744,True,
vcm_test_015746,True,
vcm_test_015748,True,
vcm_test_015750,True,
vcm_test_015752,True,
vcm_test_015754,True,
vcm_test_015756,True,
vcm_test_015758,True,
vcm_test_015760,True,
vcm_test_015762,True,
vcm_test_015764,True,
vcm_test_015766,True,
vcm_test_015768,True,
vcm_test_015770,True,
vcm_test_015772,True,
vcm_test_015774,True,
vcm_test_015776,True,
vcm_test_015778,False,qa_flagged
vcm_test_015780,False,qa_flagged
vcm_test_015782,True,
vcm_test_015784,True,
vcm_test_015786,False,qa_flagged
vcm_test_015788,True,
vcm_test_015790,True,
vcm_test_015792,False,qa_flagged
vcm_test_015794,True,
vcm_test_015796,True,
vcm_test_015798,False,qa_flagged
vcm_test_015800,True,
vcm_test_015802,True,
vcm_test_015804,True,
vcm_test_015806,False,qa_flagged
vcm_test_015808,True,
vcm_test_015810,True,
vcm_test_015812,True,
vcm_test_015814,True,
vcm_test_015816,True,
vcm_test_015818,False,qa_flagged
vcm_test_015820,True,
vcm_test_015822,True,
vcm_test_015824,True,
vcm_test_015826,True,
vcm_test_015828,True,
vcm_test_015830,True,
vcm_test_015832,True,
vcm_test_015834,True,
vcm_test_015836,True,
vcm_test_015838,True,
vcm_test_015840,True,
vcm_test_015842,True,
vcm_test_015844,True,
vcm_test_015846,True,
vcm_test_015848,False,qa_flagged
vcm_test_015850,True,
vcm_test_015852,True,
vcm_test_015854,True,
vcm_test_015856,True,
vcm_test_015858,True,
vcm_test_015860,False,qa_flagged
vcm_test_015862,True,
vcm_test_015864,True,
vcm_test_015866,True,
vcm_test_015868,True,
vcm_test_015870,False,qa_flagged
vcm_test_015872,True,
vcm_test_015874,False,qa_flagged
vcm_test_015876,True,
vcm_test_015878,False,qa_flagged
vcm_test_015880,True,
vcm_test_015882,True,
vcm_test_015884,True,
vcm_test_015886,True,
vcm_test_015888,True,
vcm_test_015890,True,
vcm_test_015892,True,
vcm_test_015894,True,
vcm_test_015896,True,
vcm_test_015898,True,
vcm_test_015900,False,qa_flagged
vcm_test_015902,True,
vcm_test_015904,True,
vcm_test_015906,False,qa_flagged
vcm_test_015908,True,
vcm_test_015910,True,
vcm_test_015912,True,
vcm_test_015914,True,
vcm_test_015916,True,
vcm_test_015918,True,
vcm_test_015920,False,qa_flagged
vcm_test_015922,True,
vcm_test_015924,True,
vcm_test_015926,True,
vcm_test_015928,True,
vcm_test_015930,True,
vcm_test_015932,True,
vcm_test_015934,True,
vcm_test_015936,True,
vcm_test_015938,True,
vcm_test_015940,True,
vcm_test_015942,True,
vcm_test_015944,True,
vcm_test_015946,True,
vcm_test_015948,False,qa_flagged
vcm_test_015950,False,qa_flagged
vcm_test_015952,True,
vcm_test_015954,True,
vcm_test_015956,True,
vcm_test_015958,True,
vcm_test_015960,True,
vcm_test_015962,True,
vcm_test_015964,True,
vcm_test_015966,True,
vcm_test_015968,True,
vcm_test_015970,True,
vcm_test_015972,True,
vcm_test_015974,True,
vcm_test_015976,True,
vcm_test_015978,True,
vcm_test_015980,True,
vcm_test_015982,True,
vcm_test_015984,True,
vcm_test_015986,True,
vcm_test_015988,True,
vcm_test_015990,False,qa_flagged
vcm_test_015992,True,
vcm_test_015994,True,
vcm_test_015996,True,
vcm_test_015998,True,
vcm_test_016000,True,
vcm_test_016002,True,
vcm_test_016004,True,
vcm_test_016006,True,
vcm_test_016008,True,
vcm_test_016010,True,
vcm_test_016012,True,
vcm_test_016014,True,
vcm_test_016016,True,
vcm_test_016018,False,qa_flagged
vcm_test_016020,True,
vcm_test_016022,True,
vcm_test_016024,True,
vcm_test_016026,True,
vcm_test_016028,True,
vcm_test_016030,True,
vcm_test_016032,True,
vcm_test_016034,True,
vcm_test_016036,True,
vcm_test_016038,True,
vcm_test_016040,False,qa_flagged
vcm_test_016042,True,
vcm_test_016044,False,qa_flagged
vcm_test_016046,True,
vcm_test_016048,False,qa_flagged
vcm_test_016050,True,
vcm_test_016052,True,
vcm_test_016054,True,
vcm_test_016056,False,qa_flagged
vcm_test_016058,True,
vcm_test_016060,True,
vcm_test_016062,True,
vcm_test_016064,True,
vcm_test_016066,True,
vcm_test_016068,True,
vcm_test_016070,True,
vcm_test_016072,True,
vcm_test_016074,False,qa_flagged
vcm_test_016076,False,qa_flagged
vcm_test_016078,True,
vcm_test_016080,True,
vcm_test_016082,True,
vcm_test_016084,True,
vcm_test_016086,False,qa_flagged
vcm_test_016088,True,
vcm_test_016090,True,
vcm_test_016092,True,
vcm_test_016094,True,
vcm_test_016096,True,
vcm_test_016098,True,
vcm_test_016100,True,
vcm_test_016102,True,
vcm_test_016104,True,
vcm_test_016106,True,
vcm_test_016108,True,
vcm_test_016110,True,
vcm_test_016112,False,qa_flagged
vcm_test_016114,True,
vcm_test_016116,True,
vcm_test_016118,True,
vcm_test_016120,True,
vcm_test_016122,True,
vcm_test_016124,True,
vcm_test_016126,True,
vcm_test_016128,True,
vcm_test_016130,True,
vcm_test_016132,True,
vcm_test_016134,False,qa_flagged
vcm_test_016136,True,
vcm_test_016138,True,
vcm_test_016140,False,qa_flagged
vcm_test_016142,True,
vcm_test_016144,True,
vcm_test_016146,True,
vcm_test_016148,True,
vcm_test_016150,True,
vcm_test_016152,True,
vcm_test_016154,False,qa_flagged
vcm_test_016156,True,
vcm_test_016158,True,
vcm_test_016160,True,
vcm_test_016162,True,
vcm_test_016164,True,
vcm_test_016166,True,
vcm_test_016168,True,
vcm_test_016170,True,
vcm_test_016172,True,
vcm_test_016174,True,
vcm_test_016176,True,
vcm_test_016178,True,
vcm_test_016180,True,
vcm_test_016182,True,
vcm_test_016184,False,qa_flagged
vcm_test_016186,True,
vcm_test_016188,True,
vcm_test_016190,True,
vcm_test_016192,True,
vcm_test_016194,True,
vcm_test_016196,True,
vcm_test_016198,True,
vcm_test_016200,True,
vcm_test_016202,True,
vcm_test_016204,True,
vcm_test_016206,True,
vcm_test_016208,False,qa_flagged
vcm_test_016210,True,
vcm_test_016212,True,
vcm_test_016214,True,
vcm_test_016216,True,
vcm_test_016218,True,
vcm_test_016220,True,
vcm_test_016222,True,
vcm_test_016224,True,
vcm_test_016226,True,
vcm_test_016228,True,
vcm_test_016230,True,
vcm_test_016232,True,
vcm_test_016234,True,
vcm_test_016236,True,
vcm_test_016238,False,qa_flagged
vcm_test_016240,True,
vcm_test_016242,True,
vcm_test_016244,True,
vcm_test_016246,True,
vcm_test_016248,True,
vcm_test_016250,True,
vcm_test_016252,True,
vcm_test_016254,False,qa_flagged
vcm_test_016256,True,
vcm_test_016258,True,
vcm_test_016260,False,qa_flagged
vcm_test_016262,True,
vcm_test_016264,True,
vcm_test_016266,True,
vcm_test_016268,True,
vcm_test_016270,True,
vcm_test_016272,True,
vcm_test_016274,False,qa_flagged
vcm_test_016276,True,
vcm_test_016278,True,
vcm_test_016280,True,
vcm_test_016282,True,
vcm_test_016284,True,
vcm_test_016286,True,
vcm_test_016288,True,
vcm_test_016290,False,qa_flagged
vcm_test_016292,True,
vcm_test_016294,False,qa_flagged
vcm_test_016296,True,
vcm_test_016298,True,
vcm_test_016300,True,
vcm_test_016302,True,
vcm_test_016304,True,
vcm_test_016306,True,
vcm_test_016308,False,qa_flagged
vcm_test_016310,True,
vcm_test_016312,True,
vcm_test_016314,True,
vcm_test_016316,False,qa_flagged
vcm_test_016318,True,
vcm_test_016320,True,
vcm_test_016322,True,
vcm_test_016324,True,
vcm_test_016326,True,
vcm_test_016328,True,
vcm_test_016330,True,
vcm_test_016332,True,
vcm_test_016334,True,
vcm_test_016336,True,
vcm_test_016338,True,
vcm_test_016340,True,
vcm_test_016342,True,
vcm_test_016344,True,
vcm_test_016346,True,
vcm_test_016348,True,
vcm_test_016350,False,qa_flagged
vcm_test_016352,True,
vcm_test_016354,True,
vcm_test_016356,True,
vcm_test_016358,False,qa_flagged
vcm_test_016360,True,
vcm_test_016362,True,
vcm_test_016364,True,
vcm_test_016366,True,
vcm_test_016368,True,
vcm_test_016370,True,
vcm_test_016372,True,
vcm_test_016374,True,
vcm_test_016376,True,
vcm_test_016378,True,
vcm_test_016380,True,
vcm_test_016382,False,qa_flagged
vcm_test_016384,True,
vcm_test_016386,True,
vcm_test_016388,True,
vcm_test_016390,True,
vcm_test_016392,False,qa_flagged
vcm_test_016394,True,
vcm_test_016396,True,
vcm_test_016398,True,
vcm_test_016400,True,
vcm_test_016402,False,qa_flagged
vcm_test_016404,True,
vcm_test_016406,True,
vcm_test_016408,True,
vcm_test_016410,True,
vcm_test_016412,True,
vcm_test_016414,True,
vcm_test_016416,True,
vcm_test_016418,True,
vcm_test_016420,True,
vcm_test_016422,True,
vcm_test_016424,True,
vcm_test_016426,False,qa_flagged
vcm_test_016428,True,
vcm_test_016430,True,
vcm_test_016432,True,
vcm_test_016434,True,
vcm_test_016436,True,
vcm_test_016438,True,
vcm_test_016440,True,
vcm_test_016442,True,
vcm_test_016444,True,
vcm_test_016446,False,qa_flagged
vcm_test_016448,True,
vcm_test_016450,True,
vcm_test_016452,True,
vcm_test_016454,True,
vcm_test_016456,True,
vcm_test_016458,True,
vcm_test_016460,True,
vcm_test_016462,True,
vcm_test_016464,True,
vcm_test_016466,False,qa_flagged
vcm_test_016468,True,
vcm_test_016470,True,
vcm_test_016472,True,
vcm_test_016474,True,
vcm_test_016476,True,
vcm_test_016478,False,qa_flagged
vcm_test_016480,False,qa_flagged
vcm_test_016482,True,
vcm_test_016484,True,
vcm_test_016486,True,
vcm_test_016488,True,
vcm_test_016490,True,
vcm_test_016492,False,qa_flagged
vcm_test_016494,True,
vcm_test_016496,True,
vcm_test_016498,True,
vcm_test_016500,True,
vcm_test_016502,True,
vcm_test_016504,True,
vcm_test_016506,True,
vcm_test_016508,True,
vcm_test_016510,True,
vcm_test_016512,False,qa_flagged
vcm_test_016514,True,
vcm_test_016516,True,
vcm_test_016518,False,qa_flagged
vcm_test_016520,True,
vcm_test_016522,True,
vcm_test_016524,True,
vcm_test_016526,True,
vcm_test_016528,False,qa_flagged
vcm_test_016530,True,
vcm_test_016532,True,
vcm_test_016534,True,
vcm_test_016536,True,
vcm_test_016538,False,qa_flagged
vcm_test_016540,True,
vcm_test_016542,True,
vcm_test_016544,True,
vcm_test_016546,False,qa_flagged
vcm_test_016548,True,
vcm_test_016550,True,
vcm_test_016552,True,
vcm_test_016554,True,
vcm_test_016556,True,
vcm_test_016558,True,
vcm_test_016560,False,qa_flagged
vcm_test_016562,False,qa_flagged
vcm_test_016564,True,
vcm_test_016566,False,qa_flagged
vcm_test_016568,True,
vcm_test_016570,True,
vcm_test_016572,False,qa_flagged
vcm_test_016574,True,
vcm_test_016576,True,
vcm_test_016578,True,
vcm_test_016580,True,
vcm_test_016582,True,
vcm_test_016584,True,
vcm_test_016586,True,
vcm_test_016588,True,
vcm_test_016590,True,
vcm_test_016592,True,
vcm_test_016594,True,
vcm_test_016596,False,qa_flagged
vcm_test_016598,True,
vcm_test_016600,True,
vcm_test_016602,True,
vcm_test_016604,True,
vcm_test_016606,True,
vcm_test_016608,False,qa_flagged
vcm_test_016610,True,
vcm_test_016612,True,
vcm_test_016614,True,
vcm_test_016616,True,
vcm_test_016618,True,
vcm_test_016620,True,
vcm_test_016622,True,
vcm_test_016624,True,
vcm_test_016626,True,
vcm_test_016628,True,
vcm_test_016630,True,
vcm_test_016632,False,qa_flagged
vcm_test_016634,True,
vcm_test_016636,True,
vcm_test_016638,False,qa_flagged
vcm_test_016640,True,
vcm_test_016642,True,
vcm_test_016644,True,
vcm_test_016646,True,
vcm_test_016648,True,
vcm_test_016650,True,
vcm_test_016652,True,
vcm_test_016654,True,
vcm_test_016656,True,
vcm_test_016658,True,
vcm_test_016660,True,
vcm_test_016662,True,
vcm_test_016664,True,
vcm_test_016666,True,
vcm_test_016668,True,
vcm_test_016670,True,
vcm_test_016672,False,qa_flagged
vcm_test_016674,True,
vcm_test_016676,True,
vcm_test_016678,True,
vcm_test_016680,True,
vcm_test_016682,True,
vcm_test_016684,True,
vcm_test_016686,True,
vcm_test_016688,True,
vcm_test_016690,True,
vcm_test_016692,True,
vcm_test_016694,True,
vcm_test_016696,True,
vcm_test_016698,True,
vcm_test_016700,False,qa_flagged
vcm_test_016702,True,
vcm_test_016704,True,
vcm_test_016706,True,
vcm_test_016708,True,
vcm_test_016710,True,
vcm_test_016712,True,
vcm_test_016714,True,
vcm_test_016716,True,
vcm_test_016718,True,
vcm_test_016720,True,
vcm_test_016722,False,qa_flagged
vcm_test_016724,True,
vcm_test_016726,True,
vcm_test_016728,True,
vcm_test_016730,True,
vcm_test_016732,True,
vcm_test_016734,True,
vcm_test_016736,True,
vcm_test_016738,True,
vcm_test_016740,True,
vcm_test_016742,True,
vcm_test_016744,True,
vcm_test_016746,True,
vcm_test_016748,False,qa_flagged
vcm_test_016750,True,
vcm_test_016752,True,
vcm_test_016754,False,qa_flagged
vcm_test_016756,False,qa_flagged
vcm_test_016758,False,qa_flagged
vcm_test_016760,True,
vcm_test_016762,True,
vcm_test_016764,False,qa_flagged
vcm_test_016766,True,
vcm_test_016768,True,
vcm_test_016770,False,qa_flagged
vcm_test_016772,False,qa_flagged
vcm_test_016774,True,
vcm_test_016776,True,
vcm_test_016778,True,
vcm_test_016780,True,
vcm_test_016782,True,
vcm_test_016784,True,
vcm_test_016786,False,qa_flagged
vcm_test_016788,True,
vcm_test_016790,True,
vcm_test_016792,True,
vcm_test_016794,True,
vcm_test_016796,True,
vcm_test_016798,True,
vcm_test_016800,False,qa_flagged
vcm_test_016802,True,
vcm_test_016804,True,
vcm_test_016806,True,
vcm_test_016808,True,
vcm_test_016810,True,
vcm_test_016812,True,
vcm_test_016814,True,
vcm_test_016816,False,qa_flagged
vcm_test_016818,True,
vcm_test_016820,True,
vcm_test_016822,True,
vcm_test_016824,True,
vcm_test_016826,True,
vcm_test_016828,True,
vcm_test_016830,True,
vcm_test_016832,True,
vcm_test_016834,True,
vcm_test_016836,True,
vcm_test_016838,True,
vcm_test_016840,True,
vcm_test_016842,True,
vcm_test_016844,False,qa_flagged
vcm_test_016846,True,
vcm_test_016848,True,
vcm_test_016850,True,
vcm_test_016852,False,qa_flagged
vcm_test_016854,False,qa_flagged
vcm_test_016856,True,
vcm_test_016858,True,
vcm_test_016860,True,
vcm_test_016862,True,
vcm_test_016864,True,
vcm_test_016866,False,qa_flagged
vcm_test_016868,True,
vcm_test_016870,True,
vcm_test_016872,True,
vcm_test_016874,True,
vcm_test_016876,True,
vcm_test_016878,True,
vcm_test_016880,True,
vcm_test_016882,True,
vcm_test_016884,True,
vcm_test_016886,True,
vcm_test_016888,True,
vcm_test_016890,True,
vcm_test_016892,True,
vcm_test_016894,True,
vcm_test_016896,True,
vcm_test_016898,True,
vcm_test_016900,True,
vcm_test_016902,True,
vcm_test_016904,True,
vcm_test_016906,True,
vcm_test_016908,False,qa_flagged
vcm_test_016910,True,
vcm_test_016912,True,
vcm_test_016914,True,
vcm_test_016916,True,
vcm_test_016918,True,
vcm_test_016920,True,
vcm_test_016922,True,
vcm_test_016924,True,
vcm_test_016926,True,
vcm_test_016928,True,
vcm_test_016930,True,
vcm_test_016932,True,
vcm_test_016934,True,
vcm_test_016936,True,
vcm_test_016938,True,
vcm_test_016940,True,
vcm_test_016942,False,qa_flagged
vcm_test_016944,True,
vcm_test_016946,True,
vcm_test_016948,False,qa_flagged
vcm_test_016950,True,
vcm_test_016952,True,
vcm_test_016954,False,qa_flagged
vcm_test_016956,True,
vcm_test_016958,True,
vcm_test_016960,True,
vcm_test_016962,True,
vcm_test_016964,True,
vcm_test_016966,True,
vcm_test_016968,False,qa_flagged
vcm_test_016970,True,
vcm_test_016972,True,
vcm_test_016974,True,
vcm_test_016976,True,
vcm_test_016978,True,
vcm_test_016980,True,
vcm_test_016982,True,
vcm_test_016984,False,qa_flagged
vcm_test_016986,True,
vcm_test_016988,True,
vcm_test_016990,True,
vcm_test_016992,True,
vcm_test_016994,True,
vcm_test_016996,True,
vcm_test_016998,True,
vcm_test_017000,True,
vcm_test_017002,True,
vcm_test_017004,True,
vcm_test_017006,True,
vcm_test_017008,False,qa_flagged
vcm_test_017010,True,
vcm_test_017012,True,
vcm_test_017014,True,
vcm_test_017016,True,
vcm_test_017018,True,
vcm_test_017020,True,
vcm_test_017022,True,
vcm_test_017024,True,
vcm_test_017026,True,
vcm_test_017028,True,
vcm_test_017030,True,
vcm_test_017032,True,
vcm_test_017034,False,qa_flagged
vcm_test_017036,True,
vcm_test_017038,False,qa_flagged
vcm_test_017040,False,qa_flagged
vcm_test_017042,False,qa_flagged
vcm_test_017044,True,
vcm_test_017046,True,
vcm_test_017048,True,
vcm_test_017050,True,
vcm_test_017052,True,
vcm_test_017054,True,
vcm_test_017056,True,
vcm_test_017058,True,
vcm_test_017060,True,
vcm_test_017062,True,
vcm_test_017064,True,
vcm_test_017066,True,
vcm_test_017068,True,
vcm_test_017070,True,
vcm_test_017072,False,qa_flagged
vcm_test_017074,True,
vcm_test_017076,True,
vcm_test_017078,True,
vcm_test_017080,True,
vcm_test_017082,True,
vcm_test_017084,True,
vcm_test_017086,True,
vcm_test_017088,False,qa_flagged
vcm_test_017090,True,
vcm_test_017092,True,
vcm_test_017094,True,
vcm_test_017096,True,
vcm_test_017098,True,
vcm_test_017100,True,
vcm_test_017102,True,
vcm_test_017104,True,
vcm_test_017106,False,qa_flagged
vcm_test_017108,True,
vcm_test_017110,True,
vcm_test_017112,True,
vcm_test_017114,True,
vcm_test_017116,True,
vcm_test_017118,True,
vcm_test_017120,False,qa_flagged
vcm_test_017122,True,
vcm_test_017124,True,
vcm_test_017126,True,
vcm_test_017128,True,
vcm_test_017130,True,
vcm_test_017132,True,
vcm_test_017134,True,
vcm_test_017136,True,
vcm_test_017138,False,qa_flagged
vcm_test_017140,True,
vcm_test_017142,True,
vcm_test_017144,True,
vcm_test_017146,True,
vcm_test_017148,True,
vcm_test_017150,False,qa_flagged
vcm_test_017152,False,qa_flagged
vcm_test_017154,True,
vcm_test_017156,True,
vcm_test_017158,True,
vcm_test_017160,True,
vcm_test_017162,True,
vcm_test_017164,True,
vcm_test_017166,True,
vcm_test_017168,True,
vcm_test_017170,True,
vcm_test_017172,True,
vcm_test_017174,True,
vcm_test_017176,True,
vcm_test_017178,True,
vcm_test_017180,True,
vcm_test_017182,True,
vcm_test_017184,False,qa_flagged
vcm_test_017186,True,
vcm_test_017188,True,
vcm_test_017190,True,
vcm_test_017192,False,qa_flagged
vcm_test_017194,True,
vcm_test_017196,True,
vcm_test_017198,True,
vcm_test_017200,True,
vcm_test_017202,True,
vcm_test_017204,True,
vcm_test_017206,True,
vcm_test_017208,True,
vcm_test_017210,False,qa_flagged
vcm_test_017212,True,
vcm_test_017214,True,
vcm_test_017216,True,
vcm_test_017218,True,
vcm_test_017220,True,
vcm_test_017222,True,
vcm_test_017224,False,qa_flagged
vcm_test_017226,True,
vcm_test_017228,True,
vcm_test_017230,False,qa_flagged
vcm_test_017232,True,
vcm_test_017234,False,qa_flagged
vcm_test_017236,True,
vcm_test_017238,True,
vcm_test_017240,True,
vcm_test_017242,True,
vcm_test_017244,True,
vcm_test_017246,True,
vcm_test_017248,True,
vcm_test_017250,True,
vcm_test_017252,True,
vcm_test_017254,True,
vcm_test_017256,True,
vcm_test_017258,True,
vcm_test_017260,True,
vcm_test_017262,False,qa_flagged
vcm_test_017264,True,
vcm_test_017266,True,
vcm_test_017268,True,
vcm_test_017270,True,
vcm_test_017272,True,
wakeword_train_000001,True,
wakeword_train_000003,True,
wakeword_train_000005,True,
wakeword_train_000007,True,
wakeword_train_000009,True,
wakeword_train_000011,True,
wakeword_train_000013,True,
wakeword_train_000015,True,
wakeword_train_000017,True,
wakeword_train_000019,True,
wakeword_train_000021,True,
wakeword_train_000023,True,
wakeword_train_000025,True,
wakeword_train_000027,True,
wakeword_train_000029,True,
wakeword_train_000031,True,
wakeword_train_000033,True,
wakeword_train_000035,True,
wakeword_train_000037,True,
wakeword_train_000039,True,
wakeword_train_000041,True,
wakeword_train_000043,True,
wakeword_train_000045,True,
wakeword_train_000047,True,
wakeword_train_000049,True,
wakeword_train_000051,True,
wakeword_train_000053,True,
wakeword_train_000055,True,
wakeword_train_000057,True,
wakeword_train_000059,True,
wakeword_train_000061,True,
wakeword_train_000063,False,qa_flagged
wakeword_train_000065,True,
wakeword_train_000067,False,qa_flagged
wakeword_train_000069,True,
wakeword_train_000071,True,
wakeword_train_000073,True,
wakeword_train_000075,True,
wakeword_train_000077,True,
wakeword_train_000079,True,
wakeword_train_000081,True,
wakeword_train_000083,True,
wakeword_train_000085,True,
wakeword_train_000087,True,
wakeword_train_000089,False,qa_flagged
wakeword_train_000091,True,
wakeword_train_000093,True,
wakeword_train_000095,True,
wakeword_train_000097,True,
wakeword_train_000099,True,
wakeword_train_000101,True,
wakeword_train_000103,True,
wakeword_train_000105,True,
wakeword_train_000107,False,qa_flagged
wakeword_train_000109,True,
wakeword_train_000111,True,
wakeword_train_000113,False,qa_flagged
wakeword_train_000115,True,
wakeword_train_000117,False,qa_flagged
wakeword_train_000119,False,qa_flagged
wakeword_train_000121,True,
wakeword_train_000123,True,
wakeword_train_000125,True,
wakeword_train_000127,True,
wakeword_train_000129,True,
wakeword_train_000131,True,
wakeword_train_000133,True,
wakeword_train_000135,False,qa_flagged
wakeword_train_000137,True,
wakeword_train_000139,True,
wakeword_train_000141,True,
wakeword_train_000143,True,
wakeword_train_000145,True,
wakeword_train_000147,True,
wakeword_train_000149,True,
wakeword_train_000151,True,
wakeword_train_000153,True,
wakeword_train_000155,False,qa_flagged
wakeword_train_000157,True,
wakeword_train_000159,False,qa_flagged
wakeword_train_000161,True,
wakeword_train_000163,True,
wakeword_train_000165,True,
wakeword_train_000167,True,
wakeword_train_000169,True,
wakeword_train_000171,True,
wakeword_train_000173,True,
wakeword_train_000175,False,qa_flagged
wakeword_train_000177,True,
wakeword_train_000179,True,
wakeword_train_000181,True,
wakeword_train_000183,True,
wakeword_train_000185,True,
wakeword_train_000187,True,
wakeword_train_000189,True,
wakeword_train_000191,True,
wakeword_train_000193,False,qa_flagged
wakeword_train_000195,True,
wakeword_train_000197,True,
wakeword_train_000199,True,
wakeword_train_000201,True,
wakeword_train_000203,True,
wakeword_train_000205,False,qa_flagged
wakeword_train_000207,True,
wakeword_train_000209,True,
wakeword_train_000211,True,
wakeword_train_000213,True,
wakeword_train_000215,True,
wakeword_train_000217,True,
wakeword_train_000219,True,
wakeword_train_000221,False,qa_flagged
wakeword_train_000223,True,
wakeword_train_000225,True,
wakeword_train_000227,True,
wakeword_train_000229,True,
wakeword_train_000231,True,
wakeword_train_000233,True,
wakeword_train_000235,True,
wakeword_train_000237,True,
wakeword_train_000239,True,
wakeword_train_000241,True,
wakeword_train_000243,True,
wakeword_train_000245,True,
wakeword_train_000247,True,
wakeword_train_000249,True,
wakeword_train_000251,True,
wakeword_train_000253,True,
wakeword_train_000255,True,
wakeword_train_000257,True,
wakeword_train_000259,True,
wakeword_train_000261,True,
wakeword_train_000263,True,
wakeword_train_000265,True,
wakeword_train_000267,False,qa_flagged
wakeword_train_000269,True,
wakeword_train_000271,True,
wakeword_train_000273,True,
wakeword_train_000275,True,
wakeword_train_000277,False,qa_flagged
wakeword_train_000279,True,
wakeword_train_000281,False,qa_flagged
wakeword_train_000283,True,
wakeword_train_000285,True,
wakeword_train_000287,True,
wakeword_train_000289,True,
wakeword_train_000291,True,
wakeword_train_000293,True,
wakeword_train_000295,True,
wakeword_train_000297,True,
wakeword_train_000299,True,
wakeword_train_000301,True,
wakeword_train_000303,True,
wakeword_train_000305,True,
wakeword_train_000307,True,
wakeword_train_000309,True,
wakeword_train_000311,True,
wakeword_train_000313,True,
wakeword_train_000315,False,qa_flagged
wakeword_train_000317,True,
wakeword_train_000319,True,
wakeword_train_000321,True,
wakeword_train_000323,True,
wakeword_train_000325,True,
wakeword_train_000327,True,
wakeword_train_000329,False,qa_flagged
wakeword_train_000331,True,
wakeword_train_000333,True,
wakeword_train_000335,True,
wakeword_train_000337,True,
wakeword_train_000339,True,
wakeword_train_000341,True,
wakeword_train_000343,True,
wakeword_train_000345,True,
wakeword_train_000347,True,
wakeword_train_000349,False,qa_flagged
wakeword_train_000351,True,
wakeword_train_000353,True,
wakeword_train_000355,True,
wakeword_train_000357,True,
wakeword_train_000359,True,
wakeword_train_000361,True,
wakeword_train_000363,True,
wakeword_train_000365,True,
wakeword_train_000367,True,
wakeword_train_000369,True,
wakeword_train_000371,True,
wakeword_train_000373,True,
wakeword_train_000375,True,
wakeword_train_000377,True,
wakeword_train_000379,True,
wakeword_train_000381,True,
wakeword_train_000383,True,
wakeword_train_000385,True,
wakeword_train_000387,True,
wakeword_train_000389,True,
wakeword_train_000391,True,
wakeword_train_000393,True,
wakeword_train_000395,True,
wakeword_train_000397,True,
wakeword_train_000399,True,
wakeword_train_000401,True,
wakeword_train_000403,True,
wakeword_train_000405,True,
wakeword_train_000407,True,
wakeword_train_000409,True,
wakeword_train_000411,True,
wakeword_train_000413,False,qa_flagged
wakeword_train_000415,True,
wakeword_train_000417,True,
wakeword_train_000419,False,qa_flagged
wakeword_train_000421,True,
wakeword_train_000423,True,
wakeword_train_000425,True,
wakeword_train_000427,True,
wakeword_train_000429,True,
wakeword_train_000431,True,
wakeword_train_000433,True,
wakeword_train_000435,True,
wakeword_train_000437,True,
wakeword_train_000439,True,
wakeword_train_000441,True,
wakeword_train_000443,True,
wakeword_train_000445,True,
wakeword_train_000447,True,
wakeword_train_000449,True,
wakeword_train_000451,True,
wakeword_train_000453,True,
wakeword_train_000455,True,
wakeword_train_000457,True,
wakeword_train_000459,True,
wakeword_train_000461,True,
wakeword_train_000463,False,qa_flagged
wakeword_train_000465,True,
wakeword_train_000467,True,
wakeword_train_000469,True,
wakeword_train_000471,True,
wakeword_train_000473,True,
wakeword_train_000475,True,
wakeword_train_000477,True,
wakeword_train_000479,True,
wakeword_train_000481,False,qa_flagged
wakeword_train_000483,True,
wakeword_train_000485,True,
wakeword_train_000487,True,
wakeword_train_000489,False,qa_flagged
wakeword_train_000491,True,
wakeword_train_000493,True,
wakeword_train_000495,True,
wakeword_train_000497,True,
wakeword_train_000499,True,
wakeword_train_000501,True,
wakeword_train_000503,True,
wakeword_train_000505,False,qa_flagged
wakeword_train_000507,False,qa_flagged
wakeword_train_000509,True,
wakeword_train_000511,True,
wakeword_train_000513,True,
wakeword_train_000515,True,
wakeword_train_000517,True,
wakeword_train_000519,True,
wakeword_train_000521,True,
wakeword_train_000523,True,
wakeword_train_000525,True,
wakeword_train_000527,True,
wakeword_train_000529,True,
wakeword_train_000531,True,
wakeword_train_000533,True,
wakeword_train_000535,True,
wakeword_train_000537,True,
wakeword_train_000539,True,
wakeword_train_000541,True,
wakeword_train_000543,True,
wakeword_train_000545,True,
wakeword_train_000547,True,
wakeword_train_000549,False,qa_flagged
wakeword_train_000551,True,
wakeword_train_000553,True,
wakeword_train_000555,True,
wakeword_train_000557,True,
wakeword_train_000559,True,
wakeword_train_000561,True,
wakeword_train_000563,True,
wakeword_train_000565,True,
wakeword_train_000567,True,
wakeword_train_000569,True,
wakeword_train_000571,True,
wakeword_train_000573,True,
wakeword_train_000575,True,
wakeword_train_000577,True,
wakeword_train_000579,True,
wakeword_train_000581,True,
wakeword_train_000583,False,qa_flagged
wakeword_train_000585,True,
wakeword_train_000587,True,
wakeword_train_000589,True,
wakeword_train_000591,True,
wakeword_train_000593,False,qa_flagged
wakeword_train_000595,True,
wakeword_train_000597,True,
wakeword_train_000599,True,
wakeword_train_000601,True,
wakeword_train_000603,True,
wakeword_train_000605,True,
wakeword_train_000607,True,
wakeword_train_000609,True,
wakeword_train_000611,True,
wakeword_train_000613,True,
wakeword_train_000615,False,qa_flagged
wakeword_train_000617,True,
wakeword_train_000619,True,
wakeword_train_000621,True,
wakeword_train_000623,True,
wakeword_train_000625,True,
wakeword_train_000627,True,
wakeword_train_000629,True,
wakeword_train_000631,True,
wakeword_train_000633,False,qa_flagged
wakeword_train_000635,True,
wakeword_train_000637,True,
wakeword_train_000639,True,
wakeword_train_000641,True,
wakeword_train_000643,True,
wakeword_train_000645,True,
wakeword_train_000647,True,
wakeword_train_000649,True,
wakeword_train_000651,False,qa_flagged
wakeword_train_000653,True,
wakeword_train_000655,False,qa_flagged
wakeword_train_000657,True,
wakeword_train_000659,True,
wakeword_train_000661,True,
wakeword_train_000663,False,qa_flagged
wakeword_train_000665,True,
wakeword_train_000667,True,
wakeword_train_000669,False,qa_flagged
wakeword_train_000671,True,
wakeword_train_000673,True,
wakeword_train_000675,True,
wakeword_train_000677,True,
wakeword_train_000679,True,
wakeword_train_000681,False,qa_flagged
wakeword_train_000683,True,
wakeword_train_000685,True,
wakeword_train_000687,True,
wakeword_train_000689,True,
wakeword_train_000691,True,
wakeword_train_000693,True,
wakeword_train_000695,True,
wakeword_train_000697,True,
wakeword_train_000699,True,
wakeword_train_000701,True,
wakeword_train_000703,True,
wakeword_train_000705,True,
wakeword_train_000707,True,
wakeword_train_000709,True,
wakeword_train_000711,True,
wakeword_train_000713,True,
wakeword_train_000715,True,
wakeword_train_000717,True,
wakeword_train_000719,False,qa_flagged
wakeword_train_000721,True,
wakeword_train_000723,True,
wakeword_train_000725,True,
wakeword_train_000727,True,
wakeword_train_000729,True,
wakeword_train_000731,True,
wakeword_train_000733,True,
wakeword_train_000735,True,
wakeword_train_000737,False,qa_flagged
wakeword_train_000739,True,
wakeword_train_000741,True,
wakeword_train_000743,True,
wakeword_train_000745,True,
wakeword_train_000747,True,
wakeword_train_000749,True,
wakeword_train_000751,True,
wakeword_train_000753,True,
wakeword_train_000755,True,
wakeword_train_000757,False,qa_flagged
wakeword_train_000759,True,
wakeword_train_000761,True,
wakeword_train_000763,True,
wakeword_train_000765,True,
wakeword_train_000767,True,
wakeword_train_000769,True,
wakeword_train_000771,True,
wakeword_train_000773,True,
wakeword_train_000775,False,qa_flagged
wakeword_train_000777,True,
wakeword_train_000779,True,
wakeword_train_000781,True,
wakeword_train_000783,True,
wakeword_train_000785,True,
wakeword_train_000787,False,qa_flagged
wakeword_train_000789,True,
wakeword_train_000791,True,
wakeword_train_000793,True,
wakeword_train_000795,True,
wakeword_train_000797,False,qa_flagged
wakeword_train_000799,True,
wakeword_train_000801,True,
wakeword_train_000803,True,
wakeword_train_000805,True,
wakeword_train_000807,True,
wakeword_train_000809,True,
wakeword_train_000811,True,
wakeword_train_000813,True,
wakeword_train_000815,True,
wakeword_train_000817,True,
wakeword_train_000819,True,
wakeword_train_000821,True,
wakeword_train_000823,True,
wakeword_train_000825,True,
wakeword_train_000827,True,
wakeword_train_000829,True,
wakeword_train_000831,True,
wakeword_train_000833,True,
wakeword_train_000835,True,
wakeword_train_000837,True,
wakeword_train_000839,True,
wakeword_train_000841,False,qa_flagged
wakeword_train_000843,True,
wakeword_train_000845,True,
wakeword_train_000847,True,
wakeword_train_000849,True,
wakeword_train_000851,True,
wakeword_train_000853,True,
wakeword_train_000855,True,
wakeword_train_000857,True,
wakeword_train_000859,True,
wakeword_train_000861,True,
wakeword_train_000863,True,
wakeword_train_000865,True,
wakeword_train_000867,True,
wakeword_train_000869,True,
wakeword_train_000871,True,
wakeword_train_000873,True,
wakeword_train_000875,True,
wakeword_train_000877,True,
wakeword_train_000879,True,
wakeword_train_000881,True,
wakeword_train_000883,True,
wakeword_train_000885,True,
wakeword_train_000887,True,
wakeword_train_000889,True,
wakeword_train_000891,True,
wakeword_train_000893,True,
wakeword_train_000895,True,
wakeword_train_000897,True,
wakeword_train_000899,True,
wakeword_train_000901,True,
wakeword_train_000903,True,
wakeword_train_000905,True,
wakeword_train_000907,False,qa_flagged
wakeword_train_000909,True,
wakeword_train_000911,True,
wakeword_train_000913,True,
wakeword_train_000915,True,
wakeword_train_000917,True,
wakeword_train_000919,True,
wakeword_train_000921,True,
wakeword_train_000923,False,qa_flagged
wakeword_train_000925,True,
wakeword_train_000927,True,
wakeword_train_000929,True,
wakeword_train_000931,False,qa_flagged
wakeword_train_000933,True,
wakeword_train_000935,True,
wakeword_train_000937,True,
wakeword_train_000939,True,
wakeword_train_000941,False,qa_flagged
wakeword_train_000943,False,qa_flagged
wakeword_train_000945,True,
wakeword_train_000947,True,
wakeword_train_000949,True,
wakeword_train_000951,False,qa_flagged
wakeword_train_000953,True,
wakeword_train_000955,True,
wakeword_train_000957,False,qa_flagged
wakeword_train_000959,True,
wakeword_train_000961,True,
wakeword_train_000963,True,
wakeword_train_000965,True,
wakeword_train_000967,True,
wakeword_train_000969,True,
wakeword_train_000971,True,
wakeword_train_000973,True,
wakeword_train_000975,True,
wakeword_train_000977,True,
wakeword_train_000979,True,
wakeword_train_000981,True,
wakeword_train_000983,True,
wakeword_train_000985,True,
wakeword_train_000987,True,
wakeword_train_000989,True,
wakeword_train_000991,False,qa_flagged
wakeword_train_000993,True,
wakeword_train_000995,True,
wakeword_train_000997,True,
wakeword_train_000999,True,
wakeword_train_001001,True,
wakeword_train_001003,True,
wakeword_train_001005,True,
wakeword_train_001007,True,
wakeword_train_001009,False,qa_flagged
wakeword_train_001011,True,
wakeword_train_001013,True,
wakeword_train_001015,True,
wakeword_train_001017,True,
wakeword_train_001019,True,
wakeword_train_001021,False,qa_flagged
wakeword_train_001023,True,
wakeword_train_001025,True,
wakeword_train_001027,True,
wakeword_train_001029,True,
wakeword_train_001031,True,
wakeword_train_001033,True,
wakeword_train_001035,True,
wakeword_train_001037,True,
wakeword_train_001039,True,
wakeword_train_001041,False,qa_flagged
wakeword_train_001043,True,
wakeword_train_001045,True,
wakeword_train_001047,True,
wakeword_train_001049,True,
wakeword_train_001051,True,
wakeword_train_001053,False,qa_flagged
wakeword_train_001055,True,
wakeword_train_001057,True,
wakeword_train_001059,True,
wakeword_train_001061,True,
wakeword_train_001063,True,
wakeword_train_001065,True,
wakeword_train_001067,True,
wakeword_train_001069,True,
wakeword_train_001071,True,
wakeword_train_001073,True,
wakeword_train_001075,True,
wakeword_train_001077,True,
wakeword_train_001079,True,
wakeword_train_001081,True,
wakeword_train_001083,True,
wakeword_train_001085,True,
wakeword_train_001087,True,
wakeword_train_001089,True,
wakeword_train_001091,True,
wakeword_train_001093,True,
wakeword_train_001095,True,
wakeword_train_001097,True,
wakeword_train_001099,True,
wakeword_train_001101,True,
wakeword_train_001103,True,
wakeword_train_001105,True,
wakeword_train_001107,True,
wakeword_train_001109,True,
wakeword_train_001111,True,
wakeword_train_001113,True,
wakeword_train_001115,True,
wakeword_train_001117,True,
wakeword_train_001119,True,
wakeword_train_001121,True,
wakeword_train_001123,True,
wakeword_train_001125,True,
wakeword_train_001127,True,
wakeword_train_001129,True,
wakeword_train_001131,True,
wakeword_train_001133,True,
wakeword_train_001135,True,
wakeword_train_001137,False,qa_flagged
wakeword_train_001139,True,
wakeword_train_001141,True,
wakeword_train_001143,True,
wakeword_train_001145,False,qa_flagged
wakeword_train_001147,True,
wakeword_train_001149,True,
wakeword_train_001151,True,
wakeword_train_001153,True,
wakeword_train_001155,True,
wakeword_train_001157,True,
wakeword_train_001159,True,
wakeword_train_001161,True,
wakeword_train_001163,True,
wakeword_train_001165,True,
wakeword_train_001167,True,
wakeword_train_001169,True,
wakeword_train_001171,False,qa_flagged
wakeword_train_001173,True,
wakeword_train_001175,True,
wakeword_train_001177,True,
wakeword_train_001179,True,
wakeword_train_001181,True,
wakeword_train_001183,True,
wakeword_train_001185,True,
wakeword_train_001187,True,
wakeword_train_001189,True,
wakeword_train_001191,True,
wakeword_train_001193,True,
wakeword_train_001195,False,qa_flagged
wakeword_train_001197,True,
wakeword_train_001199,True,
wakeword_train_001201,True,
wakeword_train_001203,True,
wakeword_train_001205,True,
wakeword_train_001207,True,
wakeword_train_001209,True,
wakeword_train_001211,True,
wakeword_train_001213,True,
wakeword_train_001215,True,
wakeword_train_001217,True,
wakeword_train_001219,False,qa_flagged
wakeword_train_001221,True,
wakeword_train_001223,True,
wakeword_train_001225,True,
wakeword_train_001227,True,
wakeword_train_001229,True,
wakeword_train_001231,True,
wakeword_train_001233,True,
wakeword_train_001235,True,
wakeword_train_001237,True,
wakeword_train_001239,True,
wakeword_train_001241,True,
wakeword_train_001243,True,
wakeword_train_001245,True,
wakeword_train_001247,True,
wakeword_train_001249,False,qa_flagged
wakeword_train_001251,True,
wakeword_train_001253,True,
wakeword_train_001255,True,
wakeword_train_001257,True,
wakeword_train_001259,False,qa_flagged
wakeword_train_001261,True,
wakeword_train_001263,False,qa_flagged
wakeword_train_001265,True,
wakeword_train_001267,True,
wakeword_train_001269,True,
wakeword_train_001271,True,
wakeword_train_001273,True,
wakeword_train_001275,True,
wakeword_train_001277,True,
wakeword_train_001279,False,qa_flagged
wakeword_train_001281,True,
wakeword_train_001283,True,
wakeword_train_001285,True,
wakeword_train_001287,True,
wakeword_train_001289,True,
wakeword_train_001291,True,
wakeword_train_001293,True,
wakeword_train_001295,True,
wakeword_train_001297,True,
wakeword_train_001299,True,
wakeword_train_001301,True,
wakeword_train_001303,True,
wakeword_train_001305,True,
wakeword_train_001307,False,qa_flagged
wakeword_train_001309,True,
wakeword_train_001311,True,
wakeword_train_001313,False,qa_flagged
wakeword_train_001315,True,
wakeword_train_001317,True,
wakeword_train_001319,True,
wakeword_train_001321,False,qa_flagged
wakeword_train_001323,True,
wakeword_train_001325,True,
wakeword_train_001327,True,
wakeword_train_001329,True,
wakeword_train_001331,True,
wakeword_train_001333,True,
wakeword_train_001335,True,
wakeword_train_001337,True,
wakeword_train_001339,True,
wakeword_train_001341,True,
wakeword_train_001343,True,
wakeword_train_001345,True,
wakeword_train_001347,True,
wakeword_train_001349,True,
wakeword_train_001351,True,
wakeword_train_001353,True,
wakeword_train_001355,True,
wakeword_train_001357,True,
wakeword_train_001359,False,qa_flagged
wakeword_train_001361,True,
wakeword_train_001363,True,
wakeword_train_001365,True,
wakeword_train_001367,True,
wakeword_train_001369,True,
wakeword_train_001371,True,
wakeword_train_001373,True,
wakeword_train_001375,True,
wakeword_train_001377,True,
wakeword_train_001379,True,
wakeword_train_001381,True,
wakeword_train_001383,True,
wakeword_train_001385,True,
wakeword_train_001387,True,
wakeword_train_001389,True,
wakeword_train_001391,True,
wakeword_train_001393,True,
wakeword_train_001395,False,qa_flagged
wakeword_train_001397,True,
wakeword_train_001399,True,
wakeword_train_001401,True,
wakeword_train_001403,True,
wakeword_train_001405,True,
wakeword_train_001407,True,
wakeword_train_001409,True,
wakeword_train_001411,True,
wakeword_val_001413,True,
wakeword_val_001415,False,qa_flagged
wakeword_val_001417,False,qa_flagged
wakeword_val_001419,True,
wakeword_val_001421,True,
wakeword_val_001423,True,
wakeword_val_001425,True,
wakeword_val_001427,True,
wakeword_val_001429,True,
wakeword_val_001431,True,
wakeword_val_001433,True,
wakeword_val_001435,True,
wakeword_val_001437,True,
wakeword_val_001439,True,
wakeword_val_001441,False,qa_flagged
wakeword_val_001443,True,
wakeword_val_001445,True,
wakeword_val_001447,True,
wakeword_val_001449,True,
wakeword_val_001451,True,
wakeword_val_001453,False,qa_flagged
wakeword_val_001455,True,
wakeword_val_001457,True,
wakeword_val_001459,True,
wakeword_val_001461,True,
wakeword_val_001463,True,
wakeword_val_001465,True,
wakeword_val_001467,False,qa_flagged
wakeword_val_001469,True,
wakeword_val_001471,True,
wakeword_val_001473,True,
wakeword_val_001475,True,
wakeword_val_001477,True,
wakeword_val_001479,False,qa_flagged
wakeword_val_001481,True,
wakeword_val_001483,True,
wakeword_val_001485,True,
wakeword_val_001487,True,
wakeword_val_001489,True,
wakeword_val_001491,True,
wakeword_val_001493,False,qa_flagged
wakeword_val_001495,True,
wakeword_val_001497,True,
wakeword_val_001499,True,
wakeword_val_001501,True,
wakeword_val_001503,True,
wakeword_val_001505,True,
wakeword_val_001507,True,
wakeword_val_001509,True,
wakeword_val_001511,True,
wakeword_val_001513,True,
wakeword_val_001515,True,
wakeword_val_001517,True,
wakeword_val_001519,True,
wakeword_val_001521,True,
wakeword_val_001523,True,
wakeword_val_001525,True,
wakeword_val_001527,False,qa_flagged
wakeword_val_001529,True,
wakeword_val_001531,False,qa_flagged
wakeword_val_001533,True,
wakeword_val_001535,False,qa_flagged
wakeword_val_001537,True,
wakeword_val_001539,True,
wakeword_val_001541,True,
wakeword_val_001543,True,
wakeword_val_001545,True,
wakeword_val_001547,True,
wakeword_val_001549,True,
wakeword_val_001551,True,
wakeword_val_001553,True,
wakeword_val_001555,True,
wakeword_val_001557,False,qa_flagged
wakeword_val_001559,True,
wakeword_val_001561,True,
wakeword_val_001563,True,
wakeword_val_001565,True,
wakeword_val_001567,True,
wakeword_val_001569,True,
wakeword_val_001571,True,
wakeword_val_001573,True,
wakeword_val_001575,True,
wakeword_val_001577,True,
wakeword_val_001579,True,
wakeword_val_001581,True,
wakeword_val_001583,True,
wakeword_val_001585,True,
wakeword_val_001587,True,
wakeword_val_001589,True,
wakeword_val_001591,False,qa_flagged
wakeword_val_001593,True,
wakeword_val_001595,True,
wakeword_val_001597,True,
wakeword_val_001599,True,
wakeword_val_001601,True,
wakeword_val_001603,True,
wakeword_val_001605,True,
wakeword_val_001607,True,
wakeword_val_001609,True,
wakeword_val_001611,True,
wakeword_val_001613,True,
wakeword_val_001615,True,
wakeword_val_001617,True,
wakeword_val_001619,True,
wakeword_val_001621,True,
wakeword_val_001623,True,
wakeword_val_001625,True,
wakeword_val_001627,True,
wakeword_val_001629,True,
wakeword_val_001631,True,
wakeword_val_001633,True,
wakeword_val_001635,True,
wakeword_val_001637,True,
wakeword_val_001639,False,qa_flagged
wakeword_val_001641,True,
wakeword_val_001643,True,
wakeword_val_001645,True,
wakeword_val_001647,True,
wakeword_val_001649,True,
wakeword_val_001651,True,
wakeword_val_001653,True,
wakeword_val_001655,False,qa_flagged
wakeword_val_001657,False,qa_flagged
wakeword_val_001659,False,qa_flagged
wakeword_val_001661,False,qa_flagged
wakeword_val_001663,True,
wakeword_val_001665,True,
wakeword_val_001667,True,
wakeword_val_001669,True,
wakeword_val_001671,True,
wakeword_val_001673,True,
wakeword_val_001675,True,
wakeword_val_001677,True,
wakeword_val_001679,True,
wakeword_val_001681,True,
wakeword_val_001683,True,
wakeword_val_001685,True,
wakeword_val_001687,False,qa_flagged
wakeword_val_001689,True,
wakeword_val_001691,True,
wakeword_val_001693,True,
wakeword_val_001695,True,
wakeword_val_001697,True,
wakeword_val_001699,True,
wakeword_val_001701,True,
wakeword_val_001703,True,
wakeword_val_001705,True,
wakeword_val_001707,True,
wakeword_val_001709,False,qa_flagged
wakeword_val_001711,True,
wakeword_val_001713,True,
wakeword_val_001715,True,
wakeword_val_001717,True,
wakeword_val_001719,True,
wakeword_val_001721,True,
wakeword_val_001723,True,
wakeword_val_001725,True,
wakeword_val_001727,True,
wakeword_val_001729,True,
wakeword_val_001731,True,
wakeword_val_001733,True,
wakeword_val_001735,True,
wakeword_val_001737,True,
wakeword_val_001739,True,
wakeword_val_001741,True,
wakeword_val_001743,True,
wakeword_val_001745,True,
wakeword_val_001747,True,
wakeword_val_001749,True,
wakeword_val_001751,True,
wakeword_val_001753,True,
wakeword_val_001755,True,
wakeword_val_001757,True,
wakeword_val_001759,True,
wakeword_val_001761,True,
wakeword_val_001763,True,
wakeword_val_001765,True,
wakeword_val_001767,True,
wakeword_val_001769,True,
wakeword_val_001771,True,
wakeword_val_001773,True,
wakeword_val_001775,True,
wakeword_val_001777,True,
wakeword_val_001779,True,
wakeword_val_001781,True,
wakeword_val_001783,True,
wakeword_val_001785,True,
wakeword_val_001787,True,
wakeword_val_001789,True,
wakeword_val_001791,False,qa_flagged
wakeword_val_001793,True,
wakeword_val_001795,True,
wakeword_val_001797,True,
wakeword_val_001799,True,
wakeword_val_001801,True,
wakeword_val_001803,True,
wakeword_val_001805,True,
wakeword_test_001807,True,
wakeword_test_001809,True,
wakeword_test_001811,True,
wakeword_test_001813,True,
wakeword_test_001815,True,
wakeword_test_001817,True,
wakeword_test_001819,True,
wakeword_test_001821,True,
wakeword_test_001823,True,
wakeword_test_001825,True,
wakeword_test_001827,True,
wakeword_test_001829,True,
wakeword_test_001831,True,
wakeword_test_001833,True,
wakeword_test_001835,True,
wakeword_test_001837,True,
wakeword_test_001839,True,
wakeword_test_001841,True,
wakeword_test_001843,True,
wakeword_test_001845,True,
wakeword_test_001847,True,
wakeword_test_001849,True,
wakeword_test_001851,True,
wakeword_test_001853,True,
wakeword_test_001855,False,qa_flagged
wakeword_test_001857,True,
wakeword_test_001859,True,
wakeword_test_001861,True,
wakeword_test_001863,True,
wakeword_test_001865,True,
wakeword_test_001867,True,
wakeword_test_001869,True,
wakeword_test_001871,True,
wakeword_test_001873,True,
wakeword_test_001875,True,
wakeword_test_001877,False,qa_flagged
wakeword_test_001879,True,
wakeword_test_001881,True,
wakeword_test_001883,True,
wakeword_test_001885,True,
wakeword_test_001887,True,
wakeword_test_001889,True,
wakeword_test_001891,True,
wakeword_test_001893,True,
wakeword_test_001895,True,
wakeword_test_001897,True,
wakeword_test_001899,True,
wakeword_test_001901,True,
wakeword_test_001903,True,
wakeword_test_001905,True,
wakeword_test_001907,True,
wakeword_test_001909,False,qa_flagged
wakeword_test_001911,True,
wakeword_test_001913,True,
wakeword_test_001915,True,
wakeword_test_001917,True,
wakeword_test_001919,True,
wakeword_test_001921,True,
wakeword_test_001923,True,
wakeword_test_001925,True,
wakeword_test_001927,True,
wakeword_test_001929,True,
wakeword_test_001931,True,
wakeword_test_001933,True,
wakeword_test_001935,True,
wakeword_test_001937,False,qa_flagged
wakeword_test_001939,True,
wakeword_test_001941,True,
wakeword_test_001943,False,qa_flagged
wakeword_test_001945,True,
wakeword_test_001947,True,
wakeword_test_001949,True,
wakeword_test_001951,True,
wakeword_test_001953,True,
wakeword_test_001955,True,
wakeword_test_001957,True,
wakeword_test_001959,True,
wakeword_test_001961,True,
wakeword_test_001963,True,
wakeword_test_001965,True,
wakeword_test_001967,True,
wakeword_test_001969,True,
wakeword_test_001971,True,
wakeword_test_001973,True,
wakeword_test_001975,True,
wakeword_test_001977,True,
wakeword_test_001979,True,
wakeword_test_001981,True,
wakeword_test_001983,True,
wakeword_test_001985,False,qa_flagged
wakeword_test_001987,True,
wakeword_test_001989,True,
wakeword_test_001991,True,
wakeword_test_001993,True,
wakeword_test_001995,True,
wakeword_test_001997,True,
wakeword_test_001999,False,qa_flagged
wakeword_test_002001,True,
wakeword_test_002003,True,
wakeword_test_002005,True,
wakeword_test_002007,False,qa_flagged
vcm_train_000001,True,
vcm_train_000003,True,
vcm_train_000005,True,
vcm_train_000007,True,
vcm_train_000009,True,
vcm_train_000011,True,
vcm_train_000013,True,
vcm_train_000015,True,
vcm_train_000017,True,
vcm_train_000019,True,
vcm_train_000021,True,
vcm_train_000023,True,
vcm_train_000025,True,
vcm_train_000027,True,
vcm_train_000029,True,
vcm_train_000031,True,
vcm_train_000033,True,
vcm_train_000035,True,
vcm_train_000037,True,
vcm_train_000039,False,qa_flagged
vcm_train_000041,True,
vcm_train_000043,True,
vcm_train_000045,True,
vcm_train_000047,True,
vcm_train_000049,False,qa_flagged
vcm_train_000051,True,
vcm_train_000053,True,
vcm_train_000055,True,
vcm_train_000057,True,
vcm_train_000059,True,
vcm_train_000061,False,qa_flagged
vcm_train_000063,False,qa_flagged
vcm_train_000065,True,
vcm_train_000067,True,
vcm_train_000069,True,
vcm_train_000071,True,
vcm_train_000073,True,
vcm_train_000075,True,
vcm_train_000077,False,qa_flagged
vcm_train_000079,True,
vcm_train_000081,True,
vcm_train_000083,True,
vcm_train_000085,True,
vcm_train_000087,True,
vcm_train_000089,True,
vcm_train_000091,True,
vcm_train_000093,True,
vcm_train_000095,True,
vcm_train_000097,True,
vcm_train_000099,True,
vcm_train_000101,True,
vcm_train_000103,True,
vcm_train_000105,True,
vcm_train_000107,True,
vcm_train_000109,True,
vcm_train_000111,False,qa_flagged
vcm_train_000113,True,
vcm_train_000115,True,
vcm_train_000117,True,
vcm_train_000119,True,
vcm_train_000121,True,
vcm_train_000123,True,
vcm_train_000125,True,
vcm_train_000127,True,
vcm_train_000129,True,
vcm_train_000131,True,
vcm_train_000133,True,
vcm_train_000135,True,
vcm_train_000137,True,
vcm_train_000139,False,qa_flagged
vcm_train_000141,False,qa_flagged
vcm_train_000143,True,
vcm_train_000145,True,
vcm_train_000147,True,
vcm_train_000149,True,
vcm_train_000151,True,
vcm_train_000153,True,
vcm_train_000155,False,qa_flagged
vcm_train_000157,False,qa_flagged
vcm_train_000159,True,
vcm_train_000161,True,
vcm_train_000163,True,
vcm_train_000165,False,qa_flagged
vcm_train_000167,True,
vcm_train_000169,True,
vcm_train_000171,True,
vcm_train_000173,True,
vcm_train_000175,True,
vcm_train_000177,True,
vcm_train_000179,True,
vcm_train_000181,True,
vcm_train_000183,True,
vcm_train_000185,True,
vcm_train_000187,True,
vcm_train_000189,True,
vcm_train_000191,True,
vcm_train_000193,True,
vcm_train_000195,True,
vcm_train_000197,False,qa_flagged
vcm_train_000199,True,
vcm_train_000201,True,
vcm_train_000203,True,
vcm_train_000205,True,
vcm_train_000207,True,
vcm_train_000209,True,
vcm_train_000211,True,
vcm_train_000213,True,
vcm_train_000215,True,
vcm_train_000217,True,
vcm_train_000219,True,
vcm_train_000221,True,
vcm_train_000223,False,qa_flagged
vcm_train_000225,True,
vcm_train_000227,True,
vcm_train_000229,True,
vcm_train_000231,True,
vcm_train_000233,True,
vcm_train_000235,True,
vcm_train_000237,True,
vcm_train_000239,True,
vcm_train_000241,True,
vcm_train_000243,True,
vcm_train_000245,True,
vcm_train_000247,True,
vcm_train_000249,True,
vcm_train_000251,True,
vcm_train_000253,True,
vcm_train_000255,True,
vcm_train_000257,True,
vcm_train_000259,True,
vcm_train_000261,True,
vcm_train_000263,True,
vcm_train_000265,False,qa_flagged
vcm_train_000267,False,qa_flagged
vcm_train_000269,True,
vcm_train_000271,False,qa_flagged
vcm_train_000273,True,
vcm_train_000275,True,
vcm_train_000277,True,
vcm_train_000279,True,
vcm_train_000281,True,
vcm_train_000283,True,
vcm_train_000285,True,
vcm_train_000287,True,
vcm_train_000289,True,
vcm_train_000291,True,
vcm_train_000293,True,
vcm_train_000295,True,
vcm_train_000297,True,
vcm_train_000299,True,
vcm_train_000301,False,qa_flagged
vcm_train_000303,True,
vcm_train_000305,True,
vcm_train_000307,True,
vcm_train_000309,True,
vcm_train_000311,True,
vcm_train_000313,True,
vcm_train_000315,True,
vcm_train_000317,True,
vcm_train_000319,True,
vcm_train_000321,True,
vcm_train_000323,True,
vcm_train_000325,True,
vcm_train_000327,True,
vcm_train_000329,True,
vcm_train_000331,True,
vcm_train_000333,True,
vcm_train_000335,False,qa_flagged
vcm_train_000337,True,
vcm_train_000339,True,
vcm_train_000341,False,qa_flagged
vcm_train_000343,True,
vcm_train_000345,False,qa_flagged
vcm_train_000347,True,
vcm_train_000349,True,
vcm_train_000351,True,
vcm_train_000353,True,
vcm_train_000355,True,
vcm_train_000357,True,
vcm_train_000359,True,
vcm_train_000361,True,
vcm_train_000363,True,
vcm_train_000365,False,qa_flagged
vcm_train_000367,True,
vcm_train_000369,True,
vcm_train_000371,True,
vcm_train_000373,True,
vcm_train_000375,False,qa_flagged
vcm_train_000377,True,
vcm_train_000379,False,qa_flagged
vcm_train_000381,True,
vcm_train_000383,True,
vcm_train_000385,True,
vcm_train_000387,True,
vcm_train_000389,True,
vcm_train_000391,False,qa_flagged
vcm_train_000393,True,
vcm_train_000395,True,
vcm_train_000397,True,
vcm_train_000399,True,
vcm_train_000401,True,
vcm_train_000403,False,qa_flagged
vcm_train_000405,True,
vcm_train_000407,True,
vcm_train_000409,True,
vcm_train_000411,False,qa_flagged
vcm_train_000413,True,
vcm_train_000415,True,
vcm_train_000417,True,
vcm_train_000419,True,
vcm_train_000421,True,
vcm_train_000423,True,
vcm_train_000425,True,
vcm_train_000427,True,
vcm_train_000429,True,
vcm_train_000431,True,
vcm_train_000433,True,
vcm_train_000435,True,
vcm_train_000437,True,
vcm_train_000439,True,
vcm_train_000441,True,
vcm_train_000443,True,
vcm_train_000445,False,qa_flagged
vcm_train_000447,True,
vcm_train_000449,True,
vcm_train_000451,True,
vcm_train_000453,True,
vcm_train_000455,True,
vcm_train_000457,True,
vcm_train_000459,True,
vcm_train_000461,True,
vcm_train_000463,True,
vcm_train_000465,True,
vcm_train_000467,True,
vcm_train_000469,True,
vcm_train_000471,True,
vcm_train_000473,False,qa_flagged
vcm_train_000475,True,
vcm_train_000477,True,
vcm_train_000479,True,
vcm_train_000481,False,qa_flagged
vcm_train_000483,False,qa_flagged
vcm_train_000485,True,
vcm_train_000487,False,qa_flagged
vcm_train_000489,True,
vcm_train_000491,True,
vcm_train_000493,True,
vcm_train_000495,True,
vcm_train_000497,True,
vcm_train_000499,False,qa_flagged
vcm_train_000501,True,
vcm_train_000503,True,
vcm_train_000505,False,qa_flagged
vcm_train_000507,True,
vcm_train_000509,True,
vcm_train_000511,True,
vcm_train_000513,True,
vcm_train_000515,True,
vcm_train_000517,True,
vcm_train_000519,True,
vcm_train_000521,True,
vcm_train_000523,True,
vcm_train_000525,True,
vcm_train_000527,True,
vcm_train_000529,False,qa_flagged
vcm_train_000531,True,
vcm_train_000533,True,
vcm_train_000535,True,
vcm_train_000537,True,
vcm_train_000539,False,qa_flagged
vcm_train_000541,False,qa_flagged
vcm_train_000543,True,
vcm_train_000545,True,
vcm_train_000547,True,
vcm_train_000549,True,
vcm_train_000551,True,
vcm_train_000553,True,
vcm_train_000555,True,
vcm_train_000557,True,
vcm_train_000559,True,
vcm_train_000561,True,
vcm_train_000563,False,qa_flagged
vcm_train_000565,True,
vcm_train_000567,True,
vcm_train_000569,True,
vcm_train_000571,True,
vcm_train_000573,True,
vcm_train_000575,True,
vcm_train_000577,True,
vcm_train_000579,True,
vcm_train_000581,True,
vcm_train_000583,True,
vcm_train_000585,True,
vcm_train_000587,True,
vcm_train_000589,True,
vcm_train_000591,True,
vcm_train_000593,True,
vcm_train_000595,True,
vcm_train_000597,True,
vcm_train_000599,True,
vcm_train_000601,True,
vcm_train_000603,True,
vcm_train_000605,True,
vcm_train_000607,True,
vcm_train_000609,True,
vcm_train_000611,True,
vcm_train_000613,True,
vcm_train_000615,True,
vcm_train_000617,True,
vcm_train_000619,True,
vcm_train_000621,True,
vcm_train_000623,True,
vcm_train_000625,True,
vcm_train_000627,True,
vcm_train_000629,False,qa_flagged
vcm_train_000631,True,
vcm_train_000633,True,
vcm_train_000635,False,qa_flagged
vcm_train_000637,True,
vcm_train_000639,True,
vcm_train_000641,True,
vcm_train_000643,False,qa_flagged
vcm_train_000645,True,
vcm_train_000647,True,
vcm_train_000649,True,
vcm_train_000651,True,
vcm_train_000653,False,qa_flagged
vcm_train_000655,False,qa_flagged
vcm_train_000657,False,qa_flagged
vcm_train_000659,True,
vcm_train_000661,True,
vcm_train_000663,True,
vcm_train_000665,True,
vcm_train_000667,True,
vcm_train_000669,True,
vcm_train_000671,True,
vcm_train_000673,True,
vcm_train_000675,True,
vcm_train_000677,True,
vcm_train_000679,True,
vcm_train_000681,True,
vcm_train_000683,False,qa_flagged
vcm_train_000685,True,
vcm_train_000687,True,
vcm_train_000689,False,qa_flagged
vcm_train_000691,True,
vcm_train_000693,True,
vcm_train_000695,True,
vcm_train_000697,True,
vcm_train_000699,True,
vcm_train_000701,True,
vcm_train_000703,True,
vcm_train_000705,True,
vcm_train_000707,True,
vcm_train_000709,True,
vcm_train_000711,True,
vcm_train_000713,True,
vcm_train_000715,False,qa_flagged
vcm_train_000717,True,
vcm_train_000719,True,
vcm_train_000721,True,
vcm_train_000723,True,
vcm_train_000725,True,
vcm_train_000727,True,
vcm_train_000729,True,
vcm_train_000731,True,
vcm_train_000733,True,
vcm_train_000735,True,
vcm_train_000737,True,
vcm_train_000739,True,
vcm_train_000741,True,
vcm_train_000743,False,qa_flagged
vcm_train_000745,True,
vcm_train_000747,True,
vcm_train_000749,True,
vcm_train_000751,True,
vcm_train_000753,True,
vcm_train_000755,True,
vcm_train_000757,True,
vcm_train_000759,True,
vcm_train_000761,True,
vcm_train_000763,True,
vcm_train_000765,True,
vcm_train_000767,True,
vcm_train_000769,True,
vcm_train_000771,True,
vcm_train_000773,True,
vcm_train_000775,True,
vcm_train_000777,True,
vcm_train_000779,False,qa_flagged
vcm_train_000781,True,
vcm_train_000783,True,
vcm_train_000785,False,qa_flagged
vcm_train_000787,True,
vcm_train_000789,True,
vcm_train_000791,True,
vcm_train_000793,True,
vcm_train_000795,True,
vcm_train_000797,True,
vcm_train_000799,True,
vcm_train_000801,True,
vcm_train_000803,True,
vcm_train_000805,True,
vcm_train_000807,True,
vcm_train_000809,False,qa_flagged
vcm_train_000811,False,qa_flagged
vcm_train_000813,True,
vcm_train_000815,True,
vcm_train_000817,True,
vcm_train_000819,True,
vcm_train_000821,True,
vcm_train_000823,True,
vcm_train_000825,True,
vcm_train_000827,True,
vcm_train_000829,True,
vcm_train_000831,True,
vcm_train_000833,True,
vcm_train_000835,True,
vcm_train_000837,True,
vcm_train_000839,True,
vcm_train_000841,True,
vcm_train_000843,True,
vcm_train_000845,True,
vcm_train_000847,True,
vcm_train_000849,True,
vcm_train_000851,True,
vcm_train_000853,True,
vcm_train_000855,True,
vcm_train_000857,True,
vcm_train_000859,True,
vcm_train_000861,True,
vcm_train_000863,True,
vcm_train_000865,True,
vcm_train_000867,True,
vcm_train_000869,True,
vcm_train_000871,True,
vcm_train_000873,True,
vcm_train_000875,True,
vcm_train_000877,True,
vcm_train_000879,True,
vcm_train_000881,True,
vcm_train_000883,False,qa_flagged
vcm_train_000885,True,
vcm_train_000887,False,qa_flagged
vcm_train_000889,True,
vcm_train_000891,True,
vcm_train_000893,False,qa_flagged
vcm_train_000895,True,
vcm_train_000897,True,
vcm_train_000899,True,
vcm_train_000901,True,
vcm_train_000903,True,
vcm_train_000905,True,
vcm_train_000907,True,
vcm_train_000909,True,
vcm_train_000911,True,
vcm_train_000913,True,
vcm_train_000915,False,qa_flagged
vcm_train_000917,True,
vcm_train_000919,False,qa_flagged
vcm_train_000921,True,
vcm_train_000923,True,
vcm_train_000925,True,
vcm_train_000927,True,
vcm_train_000929,True,
vcm_train_000931,True,
vcm_train_000933,True,
vcm_train_000935,True,
vcm_train_000937,False,qa_flagged
vcm_train_000939,True,
vcm_train_000941,True,
vcm_train_000943,True,
vcm_train_000945,True,
vcm_train_000947,False,qa_flagged
vcm_train_000949,True,
vcm_train_000951,True,
vcm_train_000953,True,
vcm_train_000955,True,
vcm_train_000957,True,
vcm_train_000959,True,
vcm_train_000961,True,
vcm_train_000963,True,
vcm_train_000965,True,
vcm_train_000967,True,
vcm_train_000969,True,
vcm_train_000971,False,qa_flagged
vcm_train_000973,True,
vcm_train_000975,True,
vcm_train_000977,False,qa_flagged
vcm_train_000979,True,
vcm_train_000981,True,
vcm_train_000983,False,qa_flagged
vcm_train_000985,True,
vcm_train_000987,True,
vcm_train_000989,True,
vcm_train_000991,True,
vcm_train_000993,True,
vcm_train_000995,True,
vcm_train_000997,False,qa_flagged
vcm_train_000999,True,
vcm_train_001001,True,
vcm_train_001003,True,
vcm_train_001005,True,
vcm_train_001007,True,
vcm_train_001009,True,
vcm_train_001011,True,
vcm_train_001013,True,
vcm_train_001015,True,
vcm_train_001017,True,
vcm_train_001019,True,
vcm_train_001021,True,
vcm_train_001023,True,
vcm_train_001025,True,
vcm_train_001027,True,
vcm_train_001029,True,
vcm_train_001031,True,
vcm_train_001033,True,
vcm_train_001035,True,
vcm_train_001037,True,
vcm_train_001039,True,
vcm_train_001041,True,
vcm_train_001043,True,
vcm_train_001045,True,
vcm_train_001047,True,
vcm_train_001049,True,
vcm_train_001051,True,
vcm_train_001053,True,
vcm_train_001055,True,
vcm_train_001057,True,
vcm_train_001059,True,
vcm_train_001061,True,
vcm_train_001063,True,
vcm_train_001065,True,
vcm_train_001067,True,
vcm_train_001069,True,
vcm_train_001071,True,
vcm_train_001073,True,
vcm_train_001075,True,
vcm_train_001077,True,
vcm_train_001079,True,
vcm_train_001081,True,
vcm_train_001083,False,qa_flagged
vcm_train_001085,True,
vcm_train_001087,True,
vcm_train_001089,True,
vcm_train_001091,False,qa_flagged
vcm_train_001093,True,
vcm_train_001095,True,
vcm_train_001097,True,
vcm_train_001099,True,
vcm_train_001101,True,
vcm_train_001103,False,qa_flagged
vcm_train_001105,True,
vcm_train_001107,True,
vcm_train_001109,True,
vcm_train_001111,True,
vcm_train_001113,True,
vcm_train_001115,True,
vcm_train_001117,False,qa_flagged
vcm_train_001119,True,
vcm_train_001121,True,
vcm_train_001123,True,
vcm_train_001125,True,
vcm_train_001127,False,qa_flagged
vcm_train_001129,False,qa_flagged
vcm_train_001131,True,
vcm_train_001133,True,
vcm_train_001135,True,
vcm_train_001137,False,qa_flagged
vcm_train_001139,True,
vcm_train_001141,True,
vcm_train_001143,True,
vcm_train_001145,True,
vcm_train_001147,True,
vcm_train_001149,True,
vcm_train_001151,True,
vcm_train_001153,True,
vcm_train_001155,True,
vcm_train_001157,True,
vcm_train_001159,True,
vcm_train_001161,True,
vcm_train_001163,True,
vcm_train_001165,False,qa_flagged
vcm_train_001167,True,
vcm_train_001169,True,
vcm_train_001171,True,
vcm_train_001173,True,
vcm_train_001175,True,
vcm_train_001177,True,
vcm_train_001179,True,
vcm_train_001181,True,
vcm_train_001183,True,
vcm_train_001185,True,
vcm_train_001187,True,
vcm_train_001189,True,
vcm_train_001191,True,
vcm_train_001193,False,qa_flagged
vcm_train_001195,True,
vcm_train_001197,True,
vcm_train_001199,False,qa_flagged
vcm_train_001201,True,
vcm_train_001203,True,
vcm_train_001205,True,
vcm_train_001207,True,
vcm_train_001209,True,
vcm_train_001211,True,
vcm_train_001213,True,
vcm_train_001215,True,
vcm_train_001217,True,
vcm_train_001219,True,
vcm_train_001221,True,
vcm_train_001223,False,qa_flagged
vcm_train_001225,True,
vcm_train_001227,True,
vcm_train_001229,True,
vcm_train_001231,True,
vcm_train_001233,True,
vcm_train_001235,True,
vcm_train_001237,True,
vcm_train_001239,True,
vcm_train_001241,True,
vcm_train_001243,True,
vcm_train_001245,True,
vcm_train_001247,True,
vcm_train_001249,True,
vcm_train_001251,True,
vcm_train_001253,False,qa_flagged
vcm_train_001255,True,
vcm_train_001257,True,
vcm_train_001259,True,
vcm_train_001261,True,
vcm_train_001263,True,
vcm_train_001265,False,qa_flagged
vcm_train_001267,True,
vcm_train_001269,True,
vcm_train_001271,True,
vcm_train_001273,True,
vcm_train_001275,True,
vcm_train_001277,True,
vcm_train_001279,False,qa_flagged
vcm_train_001281,True,
vcm_train_001283,True,
vcm_train_001285,True,
vcm_train_001287,False,qa_flagged
vcm_train_001289,True,
vcm_train_001291,True,
vcm_train_001293,True,
vcm_train_001295,True,
vcm_train_001297,True,
vcm_train_001299,False,qa_flagged
vcm_train_001301,False,qa_flagged
vcm_train_001303,True,
vcm_train_001305,True,
vcm_train_001307,True,
vcm_train_001309,False,qa_flagged
vcm_train_001311,True,
vcm_train_001313,True,
vcm_train_001315,True,
vcm_train_001317,False,qa_flagged
vcm_train_001319,True,
vcm_train_001321,True,
vcm_train_001323,False,qa_flagged
vcm_train_001325,True,
vcm_train_001327,True,
vcm_train_001329,True,
vcm_train_001331,True,
vcm_train_001333,True,
vcm_train_001335,True,
vcm_train_001337,True,
vcm_train_001339,True,
vcm_train_001341,True,
vcm_train_001343,True,
vcm_train_001345,True,
vcm_train_001347,True,
vcm_train_001349,True,
vcm_train_001351,True,
vcm_train_001353,True,
vcm_train_001355,True,
vcm_train_001357,True,
vcm_train_001359,True,
vcm_train_001361,True,
vcm_train_001363,True,
vcm_train_001365,True,
vcm_train_001367,True,
vcm_train_001369,True,
vcm_train_001371,True,
vcm_train_001373,True,
vcm_train_001375,True,
vcm_train_001377,True,
vcm_train_001379,True,
vcm_train_001381,True,
vcm_train_001383,True,
vcm_train_001385,True,
vcm_train_001387,True,
vcm_train_001389,True,
vcm_train_001391,True,
vcm_train_001393,True,
vcm_train_001395,True,
vcm_train_001397,True,
vcm_train_001399,False,qa_flagged
vcm_train_001401,True,
vcm_train_001403,True,
vcm_train_001405,True,
vcm_train_001407,True,
vcm_train_001409,True,
vcm_train_001411,True,
vcm_train_001413,True,
vcm_train_001415,True,
vcm_train_001417,False,qa_flagged
vcm_train_001419,True,
vcm_train_001421,True,
vcm_train_001423,True,
vcm_train_001425,True,
vcm_train_001427,True,
vcm_train_001429,True,
vcm_train_001431,True,
vcm_train_001433,True,
vcm_train_001435,True,
vcm_train_001437,True,
vcm_train_001439,True,
vcm_train_001441,True,
vcm_train_001443,False,qa_flagged
vcm_train_001445,True,
vcm_train_001447,False,qa_flagged
vcm_train_001449,False,qa_flagged
vcm_train_001451,True,
vcm_train_001453,True,
vcm_train_001455,True,
vcm_train_001457,True,
vcm_train_001459,True,
vcm_train_001461,True,
vcm_train_001463,True,
vcm_train_001465,True,
vcm_train_001467,True,
vcm_train_001469,True,
vcm_train_001471,True,
vcm_train_001473,True,
vcm_train_001475,True,
vcm_train_001477,True,
vcm_train_001479,True,
vcm_train_001481,True,
vcm_train_001483,True,
vcm_train_001485,False,qa_flagged
vcm_train_001487,True,
vcm_train_001489,True,
vcm_train_001491,True,
vcm_train_001493,True,
vcm_train_001495,True,
vcm_train_001497,True,
vcm_train_001499,True,
vcm_train_001501,True,
vcm_train_001503,True,
vcm_train_001505,True,
vcm_train_001507,True,
vcm_train_001509,True,
vcm_train_001511,True,
vcm_train_001513,True,
vcm_train_001515,True,
vcm_train_001517,True,
vcm_train_001519,True,
vcm_train_001521,True,
vcm_train_001523,True,
vcm_train_001525,True,
vcm_train_001527,False,qa_flagged
vcm_train_001529,True,
vcm_train_001531,True,
vcm_train_001533,False,qa_flagged
vcm_train_001535,True,
vcm_train_001537,True,
vcm_train_001539,True,
vcm_train_001541,True,
vcm_train_001543,True,
vcm_train_001545,True,
vcm_train_001547,True,
vcm_train_001549,True,
vcm_train_001551,True,
vcm_train_001553,True,
vcm_train_001555,True,
vcm_train_001557,True,
vcm_train_001559,True,
vcm_train_001561,False,qa_flagged
vcm_train_001563,True,
vcm_train_001565,False,qa_flagged
vcm_train_001567,True,
vcm_train_001569,True,
vcm_train_001571,True,
vcm_train_001573,True,
vcm_train_001575,True,
vcm_train_001577,True,
vcm_train_001579,True,
vcm_train_001581,True,
vcm_train_001583,True,
vcm_train_001585,True,
vcm_train_001587,True,
vcm_train_001589,True,
vcm_train_001591,True,
vcm_train_001593,False,qa_flagged
vcm_train_001595,True,
vcm_train_001597,True,
vcm_train_001599,False,qa_flagged
vcm_train_001601,True,
vcm_train_001603,True,
vcm_train_001605,True,
vcm_train_001607,True,
vcm_train_001609,True,
vcm_train_001611,True,
vcm_train_001613,True,
vcm_train_001615,True,
vcm_train_001617,True,
vcm_train_001619,True,
vcm_train_001621,True,
vcm_train_001623,True,
vcm_train_001625,True,
vcm_train_001627,True,
vcm_train_001629,True,
vcm_train_001631,False,qa_flagged
vcm_train_001633,True,
vcm_train_001635,True,
vcm_train_001637,True,
vcm_train_001639,True,
vcm_train_001641,True,
vcm_train_001643,False,qa_flagged
vcm_train_001645,True,
vcm_train_001647,True,
vcm_train_001649,True,
vcm_train_001651,True,
vcm_train_001653,True,
vcm_train_001655,True,
vcm_train_001657,True,
vcm_train_001659,True,
vcm_train_001661,True,
vcm_train_001663,True,
vcm_train_001665,True,
vcm_train_001667,True,
vcm_train_001669,True,
vcm_train_001671,True,
vcm_train_001673,True,
vcm_train_001675,True,
vcm_train_001677,True,
vcm_train_001679,True,
vcm_train_001681,True,
vcm_train_001683,True,
vcm_train_001685,True,
vcm_train_001687,True,
vcm_train_001689,True,
vcm_train_001691,True,
vcm_train_001693,True,
vcm_train_001695,False,qa_flagged
vcm_train_001697,True,
vcm_train_001699,True,
vcm_train_001701,True,
vcm_train_001703,True,
vcm_train_001705,True,
vcm_train_001707,True,
vcm_train_001709,True,
vcm_train_001711,True,
vcm_train_001713,True,
vcm_train_001715,True,
vcm_train_001717,True,
vcm_train_001719,False,qa_flagged
vcm_train_001721,True,
vcm_train_001723,False,qa_flagged
vcm_train_001725,True,
vcm_train_001727,True,
vcm_train_001729,False,qa_flagged
vcm_train_001731,True,
vcm_train_001733,True,
vcm_train_001735,True,
vcm_train_001737,True,
vcm_train_001739,True,
vcm_train_001741,True,
vcm_train_001743,True,
vcm_train_001745,True,
vcm_train_001747,True,
vcm_train_001749,True,
vcm_train_001751,False,qa_flagged
vcm_train_001753,True,
vcm_train_001755,True,
vcm_train_001757,True,
vcm_train_001759,True,
vcm_train_001761,True,
vcm_train_001763,True,
vcm_train_001765,True,
vcm_train_001767,True,
vcm_train_001769,True,
vcm_train_001771,True,
vcm_train_001773,True,
vcm_train_001775,True,
vcm_train_001777,True,
vcm_train_001779,True,
vcm_train_001781,True,
vcm_train_001783,True,
vcm_train_001785,True,
vcm_train_001787,True,
vcm_train_001789,True,
vcm_train_001791,True,
vcm_train_001793,False,qa_flagged
vcm_train_001795,True,
vcm_train_001797,True,
vcm_train_001799,True,
vcm_train_001801,True,
vcm_train_001803,True,
vcm_train_001805,True,
vcm_train_001807,False,qa_flagged
vcm_train_001809,True,
vcm_train_001811,True,
vcm_train_001813,True,
vcm_train_001815,True,
vcm_train_001817,True,
vcm_train_001819,True,
vcm_train_001821,True,
vcm_train_001823,True,
vcm_train_001825,True,
vcm_train_001827,True,
vcm_train_001829,True,
vcm_train_001831,True,
vcm_train_001833,True,
vcm_train_001835,True,
vcm_train_001837,True,
vcm_train_001839,True,
vcm_train_001841,False,qa_flagged
vcm_train_001843,True,
vcm_train_001845,True,
vcm_train_001847,False,qa_flagged
vcm_train_001849,True,
vcm_train_001851,True,
vcm_train_001853,True,
vcm_train_001855,True,
vcm_train_001857,True,
vcm_train_001859,True,
vcm_train_001861,True,
vcm_train_001863,True,
vcm_train_001865,True,
vcm_train_001867,True,
vcm_train_001869,True,
vcm_train_001871,True,
vcm_train_001873,True,
vcm_train_001875,True,
vcm_train_001877,True,
vcm_train_001879,True,
vcm_train_001881,False,qa_flagged
vcm_train_001883,True,
vcm_train_001885,True,
vcm_train_001887,True,
vcm_train_001889,True,
vcm_train_001891,True,
vcm_train_001893,True,
vcm_train_001895,True,
vcm_train_001897,False,qa_flagged
vcm_train_001899,True,
vcm_train_001901,True,
vcm_train_001903,True,
vcm_train_001905,True,
vcm_train_001907,False,qa_flagged
vcm_train_001909,True,
vcm_train_001911,True,
vcm_train_001913,True,
vcm_train_001915,True,
vcm_train_001917,True,
vcm_train_001919,True,
vcm_train_001921,True,
vcm_train_001923,True,
vcm_train_001925,True,
vcm_train_001927,True,
vcm_train_001929,True,
vcm_train_001931,True,
vcm_train_001933,False,qa_flagged
vcm_train_001935,True,
vcm_train_001937,True,
vcm_train_001939,True,
vcm_train_001941,True,
vcm_train_001943,True,
vcm_train_001945,True,
vcm_train_001947,True,
vcm_train_001949,True,
vcm_train_001951,True,
vcm_train_001953,True,
vcm_train_001955,True,
vcm_train_001957,True,
vcm_train_001959,True,
vcm_train_001961,True,
vcm_train_001963,True,
vcm_train_001965,True,
vcm_train_001967,True,
vcm_train_001969,True,
vcm_train_001971,True,
vcm_train_001973,True,
vcm_train_001975,True,
vcm_train_001977,False,qa_flagged
vcm_train_001979,False,qa_flagged
vcm_train_001981,True,
vcm_train_001983,True,
vcm_train_001985,True,
vcm_train_001987,True,
vcm_train_001989,False,qa_flagged
vcm_train_001991,True,
vcm_train_001993,True,
vcm_train_001995,True,
vcm_train_001997,True,
vcm_train_001999,True,
vcm_train_002001,True,
vcm_train_002003,True,
vcm_train_002005,True,
vcm_train_002007,True,
vcm_train_002009,False,qa_flagged
vcm_train_002011,True,
vcm_train_002013,True,
vcm_train_002015,True,
vcm_train_002017,True,
vcm_train_002019,True,
vcm_train_002021,True,
vcm_train_002023,True,
vcm_train_002025,True,
vcm_train_002027,True,
vcm_train_002029,True,
vcm_train_002031,True,
vcm_train_002033,True,
vcm_train_002035,True,
vcm_train_002037,True,
vcm_train_002039,True,
vcm_train_002041,True,
vcm_train_002043,True,
vcm_train_002045,True,
vcm_train_002047,True,
vcm_train_002049,False,qa_flagged
vcm_train_002051,True,
vcm_train_002053,True,
vcm_train_002055,True,
vcm_train_002057,True,
vcm_train_002059,False,qa_flagged
vcm_train_002061,True,
vcm_train_002063,True,
vcm_train_002065,True,
vcm_train_002067,True,
vcm_train_002069,True,
vcm_train_002071,True,
vcm_train_002073,True,
vcm_train_002075,True,
vcm_train_002077,True,
vcm_train_002079,True,
vcm_train_002081,True,
vcm_train_002083,False,qa_flagged
vcm_train_002085,True,
vcm_train_002087,False,qa_flagged
vcm_train_002089,True,
vcm_train_002091,True,
vcm_train_002093,True,
vcm_train_002095,True,
vcm_train_002097,True,
vcm_train_002099,True,
vcm_train_002101,True,
vcm_train_002103,True,
vcm_train_002105,True,
vcm_train_002107,True,
vcm_train_002109,True,
vcm_train_002111,False,qa_flagged
vcm_train_002113,True,
vcm_train_002115,True,
vcm_train_002117,True,
vcm_train_002119,False,qa_flagged
vcm_train_002121,True,
vcm_train_002123,True,
vcm_train_002125,True,
vcm_train_002127,True,
vcm_train_002129,True,
vcm_train_002131,True,
vcm_train_002133,True,
vcm_train_002135,False,qa_flagged
vcm_train_002137,False,qa_flagged
vcm_train_002139,True,
vcm_train_002141,True,
vcm_train_002143,True,
vcm_train_002145,True,
vcm_train_002147,True,
vcm_train_002149,True,
vcm_train_002151,True,
vcm_train_002153,True,
vcm_train_002155,True,
vcm_train_002157,False,qa_flagged
vcm_train_002159,True,
vcm_train_002161,True,
vcm_train_002163,True,
vcm_train_002165,True,
vcm_train_002167,True,
vcm_train_002169,True,
vcm_train_002171,True,
vcm_train_002173,True,
vcm_train_002175,True,
vcm_train_002177,True,
vcm_train_002179,True,
vcm_train_002181,True,
vcm_train_002183,True,
vcm_train_002185,True,
vcm_train_002187,True,
vcm_train_002189,True,
vcm_train_002191,True,
vcm_train_002193,True,
vcm_train_002195,False,qa_flagged
vcm_train_002197,False,qa_flagged
vcm_train_002199,True,
vcm_train_002201,True,
vcm_train_002203,False,qa_flagged
vcm_train_002205,True,
vcm_train_002207,True,
vcm_train_002209,True,
vcm_train_002211,True,
vcm_train_002213,True,
vcm_train_002215,True,
vcm_train_002217,True,
vcm_train_002219,False,qa_flagged
vcm_train_002221,True,
vcm_train_002223,True,
vcm_train_002225,True,
vcm_train_002227,False,qa_flagged
vcm_train_002229,True,
vcm_train_002231,True,
vcm_train_002233,True,
vcm_train_002235,True,
vcm_train_002237,True,
vcm_train_002239,True,
vcm_train_002241,False,qa_flagged
vcm_train_002243,True,
vcm_train_002245,True,
vcm_train_002247,True,
vcm_train_002249,True,
vcm_train_002251,False,qa_flagged
vcm_train_002253,True,
vcm_train_002255,True,
vcm_train_002257,True,
vcm_train_002259,True,
vcm_train_002261,False,qa_flagged
vcm_train_002263,False,qa_flagged
vcm_train_002265,True,
vcm_train_002267,True,
vcm_train_002269,False,qa_flagged
vcm_train_002271,True,
vcm_train_002273,False,qa_flagged
vcm_train_002275,True,
vcm_train_002277,True,
vcm_train_002279,True,
vcm_train_002281,False,qa_flagged
vcm_train_002283,True,
vcm_train_002285,True,
vcm_train_002287,True,
vcm_train_002289,True,
vcm_train_002291,True,
vcm_train_002293,True,
vcm_train_002295,True,
vcm_train_002297,True,
vcm_train_002299,True,
vcm_train_002301,True,
vcm_train_002303,True,
vcm_train_002305,False,qa_flagged
vcm_train_002307,False,qa_flagged
vcm_train_002309,True,
vcm_train_002311,True,
vcm_train_002313,True,
vcm_train_002315,True,
vcm_train_002317,True,
vcm_train_002319,True,
vcm_train_002321,True,
vcm_train_002323,True,
vcm_train_002325,True,
vcm_train_002327,False,qa_flagged
vcm_train_002329,True,
vcm_train_002331,True,
vcm_train_002333,True,
vcm_train_002335,True,
vcm_train_002337,True,
vcm_train_002339,True,
vcm_train_002341,True,
vcm_train_002343,True,
vcm_train_002345,True,
vcm_train_002347,True,
vcm_train_002349,True,
vcm_train_002351,True,
vcm_train_002353,True,
vcm_train_002355,True,
vcm_train_002357,True,
vcm_train_002359,True,
vcm_train_002361,True,
vcm_train_002363,True,
vcm_train_002365,False,qa_flagged
vcm_train_002367,True,
vcm_train_002369,True,
vcm_train_002371,True,
vcm_train_002373,True,
vcm_train_002375,False,qa_flagged
vcm_train_002377,False,qa_flagged
vcm_train_002379,True,
vcm_train_002381,True,
vcm_train_002383,True,
vcm_train_002385,True,
vcm_train_002387,True,
vcm_train_002389,True,
vcm_train_002391,True,
vcm_train_002393,True,
vcm_train_002395,True,
vcm_train_002397,True,
vcm_train_002399,False,qa_flagged
vcm_train_002401,True,
vcm_train_002403,True,
vcm_train_002405,True,
vcm_train_002407,True,
vcm_train_002409,True,
vcm_train_002411,True,
vcm_train_002413,False,qa_flagged
vcm_train_002415,True,
vcm_train_002417,True,
vcm_train_002419,True,
vcm_train_002421,True,
vcm_train_002423,True,
vcm_train_002425,True,
vcm_train_002427,True,
vcm_train_002429,True,
vcm_train_002431,True,
vcm_train_002433,True,
vcm_train_002435,True,
vcm_train_002437,True,
vcm_train_002439,True,
vcm_train_002441,True,
vcm_train_002443,True,
vcm_train_002445,True,
vcm_train_002447,True,
vcm_train_002449,True,
vcm_train_002451,True,
vcm_train_002453,True,
vcm_train_002455,True,
vcm_train_002457,True,
vcm_train_002459,True,
vcm_train_002461,True,
vcm_train_002463,True,
vcm_train_002465,True,
vcm_train_002467,True,
vcm_train_002469,True,
vcm_train_002471,True,
vcm_train_002473,True,
vcm_train_002475,True,
vcm_train_002477,True,
vcm_train_002479,True,
vcm_train_002481,True,
vcm_train_002483,True,
vcm_train_002485,True,
vcm_train_002487,True,
vcm_train_002489,False,qa_flagged
vcm_train_002491,True,
vcm_train_002493,True,
vcm_train_002495,True,
vcm_train_002497,True,
vcm_train_002499,False,qa_flagged
vcm_train_002501,True,
vcm_train_002503,True,
vcm_train_002505,True,
vcm_train_002507,True,
vcm_train_002509,True,
vcm_train_002511,True,
vcm_train_002513,True,
vcm_train_002515,True,
vcm_train_002517,False,qa_flagged
vcm_train_002519,True,
vcm_train_002521,True,
vcm_train_002523,True,
vcm_train_002525,False,qa_flagged
vcm_train_002527,True,
vcm_train_002529,True,
vcm_train_002531,False,qa_flagged
vcm_train_002533,True,
vcm_train_002535,False,qa_flagged
vcm_train_002537,True,
vcm_train_002539,True,
vcm_train_002541,True,
vcm_train_002543,True,
vcm_train_002545,True,
vcm_train_002547,True,
vcm_train_002549,True,
vcm_train_002551,True,
vcm_train_002553,False,qa_flagged
vcm_train_002555,True,
vcm_train_002557,True,
vcm_train_002559,True,
vcm_train_002561,True,
vcm_train_002563,True,
vcm_train_002565,True,
vcm_train_002567,True,
vcm_train_002569,True,
vcm_train_002571,True,
vcm_train_002573,True,
vcm_train_002575,True,
vcm_train_002577,True,
vcm_train_002579,True,
vcm_train_002581,True,
vcm_train_002583,True,
vcm_train_002585,False,qa_flagged
vcm_train_002587,True,
vcm_train_002589,False,qa_flagged
vcm_train_002591,True,
vcm_train_002593,True,
vcm_train_002595,True,
vcm_train_002597,True,
vcm_train_002599,True,
vcm_train_002601,False,qa_flagged
vcm_train_002603,True,
vcm_train_002605,True,
vcm_train_002607,True,
vcm_train_002609,False,qa_flagged
vcm_train_002611,False,qa_flagged
vcm_train_002613,True,
vcm_train_002615,True,
vcm_train_002617,True,
vcm_train_002619,True,
vcm_train_002621,True,
vcm_train_002623,True,
vcm_train_002625,False,qa_flagged
vcm_train_002627,True,
vcm_train_002629,True,
vcm_train_002631,True,
vcm_train_002633,False,qa_flagged
vcm_train_002635,False,qa_flagged
vcm_train_002637,True,
vcm_train_002639,True,
vcm_train_002641,False,qa_flagged
vcm_train_002643,True,
vcm_train_002645,True,
vcm_train_002647,True,
vcm_train_002649,True,
vcm_train_002651,True,
vcm_train_002653,False,qa_flagged
vcm_train_002655,True,
vcm_train_002657,True,
vcm_train_002659,True,
vcm_train_002661,True,
vcm_train_002663,True,
vcm_train_002665,True,
vcm_train_002667,True,
vcm_train_002669,True,
vcm_train_002671,True,
vcm_train_002673,True,
vcm_train_002675,True,
vcm_train_002677,True,
vcm_train_002679,True,
vcm_train_002681,True,
vcm_train_002683,True,
vcm_train_002685,True,
vcm_train_002687,False,qa_flagged
vcm_train_002689,True,
vcm_train_002691,False,qa_flagged
vcm_train_002693,True,
vcm_train_002695,True,
vcm_train_002697,True,
vcm_train_002699,True,
vcm_train_002701,True,
vcm_train_002703,True,
vcm_train_002705,True,
vcm_train_002707,True,
vcm_train_002709,True,
vcm_train_002711,True,
vcm_train_002713,True,
vcm_train_002715,False,qa_flagged
vcm_train_002717,True,
vcm_train_002719,False,qa_flagged
vcm_train_002721,True,
vcm_train_002723,True,
vcm_train_002725,True,
vcm_train_002727,True,
vcm_train_002729,True,
vcm_train_002731,True,
vcm_train_002733,True,
vcm_train_002735,True,
vcm_train_002737,False,qa_flagged
vcm_train_002739,True,
vcm_train_002741,True,
vcm_train_002743,True,
vcm_train_002745,True,
vcm_train_002747,True,
vcm_train_002749,True,
vcm_train_002751,False,qa_flagged
vcm_train_002753,True,
vcm_train_002755,False,qa_flagged
vcm_train_002757,True,
vcm_train_002759,True,
vcm_train_002761,True,
vcm_train_002763,False,qa_flagged
vcm_train_002765,True,
vcm_train_002767,True,
vcm_train_002769,True,
vcm_train_002771,False,qa_flagged
vcm_train_002773,False,qa_flagged
vcm_train_002775,True,
vcm_train_002777,True,
vcm_train_002779,True,
vcm_train_002781,True,
vcm_train_002783,True,
vcm_train_002785,True,
vcm_train_002787,True,
vcm_train_002789,True,
vcm_train_002791,True,
vcm_train_002793,True,
vcm_train_002795,False,qa_flagged
vcm_train_002797,True,
vcm_train_002799,True,
vcm_train_002801,True,
vcm_train_002803,True,
vcm_train_002805,True,
vcm_train_002807,True,
vcm_train_002809,True,
vcm_train_002811,True,
vcm_train_002813,True,
vcm_train_002815,True,
vcm_train_002817,True,
vcm_train_002819,True,
vcm_train_002821,True,
vcm_train_002823,True,
vcm_train_002825,True,
vcm_train_002827,True,
vcm_train_002829,True,
vcm_train_002831,True,
vcm_train_002833,True,
vcm_train_002835,True,
vcm_train_002837,True,
vcm_train_002839,True,
vcm_train_002841,True,
vcm_train_002843,True,
vcm_train_002845,True,
vcm_train_002847,True,
vcm_train_002849,True,
vcm_train_002851,True,
vcm_train_002853,True,
vcm_train_002855,True,
vcm_train_002857,True,
vcm_train_002859,True,
vcm_train_002861,True,
vcm_train_002863,True,
vcm_train_002865,True,
vcm_train_002867,True,
vcm_train_002869,True,
vcm_train_002871,True,
vcm_train_002873,True,
vcm_train_002875,True,
vcm_train_002877,True,
vcm_train_002879,True,
vcm_train_002881,True,
vcm_train_002883,True,
vcm_train_002885,True,
vcm_train_002887,False,qa_flagged
vcm_train_002889,True,
vcm_train_002891,True,
vcm_train_002893,True,
vcm_train_002895,True,
vcm_train_002897,False,qa_flagged
vcm_train_002899,True,
vcm_train_002901,True,
vcm_train_002903,True,
vcm_train_002905,True,
vcm_train_002907,True,
vcm_train_002909,True,
vcm_train_002911,True,
vcm_train_002913,True,
vcm_train_002915,True,
vcm_train_002917,True,
vcm_train_002919,True,
vcm_train_002921,False,qa_flagged
vcm_train_002923,True,
vcm_train_002925,True,
vcm_train_002927,True,
vcm_train_002929,True,
vcm_train_002931,True,
vcm_train_002933,True,
vcm_train_002935,True,
vcm_train_002937,True,
vcm_train_002939,True,
vcm_train_002941,True,
vcm_train_002943,True,
vcm_train_002945,True,
vcm_train_002947,True,
vcm_train_002949,True,
vcm_train_002951,True,
vcm_train_002953,True,
vcm_train_002955,True,
vcm_train_002957,False,qa_flagged
vcm_train_002959,True,
vcm_train_002961,True,
vcm_train_002963,True,
vcm_train_002965,True,
vcm_train_002967,True,
vcm_train_002969,True,
vcm_train_002971,True,
vcm_train_002973,False,qa_flagged
vcm_train_002975,True,
vcm_train_002977,True,
vcm_train_002979,True,
vcm_train_002981,True,
vcm_train_002983,True,
vcm_train_002985,True,
vcm_train_002987,False,qa_flagged
vcm_train_002989,True,
vcm_train_002991,True,
vcm_train_002993,True,
vcm_train_002995,True,
vcm_train_002997,False,qa_flagged
vcm_train_002999,True,
vcm_train_003001,True,
vcm_train_003003,True,
vcm_train_003005,True,
vcm_train_003007,True,
vcm_train_003009,True,
vcm_train_003011,True,
vcm_train_003013,True,
vcm_train_003015,True,
vcm_train_003017,True,
vcm_train_003019,False,qa_flagged
vcm_train_003021,True,
vcm_train_003023,True,
vcm_train_003025,True,
vcm_train_003027,True,
vcm_train_003029,True,
vcm_train_003031,True,
vcm_train_003033,True,
vcm_train_003035,False,qa_flagged
vcm_train_003037,True,
vcm_train_003039,True,
vcm_train_003041,True,
vcm_train_003043,True,
vcm_train_003045,True,
vcm_train_003047,True,
vcm_train_003049,True,
vcm_train_003051,True,
vcm_train_003053,True,
vcm_train_003055,True,
vcm_train_003057,True,
vcm_train_003059,False,qa_flagged
vcm_train_003061,True,
vcm_train_003063,False,qa_flagged
vcm_train_003065,False,qa_flagged
vcm_train_003067,False,qa_flagged
vcm_train_003069,True,
vcm_train_003071,True,
vcm_train_003073,True,
vcm_train_003075,True,
vcm_train_003077,True,
vcm_train_003079,True,
vcm_train_003081,True,
vcm_train_003083,False,qa_flagged
vcm_train_003085,True,
vcm_train_003087,False,qa_flagged
vcm_train_003089,True,
vcm_train_003091,True,
vcm_train_003093,True,
vcm_train_003095,True,
vcm_train_003097,True,
vcm_train_003099,True,
vcm_train_003101,True,
vcm_train_003103,True,
vcm_train_003105,True,
vcm_train_003107,True,
vcm_train_003109,True,
vcm_train_003111,True,
vcm_train_003113,True,
vcm_train_003115,True,
vcm_train_003117,False,qa_flagged
vcm_train_003119,True,
vcm_train_003121,True,
vcm_train_003123,True,
vcm_train_003125,True,
vcm_train_003127,True,
vcm_train_003129,True,
vcm_train_003131,False,qa_flagged
vcm_train_003133,True,
vcm_train_003135,False,qa_flagged
vcm_train_003137,True,
vcm_train_003139,True,
vcm_train_003141,True,
vcm_train_003143,True,
vcm_train_003145,True,
vcm_train_003147,True,
vcm_train_003149,True,
vcm_train_003151,True,
vcm_train_003153,True,
vcm_train_003155,True,
vcm_train_003157,True,
vcm_train_003159,True,
vcm_train_003161,True,
vcm_train_003163,True,
vcm_train_003165,True,
vcm_train_003167,True,
vcm_train_003169,True,
vcm_train_003171,True,
vcm_train_003173,True,
vcm_train_003175,True,
vcm_train_003177,True,
vcm_train_003179,True,
vcm_train_003181,True,
vcm_train_003183,True,
vcm_train_003185,True,
vcm_train_003187,True,
vcm_train_003189,True,
vcm_train_003191,True,
vcm_train_003193,True,
vcm_train_003195,True,
vcm_train_003197,True,
vcm_train_003199,True,
vcm_train_003201,True,
vcm_train_003203,False,qa_flagged
vcm_train_003205,False,qa_flagged
vcm_train_003207,True,
vcm_train_003209,True,
vcm_train_003211,True,
vcm_train_003213,True,
vcm_train_003215,True,
vcm_train_003217,True,
vcm_train_003219,True,
vcm_train_003221,True,
vcm_train_003223,False,qa_flagged
vcm_train_003225,True,
vcm_train_003227,True,
vcm_train_003229,True,
vcm_train_003231,True,
vcm_train_003233,True,
vcm_train_003235,True,
vcm_train_003237,True,
vcm_train_003239,True,
vcm_train_003241,True,
vcm_train_003243,True,
vcm_train_003245,False,qa_flagged
vcm_train_003247,True,
vcm_train_003249,True,
vcm_train_003251,True,
vcm_train_003253,True,
vcm_train_003255,True,
vcm_train_003257,True,
vcm_train_003259,True,
vcm_train_003261,True,
vcm_train_003263,True,
vcm_train_003265,True,
vcm_train_003267,True,
vcm_train_003269,True,
vcm_train_003271,True,
vcm_train_003273,True,
vcm_train_003275,True,
vcm_train_003277,True,
vcm_train_003279,True,
vcm_train_003281,True,
vcm_train_003283,False,qa_flagged
vcm_train_003285,True,
vcm_train_003287,True,
vcm_train_003289,True,
vcm_train_003291,True,
vcm_train_003293,False,qa_flagged
vcm_train_003295,True,
vcm_train_003297,True,
vcm_train_003299,True,
vcm_train_003301,True,
vcm_train_003303,True,
vcm_train_003305,True,
vcm_train_003307,True,
vcm_train_003309,True,
vcm_train_003311,True,
vcm_train_003313,False,qa_flagged
vcm_train_003315,True,
vcm_train_003317,True,
vcm_train_003319,True,
vcm_train_003321,True,
vcm_train_003323,True,
vcm_train_003325,False,qa_flagged
vcm_train_003327,True,
vcm_train_003329,True,
vcm_train_003331,True,
vcm_train_003333,True,
vcm_train_003335,True,
vcm_train_003337,True,
vcm_train_003339,True,
vcm_train_003341,True,
vcm_train_003343,True,
vcm_train_003345,True,
vcm_train_003347,True,
vcm_train_003349,True,
vcm_train_003351,True,
vcm_train_003353,True,
vcm_train_003355,True,
vcm_train_003357,True,
vcm_train_003359,True,
vcm_train_003361,False,qa_flagged
vcm_train_003363,True,
vcm_train_003365,True,
vcm_train_003367,True,
vcm_train_003369,True,
vcm_train_003371,True,
vcm_train_003373,True,
vcm_train_003375,False,qa_flagged
vcm_train_003377,True,
vcm_train_003379,True,
vcm_train_003381,True,
vcm_train_003383,True,
vcm_train_003385,True,
vcm_train_003387,True,
vcm_train_003389,True,
vcm_train_003391,True,
vcm_train_003393,True,
vcm_train_003395,True,
vcm_train_003397,True,
vcm_train_003399,True,
vcm_train_003401,True,
vcm_train_003403,False,qa_flagged
vcm_train_003405,False,qa_flagged
vcm_train_003407,True,
vcm_train_003409,False,qa_flagged
vcm_train_003411,True,
vcm_train_003413,True,
vcm_train_003415,True,
vcm_train_003417,False,qa_flagged
vcm_train_003419,True,
vcm_train_003421,True,
vcm_train_003423,True,
vcm_train_003425,True,
vcm_train_003427,True,
vcm_train_003429,True,
vcm_train_003431,True,
vcm_train_003433,True,
vcm_train_003435,True,
vcm_train_003437,True,
vcm_train_003439,True,
vcm_train_003441,True,
vcm_train_003443,True,
vcm_train_003445,True,
vcm_train_003447,True,
vcm_train_003449,False,qa_flagged
vcm_train_003451,True,
vcm_train_003453,True,
vcm_train_003455,True,
vcm_train_003457,True,
vcm_train_003459,True,
vcm_train_003461,True,
vcm_train_003463,True,
vcm_train_003465,True,
vcm_train_003467,False,qa_flagged
vcm_train_003469,True,
vcm_train_003471,True,
vcm_train_003473,True,
vcm_train_003475,True,
vcm_train_003477,True,
vcm_train_003479,True,
vcm_train_003481,True,
vcm_train_003483,True,
vcm_train_003485,True,
vcm_train_003487,True,
vcm_train_003489,True,
vcm_train_003491,True,
vcm_train_003493,False,qa_flagged
vcm_train_003495,True,
vcm_train_003497,True,
vcm_train_003499,True,
vcm_train_003501,True,
vcm_train_003503,True,
vcm_train_003505,True,
vcm_train_003507,True,
vcm_train_003509,False,qa_flagged
vcm_train_003511,True,
vcm_train_003513,True,
vcm_train_003515,True,
vcm_train_003517,True,
vcm_train_003519,True,
vcm_train_003521,True,
vcm_train_003523,False,qa_flagged
vcm_train_003525,False,qa_flagged
vcm_train_003527,True,
vcm_train_003529,True,
vcm_train_003531,True,
vcm_train_003533,True,
vcm_train_003535,True,
vcm_train_003537,True,
vcm_train_003539,True,
vcm_train_003541,True,
vcm_train_003543,True,
vcm_train_003545,True,
vcm_train_003547,True,
vcm_train_003549,True,
vcm_train_003551,True,
vcm_train_003553,True,
vcm_train_003555,True,
vcm_train_003557,True,
vcm_train_003559,True,
vcm_train_003561,True,
vcm_train_003563,False,qa_flagged
vcm_train_003565,True,
vcm_train_003567,True,
vcm_train_003569,True,
vcm_train_003571,True,
vcm_train_003573,True,
vcm_train_003575,True,
vcm_train_003577,True,
vcm_train_003579,True,
vcm_train_003581,True,
vcm_train_003583,True,
vcm_train_003585,True,
vcm_train_003587,True,
vcm_train_003589,True,
vcm_train_003591,True,
vcm_train_003593,False,qa_flagged
vcm_train_003595,True,
vcm_train_003597,True,
vcm_train_003599,False,qa_flagged
vcm_train_003601,True,
vcm_train_003603,True,
vcm_train_003605,True,
vcm_train_003607,True,
vcm_train_003609,True,
vcm_train_003611,True,
vcm_train_003613,True,
vcm_train_003615,True,
vcm_train_003617,True,
vcm_train_003619,True,
vcm_train_003621,True,
vcm_train_003623,True,
vcm_train_003625,True,
vcm_train_003627,True,
vcm_train_003629,True,
vcm_train_003631,True,
vcm_train_003633,True,
vcm_train_003635,True,
vcm_train_003637,True,
vcm_train_003639,True,
vcm_train_003641,True,
vcm_train_003643,True,
vcm_train_003645,True,
vcm_train_003647,True,
vcm_train_003649,False,qa_flagged
vcm_train_003651,True,
vcm_train_003653,True,
vcm_train_003655,True,
vcm_train_003657,False,qa_flagged
vcm_train_003659,True,
vcm_train_003661,True,
vcm_train_003663,True,
vcm_train_003665,True,
vcm_train_003667,False,qa_flagged
vcm_train_003669,True,
vcm_train_003671,True,
vcm_train_003673,True,
vcm_train_003675,True,
vcm_train_003677,True,
vcm_train_003679,True,
vcm_train_003681,False,qa_flagged
vcm_train_003683,True,
vcm_train_003685,True,
vcm_train_003687,True,
vcm_train_003689,True,
vcm_train_003691,True,
vcm_train_003693,True,
vcm_train_003695,False,qa_flagged
vcm_train_003697,True,
vcm_train_003699,True,
vcm_train_003701,True,
vcm_train_003703,True,
vcm_train_003705,True,
vcm_train_003707,True,
vcm_train_003709,False,qa_flagged
vcm_train_003711,True,
vcm_train_003713,True,
vcm_train_003715,True,
vcm_train_003717,True,
vcm_train_003719,False,qa_flagged
vcm_train_003721,True,
vcm_train_003723,True,
vcm_train_003725,True,
vcm_train_003727,True,
vcm_train_003729,True,
vcm_train_003731,False,qa_flagged
vcm_train_003733,True,
vcm_train_003735,True,
vcm_train_003737,True,
vcm_train_003739,True,
vcm_train_003741,True,
vcm_train_003743,True,
vcm_train_003745,False,qa_flagged
vcm_train_003747,True,
vcm_train_003749,True,
vcm_train_003751,False,qa_flagged
vcm_train_003753,True,
vcm_train_003755,True,
vcm_train_003757,True,
vcm_train_003759,True,
vcm_train_003761,False,qa_flagged
vcm_train_003763,True,
vcm_train_003765,True,
vcm_train_003767,True,
vcm_train_003769,True,
vcm_train_003771,True,
vcm_train_003773,True,
vcm_train_003775,True,
vcm_train_003777,True,
vcm_train_003779,True,
vcm_train_003781,True,
vcm_train_003783,False,qa_flagged
vcm_train_003785,False,qa_flagged
vcm_train_003787,True,
vcm_train_003789,True,
vcm_train_003791,True,
vcm_train_003793,True,
vcm_train_003795,True,
vcm_train_003797,False,qa_flagged
vcm_train_003799,True,
vcm_train_003801,True,
vcm_train_003803,True,
vcm_train_003805,True,
vcm_train_003807,True,
vcm_train_003809,True,
vcm_train_003811,True,
vcm_train_003813,True,
vcm_train_003815,True,
vcm_train_003817,True,
vcm_train_003819,True,
vcm_train_003821,True,
vcm_train_003823,True,
vcm_train_003825,True,
vcm_train_003827,True,
vcm_train_003829,True,
vcm_train_003831,True,
vcm_train_003833,True,
vcm_train_003835,True,
vcm_train_003837,True,
vcm_train_003839,True,
vcm_train_003841,False,qa_flagged
vcm_train_003843,True,
vcm_train_003845,True,
vcm_train_003847,False,qa_flagged
vcm_train_003849,True,
vcm_train_003851,True,
vcm_train_003853,True,
vcm_train_003855,True,
vcm_train_003857,False,qa_flagged
vcm_train_003859,True,
vcm_train_003861,True,
vcm_train_003863,True,
vcm_train_003865,True,
vcm_train_003867,True,
vcm_train_003869,True,
vcm_train_003871,False,qa_flagged
vcm_train_003873,True,
vcm_train_003875,True,
vcm_train_003877,True,
vcm_train_003879,True,
vcm_train_003881,True,
vcm_train_003883,True,
vcm_train_003885,True,
vcm_train_003887,False,qa_flagged
vcm_train_003889,True,
vcm_train_003891,True,
vcm_train_003893,True,
vcm_train_003895,True,
vcm_train_003897,True,
vcm_train_003899,True,
vcm_train_003901,False,qa_flagged
vcm_train_003903,True,
vcm_train_003905,True,
vcm_train_003907,True,
vcm_train_003909,True,
vcm_train_003911,True,
vcm_train_003913,True,
vcm_train_003915,True,
vcm_train_003917,True,
vcm_train_003919,True,
vcm_train_003921,True,
vcm_train_003923,True,
vcm_train_003925,True,
vcm_train_003927,False,qa_flagged
vcm_train_003929,False,qa_flagged
vcm_train_003931,True,
vcm_train_003933,True,
vcm_train_003935,True,
vcm_train_003937,True,
vcm_train_003939,True,
vcm_train_003941,True,
vcm_train_003943,True,
vcm_train_003945,True,
vcm_train_003947,True,
vcm_train_003949,True,
vcm_train_003951,True,
vcm_train_003953,True,
vcm_train_003955,True,
vcm_train_003957,True,
vcm_train_003959,True,
vcm_train_003961,True,
vcm_train_003963,True,
vcm_train_003965,True,
vcm_train_003967,True,
vcm_train_003969,True,
vcm_train_003971,True,
vcm_train_003973,True,
vcm_train_003975,True,
vcm_train_003977,True,
vcm_train_003979,True,
vcm_train_003981,True,
vcm_train_003983,True,
vcm_train_003985,True,
vcm_train_003987,True,
vcm_train_003989,False,qa_flagged
vcm_train_003991,True,
vcm_train_003993,True,
vcm_train_003995,True,
vcm_train_003997,True,
vcm_train_003999,True,
vcm_train_004001,True,
vcm_train_004003,True,
vcm_train_004005,True,
vcm_train_004007,True,
vcm_train_004009,True,
vcm_train_004011,True,
vcm_train_004013,True,
vcm_train_004015,False,qa_flagged
vcm_train_004017,True,
vcm_train_004019,True,
vcm_train_004021,True,
vcm_train_004023,True,
vcm_train_004025,True,
vcm_train_004027,True,
vcm_train_004029,True,
vcm_train_004031,True,
vcm_train_004033,True,
vcm_train_004035,True,
vcm_train_004037,True,
vcm_train_004039,False,qa_flagged
vcm_train_004041,False,qa_flagged
vcm_train_004043,True,
vcm_train_004045,True,
vcm_train_004047,True,
vcm_train_004049,True,
vcm_train_004051,True,
vcm_train_004053,True,
vcm_train_004055,True,
vcm_train_004057,True,
vcm_train_004059,True,
vcm_train_004061,False,qa_flagged
vcm_train_004063,True,
vcm_train_004065,True,
vcm_train_004067,True,
vcm_train_004069,True,
vcm_train_004071,True,
vcm_train_004073,True,
vcm_train_004075,True,
vcm_train_004077,True,
vcm_train_004079,True,
vcm_train_004081,True,
vcm_train_004083,True,
vcm_train_004085,True,
vcm_train_004087,True,
vcm_train_004089,False,qa_flagged
vcm_train_004091,True,
vcm_train_004093,False,qa_flagged
vcm_train_004095,True,
vcm_train_004097,True,
vcm_train_004099,False,qa_flagged
vcm_train_004101,False,qa_flagged
vcm_train_004103,True,
vcm_train_004105,True,
vcm_train_004107,True,
vcm_train_004109,True,
vcm_train_004111,True,
vcm_train_004113,True,
vcm_train_004115,True,
vcm_train_004117,False,qa_flagged
vcm_train_004119,True,
vcm_train_004121,True,
vcm_train_004123,True,
vcm_train_004125,True,
vcm_train_004127,True,
vcm_train_004129,True,
vcm_train_004131,False,qa_flagged
vcm_train_004133,False,qa_flagged
vcm_train_004135,True,
vcm_train_004137,True,
vcm_train_004139,True,
vcm_train_004141,True,
vcm_train_004143,True,
vcm_train_004145,True,
vcm_train_004147,True,
vcm_train_004149,True,
vcm_train_004151,False,qa_flagged
vcm_train_004153,True,
vcm_train_004155,True,
vcm_train_004157,True,
vcm_train_004159,True,
vcm_train_004161,True,
vcm_train_004163,True,
vcm_train_004165,True,
vcm_train_004167,True,
vcm_train_004169,True,
vcm_train_004171,True,
vcm_train_004173,True,
vcm_train_004175,True,
vcm_train_004177,False,qa_flagged
vcm_train_004179,True,
vcm_train_004181,True,
vcm_train_004183,True,
vcm_train_004185,True,
vcm_train_004187,True,
vcm_train_004189,True,
vcm_train_004191,True,
vcm_train_004193,True,
vcm_train_004195,True,
vcm_train_004197,True,
vcm_train_004199,True,
vcm_train_004201,False,qa_flagged
vcm_train_004203,True,
vcm_train_004205,True,
vcm_train_004207,True,
vcm_train_004209,True,
vcm_train_004211,False,qa_flagged
vcm_train_004213,False,qa_flagged
vcm_train_004215,True,
vcm_train_004217,True,
vcm_train_004219,True,
vcm_train_004221,True,
vcm_train_004223,True,
vcm_train_004225,True,
vcm_train_004227,True,
vcm_train_004229,True,
vcm_train_004231,True,
vcm_train_004233,True,
vcm_train_004235,True,
vcm_train_004237,False,qa_flagged
vcm_train_004239,True,
vcm_train_004241,True,
vcm_train_004243,True,
vcm_train_004245,True,
vcm_train_004247,True,
vcm_train_004249,True,
vcm_train_004251,True,
vcm_train_004253,True,
vcm_train_004255,False,qa_flagged
vcm_train_004257,True,
vcm_train_004259,True,
vcm_train_004261,True,
vcm_train_004263,True,
vcm_train_004265,True,
vcm_train_004267,True,
vcm_train_004269,True,
vcm_train_004271,True,
vcm_train_004273,True,
vcm_train_004275,True,
vcm_train_004277,True,
vcm_train_004279,True,
vcm_train_004281,True,
vcm_train_004283,True,
vcm_train_004285,True,
vcm_train_004287,True,
vcm_train_004289,True,
vcm_train_004291,True,
vcm_train_004293,True,
vcm_train_004295,True,
vcm_train_004297,True,
vcm_train_004299,True,
vcm_train_004301,True,
vcm_train_004303,True,
vcm_train_004305,True,
vcm_train_004307,True,
vcm_train_004309,True,
vcm_train_004311,True,
vcm_train_004313,True,
vcm_train_004315,True,
vcm_train_004317,True,
vcm_train_004319,True,
vcm_train_004321,True,
vcm_train_004323,True,
vcm_train_004325,True,
vcm_train_004327,True,
vcm_train_004329,True,
vcm_train_004331,True,
vcm_train_004333,True,
vcm_train_004335,True,
vcm_train_004337,False,qa_flagged
vcm_train_004339,True,
vcm_train_004341,True,
vcm_train_004343,True,
vcm_train_004345,True,
vcm_train_004347,True,
vcm_train_004349,False,qa_flagged
vcm_train_004351,True,
vcm_train_004353,True,
vcm_train_004355,True,
vcm_train_004357,True,
vcm_train_004359,True,
vcm_train_004361,True,
vcm_train_004363,True,
vcm_train_004365,True,
vcm_train_004367,True,
vcm_train_004369,True,
vcm_train_004371,True,
vcm_train_004373,True,
vcm_train_004375,True,
vcm_train_004377,True,
vcm_train_004379,True,
vcm_train_004381,True,
vcm_train_004383,True,
vcm_train_004385,True,
vcm_train_004387,True,
vcm_train_004389,True,
vcm_train_004391,False,qa_flagged
vcm_train_004393,True,
vcm_train_004395,True,
vcm_train_004397,False,qa_flagged
vcm_train_004399,True,
vcm_train_004401,True,
vcm_train_004403,True,
vcm_train_004405,True,
vcm_train_004407,True,
vcm_train_004409,True,
vcm_train_004411,True,
vcm_train_004413,True,
vcm_train_004415,True,
vcm_train_004417,True,
vcm_train_004419,True,
vcm_train_004421,True,
vcm_train_004423,False,qa_flagged
vcm_train_004425,False,qa_flagged
vcm_train_004427,True,
vcm_train_004429,True,
vcm_train_004431,True,
vcm_train_004433,True,
vcm_train_004435,True,
vcm_train_004437,True,
vcm_train_004439,True,
vcm_train_004441,True,
vcm_train_004443,True,
vcm_train_004445,True,
vcm_train_004447,True,
vcm_train_004449,True,
vcm_train_004451,True,
vcm_train_004453,True,
vcm_train_004455,True,
vcm_train_004457,True,
vcm_train_004459,False,qa_flagged
vcm_train_004461,True,
vcm_train_004463,True,
vcm_train_004465,True,
vcm_train_004467,True,
vcm_train_004469,True,
vcm_train_004471,False,qa_flagged
vcm_train_004473,True,
vcm_train_004475,True,
vcm_train_004477,True,
vcm_train_004479,True,
vcm_train_004481,True,
vcm_train_004483,True,
vcm_train_004485,True,
vcm_train_004487,True,
vcm_train_004489,True,
vcm_train_004491,True,
vcm_train_004493,True,
vcm_train_004495,True,
vcm_train_004497,False,qa_flagged
vcm_train_004499,False,qa_flagged
vcm_train_004501,True,
vcm_train_004503,True,
vcm_train_004505,True,
vcm_train_004507,True,
vcm_train_004509,True,
vcm_train_004511,True,
vcm_train_004513,True,
vcm_train_004515,True,
vcm_train_004517,True,
vcm_train_004519,True,
vcm_train_004521,True,
vcm_train_004523,True,
vcm_train_004525,True,
vcm_train_004527,True,
vcm_train_004529,True,
vcm_train_004531,False,qa_flagged
vcm_train_004533,True,
vcm_train_004535,True,
vcm_train_004537,True,
vcm_train_004539,True,
vcm_train_004541,True,
vcm_train_004543,True,
vcm_train_004545,True,
vcm_train_004547,True,
vcm_train_004549,True,
vcm_train_004551,False,qa_flagged
vcm_train_004553,True,
vcm_train_004555,False,qa_flagged
vcm_train_004557,True,
vcm_train_004559,True,
vcm_train_004561,True,
vcm_train_004563,True,
vcm_train_004565,True,
vcm_train_004567,True,
vcm_train_004569,True,
vcm_train_004571,True,
vcm_train_004573,True,
vcm_train_004575,True,
vcm_train_004577,True,
vcm_train_004579,True,
vcm_train_004581,True,
vcm_train_004583,True,
vcm_train_004585,True,
vcm_train_004587,True,
vcm_train_004589,True,
vcm_train_004591,True,
vcm_train_004593,True,
vcm_train_004595,True,
vcm_train_004597,True,
vcm_train_004599,True,
vcm_train_004601,True,
vcm_train_004603,True,
vcm_train_004605,True,
vcm_train_004607,True,
vcm_train_004609,True,
vcm_train_004611,True,
vcm_train_004613,True,
vcm_train_004615,True,
vcm_train_004617,True,
vcm_train_004619,True,
vcm_train_004621,True,
vcm_train_004623,True,
vcm_train_004625,False,qa_flagged
vcm_train_004627,True,
vcm_train_004629,False,qa_flagged
vcm_train_004631,False,qa_flagged
vcm_train_004633,True,
vcm_train_004635,True,
vcm_train_004637,True,
vcm_train_004639,True,
vcm_train_004641,True,
vcm_train_004643,True,
vcm_train_004645,True,
vcm_train_004647,True,
vcm_train_004649,True,
vcm_train_004651,True,
vcm_train_004653,False,qa_flagged
vcm_train_004655,True,
vcm_train_004657,True,
vcm_train_004659,True,
vcm_train_004661,True,
vcm_train_004663,False,qa_flagged
vcm_train_004665,True,
vcm_train_004667,True,
vcm_train_004669,True,
vcm_train_004671,True,
vcm_train_004673,True,
vcm_train_004675,True,
vcm_train_004677,False,qa_flagged
vcm_train_004679,True,
vcm_train_004681,True,
vcm_train_004683,True,
vcm_train_004685,True,
vcm_train_004687,False,qa_flagged
vcm_train_004689,True,
vcm_train_004691,True,
vcm_train_004693,True,
vcm_train_004695,True,
vcm_train_004697,True,
vcm_train_004699,True,
vcm_train_004701,True,
vcm_train_004703,True,
vcm_train_004705,True,
vcm_train_004707,False,qa_flagged
vcm_train_004709,False,qa_flagged
vcm_train_004711,True,
vcm_train_004713,True,
vcm_train_004715,True,
vcm_train_004717,True,
vcm_train_004719,False,qa_flagged
vcm_train_004721,False,qa_flagged
vcm_train_004723,True,
vcm_train_004725,True,
vcm_train_004727,True,
vcm_train_004729,False,qa_flagged
vcm_train_004731,True,
vcm_train_004733,True,
vcm_train_004735,True,
vcm_train_004737,True,
vcm_train_004739,True,
vcm_train_004741,True,
vcm_train_004743,True,
vcm_train_004745,False,qa_flagged
vcm_train_004747,True,
vcm_train_004749,False,qa_flagged
vcm_train_004751,True,
vcm_train_004753,True,
vcm_train_004755,True,
vcm_train_004757,True,
vcm_train_004759,True,
vcm_train_004761,True,
vcm_train_004763,True,
vcm_train_004765,True,
vcm_train_004767,True,
vcm_train_004769,True,
vcm_train_004771,True,
vcm_train_004773,True,
vcm_train_004775,True,
vcm_train_004777,True,
vcm_train_004779,True,
vcm_train_004781,True,
vcm_train_004783,True,
vcm_train_004785,True,
vcm_train_004787,True,
vcm_train_004789,False,qa_flagged
vcm_train_004791,True,
vcm_train_004793,True,
vcm_train_004795,True,
vcm_train_004797,True,
vcm_train_004799,True,
vcm_train_004801,False,qa_flagged
vcm_train_004803,True,
vcm_train_004805,True,
vcm_train_004807,True,
vcm_train_004809,True,
vcm_train_004811,True,
vcm_train_004813,False,qa_flagged
vcm_train_004815,True,
vcm_train_004817,False,qa_flagged
vcm_train_004819,True,
vcm_train_004821,True,
vcm_train_004823,True,
vcm_train_004825,True,
vcm_train_004827,True,
vcm_train_004829,True,
vcm_train_004831,True,
vcm_train_004833,True,
vcm_train_004835,False,qa_flagged
vcm_train_004837,False,qa_flagged
vcm_train_004839,True,
vcm_train_004841,True,
vcm_train_004843,False,qa_flagged
vcm_train_004845,True,
vcm_train_004847,True,
vcm_train_004849,True,
vcm_train_004851,True,
vcm_train_004853,True,
vcm_train_004855,True,
vcm_train_004857,True,
vcm_train_004859,True,
vcm_train_004861,True,
vcm_train_004863,True,
vcm_train_004865,True,
vcm_train_004867,True,
vcm_train_004869,True,
vcm_train_004871,True,
vcm_train_004873,False,qa_flagged
vcm_train_004875,True,
vcm_train_004877,True,
vcm_train_004879,True,
vcm_train_004881,True,
vcm_train_004883,True,
vcm_train_004885,True,
vcm_train_004887,True,
vcm_train_004889,True,
vcm_train_004891,False,qa_flagged
vcm_train_004893,True,
vcm_train_004895,True,
vcm_train_004897,True,
vcm_train_004899,True,
vcm_train_004901,False,qa_flagged
vcm_train_004903,True,
vcm_train_004905,True,
vcm_train_004907,True,
vcm_train_004909,True,
vcm_train_004911,True,
vcm_train_004913,True,
vcm_train_004915,True,
vcm_train_004917,True,
vcm_train_004919,True,
vcm_train_004921,True,
vcm_train_004923,True,
vcm_train_004925,True,
vcm_train_004927,True,
vcm_train_004929,True,
vcm_train_004931,True,
vcm_train_004933,False,qa_flagged
vcm_train_004935,False,qa_flagged
vcm_train_004937,True,
vcm_train_004939,False,qa_flagged
vcm_train_004941,True,
vcm_train_004943,True,
vcm_train_004945,False,qa_flagged
vcm_train_004947,True,
vcm_train_004949,True,
vcm_train_004951,True,
vcm_train_004953,True,
vcm_train_004955,True,
vcm_train_004957,True,
vcm_train_004959,True,
vcm_train_004961,True,
vcm_train_004963,False,qa_flagged
vcm_train_004965,True,
vcm_train_004967,True,
vcm_train_004969,True,
vcm_train_004971,True,
vcm_train_004973,True,
vcm_train_004975,True,
vcm_train_004977,False,qa_flagged
vcm_train_004979,True,
vcm_train_004981,True,
vcm_train_004983,True,
vcm_train_004985,True,
vcm_train_004987,True,
vcm_train_004989,True,
vcm_train_004991,True,
vcm_train_004993,True,
vcm_train_004995,True,
vcm_train_004997,True,
vcm_train_004999,True,
vcm_train_005001,True,
vcm_train_005003,True,
vcm_train_005005,True,
vcm_train_005007,True,
vcm_train_005009,True,
vcm_train_005011,True,
vcm_train_005013,True,
vcm_train_005015,True,
vcm_train_005017,True,
vcm_train_005019,True,
vcm_train_005021,True,
vcm_train_005023,True,
vcm_train_005025,True,
vcm_train_005027,True,
vcm_train_005029,True,
vcm_train_005031,True,
vcm_train_005033,True,
vcm_train_005035,True,
vcm_train_005037,True,
vcm_train_005039,True,
vcm_train_005041,True,
vcm_train_005043,True,
vcm_train_005045,True,
vcm_train_005047,True,
vcm_train_005049,True,
vcm_train_005051,True,
vcm_train_005053,False,qa_flagged
vcm_train_005055,True,
vcm_train_005057,True,
vcm_train_005059,True,
vcm_train_005061,False,qa_flagged
vcm_train_005063,True,
vcm_train_005065,True,
vcm_train_005067,True,
vcm_train_005069,True,
vcm_train_005071,True,
vcm_train_005073,True,
vcm_train_005075,True,
vcm_train_005077,True,
vcm_train_005079,True,
vcm_train_005081,True,
vcm_train_005083,True,
vcm_train_005085,True,
vcm_train_005087,True,
vcm_train_005089,True,
vcm_train_005091,True,
vcm_train_005093,True,
vcm_train_005095,False,qa_flagged
vcm_train_005097,True,
vcm_train_005099,True,
vcm_train_005101,False,qa_flagged
vcm_train_005103,True,
vcm_train_005105,True,
vcm_train_005107,True,
vcm_train_005109,True,
vcm_train_005111,True,
vcm_train_005113,True,
vcm_train_005115,True,
vcm_train_005117,True,
vcm_train_005119,True,
vcm_train_005121,True,
vcm_train_005123,True,
vcm_train_005125,True,
vcm_train_005127,True,
vcm_train_005129,True,
vcm_train_005131,True,
vcm_train_005133,True,
vcm_train_005135,True,
vcm_train_005137,True,
vcm_train_005139,False,qa_flagged
vcm_train_005141,False,qa_flagged
vcm_train_005143,True,
vcm_train_005145,False,qa_flagged
vcm_train_005147,False,qa_flagged
vcm_train_005149,False,qa_flagged
vcm_train_005151,True,
vcm_train_005153,True,
vcm_train_005155,True,
vcm_train_005157,True,
vcm_train_005159,True,
vcm_train_005161,False,qa_flagged
vcm_train_005163,True,
vcm_train_005165,False,qa_flagged
vcm_train_005167,True,
vcm_train_005169,True,
vcm_train_005171,True,
vcm_train_005173,True,
vcm_train_005175,True,
vcm_train_005177,True,
vcm_train_005179,True,
vcm_train_005181,True,
vcm_train_005183,True,
vcm_train_005185,True,
vcm_train_005187,True,
vcm_train_005189,True,
vcm_train_005191,True,
vcm_train_005193,True,
vcm_train_005195,True,
vcm_train_005197,True,
vcm_train_005199,False,qa_flagged
vcm_train_005201,True,
vcm_train_005203,True,
vcm_train_005205,True,
vcm_train_005207,True,
vcm_train_005209,True,
vcm_train_005211,True,
vcm_train_005213,True,
vcm_train_005215,True,
vcm_train_005217,False,qa_flagged
vcm_train_005219,True,
vcm_train_005221,False,qa_flagged
vcm_train_005223,True,
vcm_train_005225,True,
vcm_train_005227,True,
vcm_train_005229,True,
vcm_train_005231,True,
vcm_train_005233,True,
vcm_train_005235,False,qa_flagged
vcm_train_005237,True,
vcm_train_005239,True,
vcm_train_005241,True,
vcm_train_005243,True,
vcm_train_005245,True,
vcm_train_005247,True,
vcm_train_005249,True,
vcm_train_005251,False,qa_flagged
vcm_train_005253,True,
vcm_train_005255,True,
vcm_train_005257,True,
vcm_train_005259,True,
vcm_train_005261,True,
vcm_train_005263,True,
vcm_train_005265,True,
vcm_train_005267,True,
vcm_train_005269,True,
vcm_train_005271,True,
vcm_train_005273,True,
vcm_train_005275,True,
vcm_train_005277,True,
vcm_train_005279,True,
vcm_train_005281,True,
vcm_train_005283,True,
vcm_train_005285,True,
vcm_train_005287,True,
vcm_train_005289,True,
vcm_train_005291,True,
vcm_train_005293,True,
vcm_train_005295,True,
vcm_train_005297,True,
vcm_train_005299,True,
vcm_train_005301,True,
vcm_train_005303,True,
vcm_train_005305,True,
vcm_train_005307,True,
vcm_train_005309,False,qa_flagged
vcm_train_005311,False,qa_flagged
vcm_train_005313,True,
vcm_train_005315,True,
vcm_train_005317,True,
vcm_train_005319,True,
vcm_train_005321,False,qa_flagged
vcm_train_005323,True,
vcm_train_005325,True,
vcm_train_005327,True,
vcm_train_005329,True,
vcm_train_005331,True,
vcm_train_005333,False,qa_flagged
vcm_train_005335,True,
vcm_train_005337,True,
vcm_train_005339,True,
vcm_train_005341,True,
vcm_train_005343,False,qa_flagged
vcm_train_005345,True,
vcm_train_005347,True,
vcm_train_005349,True,
vcm_train_005351,True,
vcm_train_005353,True,
vcm_train_005355,True,
vcm_train_005357,True,
vcm_train_005359,True,
vcm_train_005361,True,
vcm_train_005363,True,
vcm_train_005365,True,
vcm_train_005367,True,
vcm_train_005369,True,
vcm_train_005371,True,
vcm_train_005373,True,
vcm_train_005375,True,
vcm_train_005377,True,
vcm_train_005379,True,
vcm_train_005381,True,
vcm_train_005383,True,
vcm_train_005385,True,
vcm_train_005387,True,
vcm_train_005389,True,
vcm_train_005391,True,
vcm_train_005393,False,qa_flagged
vcm_train_005395,True,
vcm_train_005397,True,
vcm_train_005399,False,qa_flagged
vcm_train_005401,True,
vcm_train_005403,True,
vcm_train_005405,True,
vcm_train_005407,True,
vcm_train_005409,True,
vcm_train_005411,True,
vcm_train_005413,True,
vcm_train_005415,True,
vcm_train_005417,True,
vcm_train_005419,False,qa_flagged
vcm_train_005421,True,
vcm_train_005423,True,
vcm_train_005425,True,
vcm_train_005427,True,
vcm_train_005429,True,
vcm_train_005431,False,qa_flagged
vcm_train_005433,True,
vcm_train_005435,False,qa_flagged
vcm_train_005437,True,
vcm_train_005439,True,
vcm_train_005441,True,
vcm_train_005443,True,
vcm_train_005445,True,
vcm_train_005447,False,qa_flagged
vcm_train_005449,True,
vcm_train_005451,True,
vcm_train_005453,True,
vcm_train_005455,True,
vcm_train_005457,True,
vcm_train_005459,True,
vcm_train_005461,True,
vcm_train_005463,True,
vcm_train_005465,True,
vcm_train_005467,True,
vcm_train_005469,False,qa_flagged
vcm_train_005471,True,
vcm_train_005473,True,
vcm_train_005475,True,
vcm_train_005477,True,
vcm_train_005479,True,
vcm_train_005481,True,
vcm_train_005483,True,
vcm_train_005485,True,
vcm_train_005487,True,
vcm_train_005489,True,
vcm_train_005491,True,
vcm_train_005493,True,
vcm_train_005495,True,
vcm_train_005497,True,
vcm_train_005499,True,
vcm_train_005501,True,
vcm_train_005503,True,
vcm_train_005505,True,
vcm_train_005507,True,
vcm_train_005509,True,
vcm_train_005511,True,
vcm_train_005513,True,
vcm_train_005515,True,
vcm_train_005517,False,qa_flagged
vcm_train_005519,True,
vcm_train_005521,True,
vcm_train_005523,True,
vcm_train_005525,True,
vcm_train_005527,True,
vcm_train_005529,True,
vcm_train_005531,True,
vcm_train_005533,True,
vcm_train_005535,True,
vcm_train_005537,True,
vcm_train_005539,False,qa_flagged
vcm_train_005541,True,
vcm_train_005543,True,
vcm_train_005545,True,
vcm_train_005547,True,
vcm_train_005549,True,
vcm_train_005551,True,
vcm_train_005553,True,
vcm_train_005555,True,
vcm_train_005557,True,
vcm_train_005559,True,
vcm_train_005561,True,
vcm_train_005563,True,
vcm_train_005565,True,
vcm_train_005567,True,
vcm_train_005569,True,
vcm_train_005571,False,qa_flagged
vcm_train_005573,True,
vcm_train_005575,True,
vcm_train_005577,True,
vcm_train_005579,True,
vcm_train_005581,True,
vcm_train_005583,True,
vcm_train_005585,True,
vcm_train_005587,True,
vcm_train_005589,True,
vcm_train_005591,True,
vcm_train_005593,True,
vcm_train_005595,False,qa_flagged
vcm_train_005597,True,
vcm_train_005599,True,
vcm_train_005601,True,
vcm_train_005603,True,
vcm_train_005605,True,
vcm_train_005607,True,
vcm_train_005609,True,
vcm_train_005611,True,
vcm_train_005613,True,
vcm_train_005615,True,
vcm_train_005617,True,
vcm_train_005619,True,
vcm_train_005621,True,
vcm_train_005623,True,
vcm_train_005625,True,
vcm_train_005627,True,
vcm_train_005629,True,
vcm_train_005631,True,
vcm_train_005633,True,
vcm_train_005635,True,
vcm_train_005637,True,
vcm_train_005639,True,
vcm_train_005641,True,
vcm_train_005643,True,
vcm_train_005645,True,
vcm_train_005647,False,qa_flagged
vcm_train_005649,False,qa_flagged
vcm_train_005651,True,
vcm_train_005653,True,
vcm_train_005655,True,
vcm_train_005657,True,
vcm_train_005659,True,
vcm_train_005661,True,
vcm_train_005663,True,
vcm_train_005665,True,
vcm_train_005667,True,
vcm_train_005669,True,
vcm_train_005671,True,
vcm_train_005673,True,
vcm_train_005675,True,
vcm_train_005677,False,qa_flagged
vcm_train_005679,False,qa_flagged
vcm_train_005681,True,
vcm_train_005683,True,
vcm_train_005685,True,
vcm_train_005687,False,qa_flagged
vcm_train_005689,True,
vcm_train_005691,False,qa_flagged
vcm_train_005693,True,
vcm_train_005695,True,
vcm_train_005697,False,qa_flagged
vcm_train_005699,True,
vcm_train_005701,True,
vcm_train_005703,True,
vcm_train_005705,True,
vcm_train_005707,True,
vcm_train_005709,False,qa_flagged
vcm_train_005711,False,qa_flagged
vcm_train_005713,False,qa_flagged
vcm_train_005715,True,
vcm_train_005717,True,
vcm_train_005719,False,qa_flagged
vcm_train_005721,True,
vcm_train_005723,True,
vcm_train_005725,True,
vcm_train_005727,False,qa_flagged
vcm_train_005729,True,
vcm_train_005731,True,
vcm_train_005733,True,
vcm_train_005735,True,
vcm_train_005737,True,
vcm_train_005739,True,
vcm_train_005741,True,
vcm_train_005743,True,
vcm_train_005745,True,
vcm_train_005747,True,
vcm_train_005749,True,
vcm_train_005751,True,
vcm_train_005753,True,
vcm_train_005755,True,
vcm_train_005757,True,
vcm_train_005759,True,
vcm_train_005761,True,
vcm_train_005763,True,
vcm_train_005765,True,
vcm_train_005767,True,
vcm_train_005769,True,
vcm_train_005771,True,
vcm_train_005773,True,
vcm_train_005775,True,
vcm_train_005777,False,qa_flagged
vcm_train_005779,True,
vcm_train_005781,True,
vcm_train_005783,False,qa_flagged
vcm_train_005785,False,qa_flagged
vcm_train_005787,True,
vcm_train_005789,True,
vcm_train_005791,True,
vcm_train_005793,True,
vcm_train_005795,True,
vcm_train_005797,True,
vcm_train_005799,True,
vcm_train_005801,True,
vcm_train_005803,True,
vcm_train_005805,True,
vcm_train_005807,True,
vcm_train_005809,True,
vcm_train_005811,True,
vcm_train_005813,True,
vcm_train_005815,True,
vcm_train_005817,True,
vcm_train_005819,True,
vcm_train_005821,True,
vcm_train_005823,True,
vcm_train_005825,True,
vcm_train_005827,True,
vcm_train_005829,False,qa_flagged
vcm_train_005831,True,
vcm_train_005833,True,
vcm_train_005835,True,
vcm_train_005837,True,
vcm_train_005839,True,
vcm_train_005841,True,
vcm_train_005843,True,
vcm_train_005845,True,
vcm_train_005847,True,
vcm_train_005849,True,
vcm_train_005851,True,
vcm_train_005853,True,
vcm_train_005855,True,
vcm_train_005857,True,
vcm_train_005859,True,
vcm_train_005861,True,
vcm_train_005863,True,
vcm_train_005865,True,
vcm_train_005867,True,
vcm_train_005869,True,
vcm_train_005871,True,
vcm_train_005873,True,
vcm_train_005875,True,
vcm_train_005877,True,
vcm_train_005879,True,
vcm_train_005881,False,qa_flagged
vcm_train_005883,True,
vcm_train_005885,True,
vcm_train_005887,True,
vcm_train_005889,True,
vcm_train_005891,True,
vcm_train_005893,True,
vcm_train_005895,True,
vcm_train_005897,True,
vcm_train_005899,True,
vcm_train_005901,False,qa_flagged
vcm_train_005903,True,
vcm_train_005905,True,
vcm_train_005907,True,
vcm_train_005909,True,
vcm_train_005911,False,qa_flagged
vcm_train_005913,True,
vcm_train_005915,True,
vcm_train_005917,True,
vcm_train_005919,True,
vcm_train_005921,True,
vcm_train_005923,True,
vcm_train_005925,True,
vcm_train_005927,True,
vcm_train_005929,True,
vcm_train_005931,True,
vcm_train_005933,True,
vcm_train_005935,True,
vcm_train_005937,True,
vcm_train_005939,True,
vcm_train_005941,True,
vcm_train_005943,True,
vcm_train_005945,True,
vcm_train_005947,True,
vcm_train_005949,True,
vcm_train_005951,True,
vcm_train_005953,True,
vcm_train_005955,True,
vcm_train_005957,True,
vcm_train_005959,True,
vcm_train_005961,True,
vcm_train_005963,True,
vcm_train_005965,True,
vcm_train_005967,True,
vcm_train_005969,True,
vcm_train_005971,True,
vcm_train_005973,True,
vcm_train_005975,True,
vcm_train_005977,True,
vcm_train_005979,True,
vcm_train_005981,True,
vcm_train_005983,True,
vcm_train_005985,True,
vcm_train_005987,True,
vcm_train_005989,False,qa_flagged
vcm_train_005991,True,
vcm_train_005993,True,
vcm_train_005995,True,
vcm_train_005997,True,
vcm_train_005999,True,
vcm_train_006001,True,
vcm_train_006003,True,
vcm_train_006005,True,
vcm_train_006007,True,
vcm_train_006009,True,
vcm_train_006011,True,
vcm_train_006013,True,
vcm_train_006015,True,
vcm_train_006017,True,
vcm_train_006019,True,
vcm_train_006021,True,
vcm_train_006023,False,qa_flagged
vcm_train_006025,False,qa_flagged
vcm_train_006027,True,
vcm_train_006029,True,
vcm_train_006031,True,
vcm_train_006033,True,
vcm_train_006035,True,
vcm_train_006037,True,
vcm_train_006039,True,
vcm_train_006041,False,qa_flagged
vcm_train_006043,True,
vcm_train_006045,True,
vcm_train_006047,True,
vcm_train_006049,True,
vcm_train_006051,True,
vcm_train_006053,True,
vcm_train_006055,True,
vcm_train_006057,True,
vcm_train_006059,True,
vcm_train_006061,False,qa_flagged
vcm_train_006063,True,
vcm_train_006065,True,
vcm_train_006067,True,
vcm_train_006069,True,
vcm_train_006071,True,
vcm_train_006073,True,
vcm_train_006075,False,qa_flagged
vcm_train_006077,True,
vcm_train_006079,True,
vcm_train_006081,True,
vcm_train_006083,True,
vcm_train_006085,False,qa_flagged
vcm_train_006087,True,
vcm_train_006089,True,
vcm_train_006091,True,
vcm_train_006093,True,
vcm_train_006095,False,qa_flagged
vcm_train_006097,True,
vcm_train_006099,True,
vcm_train_006101,True,
vcm_train_006103,True,
vcm_train_006105,True,
vcm_train_006107,True,
vcm_train_006109,False,qa_flagged
vcm_train_006111,True,
vcm_train_006113,True,
vcm_train_006115,True,
vcm_train_006117,True,
vcm_train_006119,True,
vcm_train_006121,True,
vcm_train_006123,True,
vcm_train_006125,True,
vcm_train_006127,False,qa_flagged
vcm_train_006129,True,
vcm_train_006131,True,
vcm_train_006133,True,
vcm_train_006135,False,qa_flagged
vcm_train_006137,True,
vcm_train_006139,True,
vcm_train_006141,True,
vcm_train_006143,True,
vcm_train_006145,True,
vcm_train_006147,True,
vcm_train_006149,True,
vcm_train_006151,True,
vcm_train_006153,True,
vcm_train_006155,True,
vcm_train_006157,True,
vcm_train_006159,True,
vcm_train_006161,True,
vcm_train_006163,False,qa_flagged
vcm_train_006165,True,
vcm_train_006167,False,qa_flagged
vcm_train_006169,True,
vcm_train_006171,True,
vcm_train_006173,True,
vcm_train_006175,True,
vcm_train_006177,True,
vcm_train_006179,True,
vcm_train_006181,True,
vcm_train_006183,True,
vcm_train_006185,True,
vcm_train_006187,True,
vcm_train_006189,True,
vcm_train_006191,True,
vcm_train_006193,True,
vcm_train_006195,True,
vcm_train_006197,True,
vcm_train_006199,True,
vcm_train_006201,True,
vcm_train_006203,True,
vcm_train_006205,True,
vcm_train_006207,True,
vcm_train_006209,True,
vcm_train_006211,True,
vcm_train_006213,True,
vcm_train_006215,True,
vcm_train_006217,True,
vcm_train_006219,True,
vcm_train_006221,True,
vcm_train_006223,False,qa_flagged
vcm_train_006225,True,
vcm_train_006227,True,
vcm_train_006229,True,
vcm_train_006231,True,
vcm_train_006233,True,
vcm_train_006235,True,
vcm_train_006237,True,
vcm_train_006239,False,qa_flagged
vcm_train_006241,True,
vcm_train_006243,True,
vcm_train_006245,True,
vcm_train_006247,True,
vcm_train_006249,True,
vcm_train_006251,True,
vcm_train_006253,True,
vcm_train_006255,True,
vcm_train_006257,True,
vcm_train_006259,True,
vcm_train_006261,True,
vcm_train_006263,True,
vcm_train_006265,True,
vcm_train_006267,True,
vcm_train_006269,True,
vcm_train_006271,True,
vcm_train_006273,True,
vcm_train_006275,True,
vcm_train_006277,True,
vcm_train_006279,True,
vcm_train_006281,True,
vcm_train_006283,True,
vcm_train_006285,True,
vcm_train_006287,True,
vcm_train_006289,True,
vcm_train_006291,True,
vcm_train_006293,True,
vcm_train_006295,True,
vcm_train_006297,True,
vcm_train_006299,True,
vcm_train_006301,True,
vcm_train_006303,False,qa_flagged
vcm_train_006305,True,
vcm_train_006307,True,
vcm_train_006309,True,
vcm_train_006311,True,
vcm_train_006313,True,
vcm_train_006315,True,
vcm_train_006317,True,
vcm_train_006319,True,
vcm_train_006321,True,
vcm_train_006323,True,
vcm_train_006325,True,
vcm_train_006327,True,
vcm_train_006329,True,
vcm_train_006331,False,qa_flagged
vcm_train_006333,True,
vcm_train_006335,True,
vcm_train_006337,False,qa_flagged
vcm_train_006339,True,
vcm_train_006341,True,
vcm_train_006343,False,qa_flagged
vcm_train_006345,True,
vcm_train_006347,True,
vcm_train_006349,True,
vcm_train_006351,False,qa_flagged
vcm_train_006353,False,qa_flagged
vcm_train_006355,True,
vcm_train_006357,True,
vcm_train_006359,True,
vcm_train_006361,True,
vcm_train_006363,True,
vcm_train_006365,True,
vcm_train_006367,True,
vcm_train_006369,True,
vcm_train_006371,True,
vcm_train_006373,True,
vcm_train_006375,True,
vcm_train_006377,True,
vcm_train_006379,True,
vcm_train_006381,True,
vcm_train_006383,False,qa_flagged
vcm_train_006385,False,qa_flagged
vcm_train_006387,True,
vcm_train_006389,True,
vcm_train_006391,True,
vcm_train_006393,True,
vcm_train_006395,True,
vcm_train_006397,True,
vcm_train_006399,True,
vcm_train_006401,False,qa_flagged
vcm_train_006403,True,
vcm_train_006405,True,
vcm_train_006407,False,qa_flagged
vcm_train_006409,True,
vcm_train_006411,True,
vcm_train_006413,False,qa_flagged
vcm_train_006415,True,
vcm_train_006417,True,
vcm_train_006419,True,
vcm_train_006421,False,qa_flagged
vcm_train_006423,True,
vcm_train_006425,True,
vcm_train_006427,True,
vcm_train_006429,True,
vcm_train_006431,True,
vcm_train_006433,True,
vcm_train_006435,True,
vcm_train_006437,True,
vcm_train_006439,True,
vcm_train_006441,True,
vcm_train_006443,True,
vcm_train_006445,True,
vcm_train_006447,False,qa_flagged
vcm_train_006449,True,
vcm_train_006451,False,qa_flagged
vcm_train_006453,False,qa_flagged
vcm_train_006455,True,
vcm_train_006457,True,
vcm_train_006459,True,
vcm_train_006461,True,
vcm_train_006463,True,
vcm_train_006465,False,qa_flagged
vcm_train_006467,True,
vcm_train_006469,True,
vcm_train_006471,True,
vcm_train_006473,True,
vcm_train_006475,True,
vcm_train_006477,True,
vcm_train_006479,True,
vcm_train_006481,True,
vcm_train_006483,True,
vcm_train_006485,True,
vcm_train_006487,True,
vcm_train_006489,False,qa_flagged
vcm_train_006491,True,
vcm_train_006493,True,
vcm_train_006495,True,
vcm_train_006497,True,
vcm_train_006499,True,
vcm_train_006501,True,
vcm_train_006503,True,
vcm_train_006505,True,
vcm_train_006507,True,
vcm_train_006509,True,
vcm_train_006511,True,
vcm_train_006513,True,
vcm_train_006515,True,
vcm_train_006517,True,
vcm_train_006519,False,qa_flagged
vcm_train_006521,True,
vcm_train_006523,False,qa_flagged
vcm_train_006525,True,
vcm_train_006527,True,
vcm_train_006529,True,
vcm_train_006531,True,
vcm_train_006533,True,
vcm_train_006535,True,
vcm_train_006537,True,
vcm_train_006539,True,
vcm_train_006541,True,
vcm_train_006543,True,
vcm_train_006545,True,
vcm_train_006547,True,
vcm_train_006549,True,
vcm_train_006551,False,qa_flagged
vcm_train_006553,False,qa_flagged
vcm_train_006555,False,qa_flagged
vcm_train_006557,True,
vcm_train_006559,True,
vcm_train_006561,True,
vcm_train_006563,True,
vcm_train_006565,True,
vcm_train_006567,True,
vcm_train_006569,True,
vcm_train_006571,True,
vcm_train_006573,True,
vcm_train_006575,True,
vcm_train_006577,True,
vcm_train_006579,True,
vcm_train_006581,True,
vcm_train_006583,True,
vcm_train_006585,True,
vcm_train_006587,True,
vcm_train_006589,True,
vcm_train_006591,True,
vcm_train_006593,True,
vcm_train_006595,True,
vcm_train_006597,True,
vcm_train_006599,True,
vcm_train_006601,True,
vcm_train_006603,False,qa_flagged
vcm_train_006605,True,
vcm_train_006607,True,
vcm_train_006609,True,
vcm_train_006611,True,
vcm_train_006613,False,qa_flagged
vcm_train_006615,True,
vcm_train_006617,True,
vcm_train_006619,True,
vcm_train_006621,True,
vcm_train_006623,True,
vcm_train_006625,True,
vcm_train_006627,True,
vcm_train_006629,True,
vcm_train_006631,True,
vcm_train_006633,True,
vcm_train_006635,False,qa_flagged
vcm_train_006637,True,
vcm_train_006639,True,
vcm_train_006641,True,
vcm_train_006643,True,
vcm_train_006645,True,
vcm_train_006647,True,
vcm_train_006649,True,
vcm_train_006651,True,
vcm_train_006653,True,
vcm_train_006655,True,
vcm_train_006657,True,
vcm_train_006659,True,
vcm_train_006661,True,
vcm_train_006663,True,
vcm_train_006665,True,
vcm_train_006667,True,
vcm_train_006669,True,
vcm_train_006671,True,
vcm_train_006673,True,
vcm_train_006675,True,
vcm_train_006677,True,
vcm_train_006679,True,
vcm_train_006681,True,
vcm_train_006683,True,
vcm_train_006685,True,
vcm_train_006687,True,
vcm_train_006689,True,
vcm_train_006691,True,
vcm_train_006693,True,
vcm_train_006695,False,qa_flagged
vcm_train_006697,True,
vcm_train_006699,True,
vcm_train_006701,True,
vcm_train_006703,True,
vcm_train_006705,True,
vcm_train_006707,True,
vcm_train_006709,True,
vcm_train_006711,True,
vcm_train_006713,True,
vcm_train_006715,True,
vcm_train_006717,True,
vcm_train_006719,True,
vcm_train_006721,False,qa_flagged
vcm_train_006723,False,qa_flagged
vcm_train_006725,True,
vcm_train_006727,True,
vcm_train_006729,True,
vcm_train_006731,True,
vcm_train_006733,True,
vcm_train_006735,True,
vcm_train_006737,False,qa_flagged
vcm_train_006739,True,
vcm_train_006741,True,
vcm_train_006743,True,
vcm_train_006745,True,
vcm_train_006747,True,
vcm_train_006749,True,
vcm_train_006751,True,
vcm_train_006753,True,
vcm_train_006755,True,
vcm_train_006757,True,
vcm_train_006759,True,
vcm_train_006761,True,
vcm_train_006763,True,
vcm_train_006765,True,
vcm_train_006767,True,
vcm_train_006769,True,
vcm_train_006771,True,
vcm_train_006773,True,
vcm_train_006775,True,
vcm_train_006777,True,
vcm_train_006779,True,
vcm_train_006781,True,
vcm_train_006783,True,
vcm_train_006785,True,
vcm_train_006787,True,
vcm_train_006789,True,
vcm_train_006791,True,
vcm_train_006793,True,
vcm_train_006795,True,
vcm_train_006797,True,
vcm_train_006799,True,
vcm_train_006801,True,
vcm_train_006803,True,
vcm_train_006805,True,
vcm_train_006807,True,
vcm_train_006809,True,
vcm_train_006811,True,
vcm_train_006813,True,
vcm_train_006815,True,
vcm_train_006817,True,
vcm_train_006819,True,
vcm_train_006821,True,
vcm_train_006823,True,
vcm_train_006825,True,
vcm_train_006827,True,
vcm_train_006829,True,
vcm_train_006831,True,
vcm_train_006833,True,
vcm_train_006835,True,
vcm_train_006837,True,
vcm_train_006839,True,
vcm_train_006841,True,
vcm_train_006843,True,
vcm_train_006845,True,
vcm_train_006847,True,
vcm_train_006849,True,
vcm_train_006851,True,
vcm_train_006853,True,
vcm_train_006855,True,
vcm_train_006857,False,qa_flagged
vcm_train_006859,True,
vcm_train_006861,False,qa_flagged
vcm_train_006863,True,
vcm_train_006865,True,
vcm_train_006867,True,
vcm_train_006869,True,
vcm_train_006871,True,
vcm_train_006873,True,
vcm_train_006875,True,
vcm_train_006877,True,
vcm_train_006879,True,
vcm_train_006881,True,
vcm_train_006883,True,
vcm_train_006885,True,
vcm_train_006887,True,
vcm_train_006889,True,
vcm_train_006891,True,
vcm_train_006893,True,
vcm_train_006895,True,
vcm_train_006897,True,
vcm_train_006899,True,
vcm_train_006901,True,
vcm_train_006903,False,qa_flagged
vcm_train_006905,True,
vcm_train_006907,False,qa_flagged
vcm_train_006909,True,
vcm_train_006911,True,
vcm_train_006913,True,
vcm_train_006915,True,
vcm_train_006917,True,
vcm_train_006919,True,
vcm_train_006921,True,
vcm_train_006923,True,
vcm_train_006925,True,
vcm_train_006927,False,qa_flagged
vcm_train_006929,True,
vcm_train_006931,False,qa_flagged
vcm_train_006933,True,
vcm_train_006935,True,
vcm_train_006937,True,
vcm_train_006939,False,qa_flagged
vcm_train_006941,True,
vcm_train_006943,True,
vcm_train_006945,True,
vcm_train_006947,True,
vcm_train_006949,True,
vcm_train_006951,False,qa_flagged
vcm_train_006953,True,
vcm_train_006955,False,qa_flagged
vcm_train_006957,True,
vcm_train_006959,True,
vcm_train_006961,True,
vcm_train_006963,False,qa_flagged
vcm_train_006965,True,
vcm_train_006967,True,
vcm_train_006969,False,qa_flagged
vcm_train_006971,True,
vcm_train_006973,True,
vcm_train_006975,True,
vcm_train_006977,True,
vcm_train_006979,True,
vcm_train_006981,True,
vcm_train_006983,True,
vcm_train_006985,True,
vcm_train_006987,True,
vcm_train_006989,True,
vcm_train_006991,False,qa_flagged
vcm_train_006993,True,
vcm_train_006995,True,
vcm_train_006997,True,
vcm_train_006999,True,
vcm_train_007001,False,qa_flagged
vcm_train_007003,False,qa_flagged
vcm_train_007005,True,
vcm_train_007007,False,qa_flagged
vcm_train_007009,True,
vcm_train_007011,True,
vcm_train_007013,False,qa_flagged
vcm_train_007015,False,qa_flagged
vcm_train_007017,True,
vcm_train_007019,True,
vcm_train_007021,True,
vcm_train_007023,True,
vcm_train_007025,True,
vcm_train_007027,True,
vcm_train_007029,True,
vcm_train_007031,False,qa_flagged
vcm_train_007033,True,
vcm_train_007035,True,
vcm_train_007037,True,
vcm_train_007039,True,
vcm_train_007041,True,
vcm_train_007043,True,
vcm_train_007045,True,
vcm_train_007047,True,
vcm_train_007049,True,
vcm_train_007051,True,
vcm_train_007053,True,
vcm_train_007055,True,
vcm_train_007057,True,
vcm_train_007059,True,
vcm_train_007061,True,
vcm_train_007063,True,
vcm_train_007065,True,
vcm_train_007067,True,
vcm_train_007069,True,
vcm_train_007071,True,
vcm_train_007073,True,
vcm_train_007075,True,
vcm_train_007077,True,
vcm_train_007079,True,
vcm_train_007081,True,
vcm_train_007083,True,
vcm_train_007085,True,
vcm_train_007087,True,
vcm_train_007089,True,
vcm_train_007091,True,
vcm_train_007093,True,
vcm_train_007095,True,
vcm_train_007097,True,
vcm_train_007099,True,
vcm_train_007101,True,
vcm_train_007103,True,
vcm_train_007105,True,
vcm_train_007107,True,
vcm_train_007109,False,qa_flagged
vcm_train_007111,True,
vcm_train_007113,False,qa_flagged
vcm_train_007115,True,
vcm_train_007117,True,
vcm_train_007119,True,
vcm_train_007121,True,
vcm_train_007123,True,
vcm_train_007125,True,
vcm_train_007127,True,
vcm_train_007129,True,
vcm_train_007131,True,
vcm_train_007133,True,
vcm_train_007135,True,
vcm_train_007137,True,
vcm_train_007139,True,
vcm_train_007141,True,
vcm_train_007143,True,
vcm_train_007145,True,
vcm_train_007147,True,
vcm_train_007149,True,
vcm_train_007151,True,
vcm_train_007153,True,
vcm_train_007155,True,
vcm_train_007157,True,
vcm_train_007159,True,
vcm_train_007161,True,
vcm_train_007163,True,
vcm_train_007165,True,
vcm_train_007167,True,
vcm_train_007169,True,
vcm_train_007171,True,
vcm_train_007173,True,
vcm_train_007175,True,
vcm_train_007177,False,qa_flagged
vcm_train_007179,True,
vcm_train_007181,True,
vcm_train_007183,True,
vcm_train_007185,True,
vcm_train_007187,False,qa_flagged
vcm_train_007189,True,
vcm_train_007191,True,
vcm_train_007193,True,
vcm_train_007195,True,
vcm_train_007197,True,
vcm_train_007199,False,qa_flagged
vcm_train_007201,True,
vcm_train_007203,True,
vcm_train_007205,True,
vcm_train_007207,True,
vcm_train_007209,True,
vcm_train_007211,True,
vcm_train_007213,True,
vcm_train_007215,True,
vcm_train_007217,True,
vcm_train_007219,True,
vcm_train_007221,True,
vcm_train_007223,True,
vcm_train_007225,True,
vcm_train_007227,True,
vcm_train_007229,True,
vcm_train_007231,True,
vcm_train_007233,True,
vcm_train_007235,True,
vcm_train_007237,True,
vcm_train_007239,True,
vcm_train_007241,False,qa_flagged
vcm_train_007243,True,
vcm_train_007245,True,
vcm_train_007247,True,
vcm_train_007249,True,
vcm_train_007251,True,
vcm_train_007253,True,
vcm_train_007255,True,
vcm_train_007257,True,
vcm_train_007259,False,qa_flagged
vcm_train_007261,True,
vcm_train_007263,True,
vcm_train_007265,True,
vcm_train_007267,True,
vcm_train_007269,True,
vcm_train_007271,True,
vcm_train_007273,True,
vcm_train_007275,True,
vcm_train_007277,True,
vcm_train_007279,True,
vcm_train_007281,True,
vcm_train_007283,True,
vcm_train_007285,True,
vcm_train_007287,True,
vcm_train_007289,True,
vcm_train_007291,True,
vcm_train_007293,True,
vcm_train_007295,True,
vcm_train_007297,True,
vcm_train_007299,False,qa_flagged
vcm_train_007301,False,qa_flagged
vcm_train_007303,True,
vcm_train_007305,True,
vcm_train_007307,True,
vcm_train_007309,True,
vcm_train_007311,True,
vcm_train_007313,True,
vcm_train_007315,True,
vcm_train_007317,True,
vcm_train_007319,True,
vcm_train_007321,True,
vcm_train_007323,True,
vcm_train_007325,True,
vcm_train_007327,True,
vcm_train_007329,True,
vcm_train_007331,True,
vcm_train_007333,True,
vcm_train_007335,True,
vcm_train_007337,True,
vcm_train_007339,True,
vcm_train_007341,True,
vcm_train_007343,True,
vcm_train_007345,True,
vcm_train_007347,True,
vcm_train_007349,True,
vcm_train_007351,True,
vcm_train_007353,True,
vcm_train_007355,True,
vcm_train_007357,True,
vcm_train_007359,False,qa_flagged
vcm_train_007361,False,qa_flagged
vcm_train_007363,True,
vcm_train_007365,True,
vcm_train_007367,True,
vcm_train_007369,True,
vcm_train_007371,True,
vcm_train_007373,True,
vcm_train_007375,True,
vcm_train_007377,True,
vcm_train_007379,False,qa_flagged
vcm_train_007381,True,
vcm_train_007383,True,
vcm_train_007385,True,
vcm_train_007387,True,
vcm_train_007389,False,qa_flagged
vcm_train_007391,False,qa_flagged
vcm_train_007393,True,
vcm_train_007395,True,
vcm_train_007397,True,
vcm_train_007399,False,qa_flagged
vcm_train_007401,True,
vcm_train_007403,True,
vcm_train_007405,True,
vcm_train_007407,True,
vcm_train_007409,True,
vcm_train_007411,True,
vcm_train_007413,True,
vcm_train_007415,True,
vcm_train_007417,True,
vcm_train_007419,True,
vcm_train_007421,True,
vcm_train_007423,True,
vcm_train_007425,True,
vcm_train_007427,True,
vcm_train_007429,False,qa_flagged
vcm_train_007431,True,
vcm_train_007433,True,
vcm_train_007435,True,
vcm_train_007437,True,
vcm_train_007439,True,
vcm_train_007441,True,
vcm_train_007443,True,
vcm_train_007445,True,
vcm_train_007447,True,
vcm_train_007449,True,
vcm_train_007451,True,
vcm_train_007453,True,
vcm_train_007455,True,
vcm_train_007457,True,
vcm_train_007459,True,
vcm_train_007461,True,
vcm_train_007463,True,
vcm_train_007465,True,
vcm_train_007467,True,
vcm_train_007469,True,
vcm_train_007471,True,
vcm_train_007473,True,
vcm_train_007475,False,qa_flagged
vcm_train_007477,True,
vcm_train_007479,True,
vcm_train_007481,True,
vcm_train_007483,False,qa_flagged
vcm_train_007485,True,
vcm_train_007487,True,
vcm_train_007489,True,
vcm_train_007491,True,
vcm_train_007493,True,
vcm_train_007495,True,
vcm_train_007497,True,
vcm_train_007499,True,
vcm_train_007501,True,
vcm_train_007503,True,
vcm_train_007505,True,
vcm_train_007507,True,
vcm_train_007509,True,
vcm_train_007511,True,
vcm_train_007513,True,
vcm_train_007515,True,
vcm_train_007517,True,
vcm_train_007519,False,qa_flagged
vcm_train_007521,True,
vcm_train_007523,True,
vcm_train_007525,True,
vcm_train_007527,True,
vcm_train_007529,True,
vcm_train_007531,True,
vcm_train_007533,True,
vcm_train_007535,True,
vcm_train_007537,True,
vcm_train_007539,True,
vcm_train_007541,True,
vcm_train_007543,True,
vcm_train_007545,True,
vcm_train_007547,True,
vcm_train_007549,False,qa_flagged
vcm_train_007551,False,qa_flagged
vcm_train_007553,True,
vcm_train_007555,False,qa_flagged
vcm_train_007557,False,qa_flagged
vcm_train_007559,True,
vcm_train_007561,True,
vcm_train_007563,True,
vcm_train_007565,True,
vcm_train_007567,False,qa_flagged
vcm_train_007569,True,
vcm_train_007571,True,
vcm_train_007573,True,
vcm_train_007575,True,
vcm_train_007577,True,
vcm_train_007579,True,
vcm_train_007581,True,
vcm_train_007583,False,qa_flagged
vcm_train_007585,True,
vcm_train_007587,True,
vcm_train_007589,True,
vcm_train_007591,True,
vcm_train_007593,True,
vcm_train_007595,True,
vcm_train_007597,True,
vcm_train_007599,True,
vcm_train_007601,True,
vcm_train_007603,False,qa_flagged
vcm_train_007605,True,
vcm_train_007607,True,
vcm_train_007609,True,
vcm_train_007611,True,
vcm_train_007613,True,
vcm_train_007615,True,
vcm_train_007617,False,qa_flagged
vcm_train_007619,True,
vcm_train_007621,True,
vcm_train_007623,True,
vcm_train_007625,True,
vcm_train_007627,True,
vcm_train_007629,True,
vcm_train_007631,True,
vcm_train_007633,True,
vcm_train_007635,True,
vcm_train_007637,True,
vcm_train_007639,True,
vcm_train_007641,False,qa_flagged
vcm_train_007643,True,
vcm_train_007645,False,qa_flagged
vcm_train_007647,True,
vcm_train_007649,True,
vcm_train_007651,True,
vcm_train_007653,True,
vcm_train_007655,True,
vcm_train_007657,False,qa_flagged
vcm_train_007659,True,
vcm_train_007661,False,qa_flagged
vcm_train_007663,True,
vcm_train_007665,True,
vcm_train_007667,True,
vcm_train_007669,True,
vcm_train_007671,True,
vcm_train_007673,True,
vcm_train_007675,False,qa_flagged
vcm_train_007677,True,
vcm_train_007679,True,
vcm_train_007681,True,
vcm_train_007683,False,qa_flagged
vcm_train_007685,True,
vcm_train_007687,True,
vcm_train_007689,True,
vcm_train_007691,True,
vcm_train_007693,True,
vcm_train_007695,True,
vcm_train_007697,True,
vcm_train_007699,True,
vcm_train_007701,False,qa_flagged
vcm_train_007703,True,
vcm_train_007705,True,
vcm_train_007707,True,
vcm_train_007709,True,
vcm_train_007711,True,
vcm_train_007713,True,
vcm_train_007715,True,
vcm_train_007717,True,
vcm_train_007719,True,
vcm_train_007721,True,
vcm_train_007723,True,
vcm_train_007725,True,
vcm_train_007727,True,
vcm_train_007729,True,
vcm_train_007731,True,
vcm_train_007733,True,
vcm_train_007735,True,
vcm_train_007737,False,qa_flagged
vcm_train_007739,True,
vcm_train_007741,True,
vcm_train_007743,True,
vcm_train_007745,True,
vcm_train_007747,True,
vcm_train_007749,True,
vcm_train_007751,True,
vcm_train_007753,True,
vcm_train_007755,True,
vcm_train_007757,True,
vcm_train_007759,True,
vcm_train_007761,True,
vcm_train_007763,True,
vcm_train_007765,True,
vcm_train_007767,True,
vcm_train_007769,True,
vcm_train_007771,True,
vcm_train_007773,True,
vcm_train_007775,True,
vcm_train_007777,True,
vcm_train_007779,True,
vcm_train_007781,True,
vcm_train_007783,True,
vcm_train_007785,False,qa_flagged
vcm_train_007787,True,
vcm_train_007789,True,
vcm_train_007791,True,
vcm_train_007793,True,
vcm_train_007795,True,
vcm_train_007797,False,qa_flagged
vcm_train_007799,True,
vcm_train_007801,True,
vcm_train_007803,True,
vcm_train_007805,True,
vcm_train_007807,True,
vcm_train_007809,True,
vcm_train_007811,True,
vcm_train_007813,True,
vcm_train_007815,True,
vcm_train_007817,True,
vcm_train_007819,True,
vcm_train_007821,True,
vcm_train_007823,True,
vcm_train_007825,True,
vcm_train_007827,False,qa_flagged
vcm_train_007829,False,qa_flagged
vcm_train_007831,True,
vcm_train_007833,True,
vcm_train_007835,True,
vcm_train_007837,True,
vcm_train_007839,False,qa_flagged
vcm_train_007841,True,
vcm_train_007843,True,
vcm_train_007845,True,
vcm_train_007847,True,
vcm_train_007849,False,qa_flagged
vcm_train_007851,True,
vcm_train_007853,True,
vcm_train_007855,True,
vcm_train_007857,True,
vcm_train_007859,True,
vcm_train_007861,True,
vcm_train_007863,True,
vcm_train_007865,True,
vcm_train_007867,True,
vcm_train_007869,True,
vcm_train_007871,True,
vcm_train_007873,True,
vcm_train_007875,True,
vcm_train_007877,True,
vcm_train_007879,True,
vcm_train_007881,True,
vcm_train_007883,True,
vcm_train_007885,True,
vcm_train_007887,True,
vcm_train_007889,True,
vcm_train_007891,True,
vcm_train_007893,False,qa_flagged
vcm_train_007895,True,
vcm_train_007897,True,
vcm_train_007899,False,qa_flagged
vcm_train_007901,True,
vcm_train_007903,True,
vcm_train_007905,True,
vcm_train_007907,True,
vcm_train_007909,True,
vcm_train_007911,True,
vcm_train_007913,True,
vcm_train_007915,True,
vcm_train_007917,True,
vcm_train_007919,True,
vcm_train_007921,True,
vcm_train_007923,True,
vcm_train_007925,False,qa_flagged
vcm_train_007927,True,
vcm_train_007929,False,qa_flagged
vcm_train_007931,True,
vcm_train_007933,True,
vcm_train_007935,True,
vcm_train_007937,True,
vcm_train_007939,True,
vcm_train_007941,True,
vcm_train_007943,True,
vcm_train_007945,True,
vcm_train_007947,True,
vcm_train_007949,True,
vcm_train_007951,True,
vcm_train_007953,False,qa_flagged
vcm_train_007955,True,
vcm_train_007957,True,
vcm_train_007959,True,
vcm_train_007961,True,
vcm_train_007963,True,
vcm_train_007965,True,
vcm_train_007967,True,
vcm_train_007969,True,
vcm_train_007971,True,
vcm_train_007973,True,
vcm_train_007975,True,
vcm_train_007977,True,
vcm_train_007979,True,
vcm_train_007981,True,
vcm_train_007983,True,
vcm_train_007985,False,qa_flagged
vcm_train_007987,True,
vcm_train_007989,True,
vcm_train_007991,True,
vcm_train_007993,True,
vcm_train_007995,True,
vcm_train_007997,True,
vcm_train_007999,True,
vcm_train_008001,True,
vcm_train_008003,True,
vcm_train_008005,True,
vcm_train_008007,False,qa_flagged
vcm_train_008009,False,qa_flagged
vcm_train_008011,True,
vcm_train_008013,True,
vcm_train_008015,True,
vcm_train_008017,True,
vcm_train_008019,True,
vcm_train_008021,True,
vcm_train_008023,True,
vcm_train_008025,True,
vcm_train_008027,True,
vcm_train_008029,True,
vcm_train_008031,False,qa_flagged
vcm_train_008033,True,
vcm_train_008035,True,
vcm_train_008037,True,
vcm_train_008039,True,
vcm_train_008041,True,
vcm_train_008043,True,
vcm_train_008045,True,
vcm_train_008047,True,
vcm_train_008049,True,
vcm_train_008051,False,qa_flagged
vcm_train_008053,True,
vcm_train_008055,True,
vcm_train_008057,True,
vcm_train_008059,True,
vcm_train_008061,True,
vcm_train_008063,True,
vcm_train_008065,True,
vcm_train_008067,True,
vcm_train_008069,False,qa_flagged
vcm_train_008071,True,
vcm_train_008073,True,
vcm_train_008075,True,
vcm_train_008077,True,
vcm_train_008079,True,
vcm_train_008081,True,
vcm_train_008083,True,
vcm_train_008085,True,
vcm_train_008087,True,
vcm_train_008089,True,
vcm_train_008091,True,
vcm_train_008093,True,
vcm_train_008095,True,
vcm_train_008097,False,qa_flagged
vcm_train_008099,True,
vcm_train_008101,True,
vcm_train_008103,True,
vcm_train_008105,True,
vcm_train_008107,True,
vcm_train_008109,True,
vcm_train_008111,True,
vcm_train_008113,True,
vcm_train_008115,True,
vcm_train_008117,True,
vcm_train_008119,True,
vcm_train_008121,False,qa_flagged
vcm_train_008123,True,
vcm_train_008125,False,qa_flagged
vcm_train_008127,True,
vcm_train_008129,True,
vcm_train_008131,True,
vcm_train_008133,True,
vcm_train_008135,True,
vcm_train_008137,True,
vcm_train_008139,True,
vcm_train_008141,True,
vcm_train_008143,True,
vcm_train_008145,True,
vcm_train_008147,True,
vcm_train_008149,True,
vcm_train_008151,True,
vcm_train_008153,False,qa_flagged
vcm_train_008155,True,
vcm_train_008157,True,
vcm_train_008159,True,
vcm_train_008161,True,
vcm_train_008163,True,
vcm_train_008165,True,
vcm_train_008167,True,
vcm_train_008169,True,
vcm_train_008171,True,
vcm_train_008173,True,
vcm_train_008175,True,
vcm_train_008177,True,
vcm_train_008179,True,
vcm_train_008181,True,
vcm_train_008183,True,
vcm_train_008185,True,
vcm_train_008187,True,
vcm_train_008189,True,
vcm_train_008191,False,qa_flagged
vcm_train_008193,True,
vcm_train_008195,False,qa_flagged
vcm_train_008197,True,
vcm_train_008199,True,
vcm_train_008201,True,
vcm_train_008203,True,
vcm_train_008205,True,
vcm_train_008207,True,
vcm_train_008209,True,
vcm_train_008211,True,
vcm_train_008213,True,
vcm_train_008215,False,qa_flagged
vcm_train_008217,True,
vcm_train_008219,True,
vcm_train_008221,True,
vcm_train_008223,True,
vcm_train_008225,True,
vcm_train_008227,True,
vcm_train_008229,True,
vcm_train_008231,True,
vcm_train_008233,True,
vcm_train_008235,True,
vcm_train_008237,True,
vcm_train_008239,True,
vcm_train_008241,True,
vcm_train_008243,False,qa_flagged
vcm_train_008245,True,
vcm_train_008247,True,
vcm_train_008249,False,qa_flagged
vcm_train_008251,True,
vcm_train_008253,True,
vcm_train_008255,True,
vcm_train_008257,False,qa_flagged
vcm_train_008259,True,
vcm_train_008261,True,
vcm_train_008263,True,
vcm_train_008265,True,
vcm_train_008267,True,
vcm_train_008269,True,
vcm_train_008271,True,
vcm_train_008273,True,
vcm_train_008275,True,
vcm_train_008277,True,
vcm_train_008279,True,
vcm_train_008281,True,
vcm_train_008283,True,
vcm_train_008285,True,
vcm_train_008287,True,
vcm_train_008289,True,
vcm_train_008291,True,
vcm_train_008293,True,
vcm_train_008295,True,
vcm_train_008297,False,qa_flagged
vcm_train_008299,True,
vcm_train_008301,True,
vcm_train_008303,True,
vcm_train_008305,False,qa_flagged
vcm_train_008307,True,
vcm_train_008309,True,
vcm_train_008311,True,
vcm_train_008313,True,
vcm_train_008315,True,
vcm_train_008317,True,
vcm_train_008319,True,
vcm_train_008321,True,
vcm_train_008323,True,
vcm_train_008325,False,qa_flagged
vcm_train_008327,True,
vcm_train_008329,True,
vcm_train_008331,True,
vcm_train_008333,True,
vcm_train_008335,True,
vcm_train_008337,True,
vcm_train_008339,True,
vcm_train_008341,True,
vcm_train_008343,True,
vcm_train_008345,True,
vcm_train_008347,True,
vcm_train_008349,True,
vcm_train_008351,True,
vcm_train_008353,True,
vcm_train_008355,True,
vcm_train_008357,True,
vcm_train_008359,True,
vcm_train_008361,False,qa_flagged
vcm_train_008363,False,qa_flagged
vcm_train_008365,True,
vcm_train_008367,True,
vcm_train_008369,True,
vcm_train_008371,True,
vcm_train_008373,True,
vcm_train_008375,True,
vcm_train_008377,True,
vcm_train_008379,True,
vcm_train_008381,False,qa_flagged
vcm_train_008383,True,
vcm_train_008385,True,
vcm_train_008387,True,
vcm_train_008389,True,
vcm_train_008391,True,
vcm_train_008393,True,
vcm_train_008395,True,
vcm_train_008397,False,qa_flagged
vcm_train_008399,True,
vcm_train_008401,True,
vcm_train_008403,True,
vcm_train_008405,True,
vcm_train_008407,False,qa_flagged
vcm_train_008409,True,
vcm_train_008411,True,
vcm_train_008413,True,
vcm_train_008415,False,qa_flagged
vcm_train_008417,True,
vcm_train_008419,True,
vcm_train_008421,True,
vcm_train_008423,True,
vcm_train_008425,True,
vcm_train_008427,False,qa_flagged
vcm_train_008429,True,
vcm_train_008431,True,
vcm_train_008433,True,
vcm_train_008435,True,
vcm_train_008437,True,
vcm_train_008439,True,
vcm_train_008441,True,
vcm_train_008443,True,
vcm_train_008445,False,qa_flagged
vcm_train_008447,True,
vcm_train_008449,True,
vcm_train_008451,True,
vcm_train_008453,True,
vcm_train_008455,True,
vcm_train_008457,False,qa_flagged
vcm_train_008459,True,
vcm_train_008461,True,
vcm_train_008463,True,
vcm_train_008465,True,
vcm_train_008467,True,
vcm_train_008469,True,
vcm_train_008471,False,qa_flagged
vcm_train_008473,True,
vcm_train_008475,True,
vcm_train_008477,True,
vcm_train_008479,True,
vcm_train_008481,True,
vcm_train_008483,True,
vcm_train_008485,True,
vcm_train_008487,True,
vcm_train_008489,True,
vcm_train_008491,True,
vcm_train_008493,False,qa_flagged
vcm_train_008495,True,
vcm_train_008497,True,
vcm_train_008499,False,qa_flagged
vcm_train_008501,True,
vcm_train_008503,True,
vcm_train_008505,True,
vcm_train_008507,True,
vcm_train_008509,True,
vcm_train_008511,True,
vcm_train_008513,True,
vcm_train_008515,True,
vcm_train_008517,True,
vcm_train_008519,True,
vcm_train_008521,True,
vcm_train_008523,True,
vcm_train_008525,True,
vcm_train_008527,True,
vcm_train_008529,True,
vcm_train_008531,True,
vcm_train_008533,True,
vcm_train_008535,True,
vcm_train_008537,False,qa_flagged
vcm_train_008539,True,
vcm_train_008541,False,qa_flagged
vcm_train_008543,True,
vcm_train_008545,True,
vcm_train_008547,False,qa_flagged
vcm_train_008549,True,
vcm_train_008551,True,
vcm_train_008553,True,
vcm_train_008555,True,
vcm_train_008557,True,
vcm_train_008559,True,
vcm_train_008561,True,
vcm_train_008563,True,
vcm_train_008565,True,
vcm_train_008567,True,
vcm_train_008569,True,
vcm_train_008571,True,
vcm_train_008573,False,qa_flagged
vcm_train_008575,False,qa_flagged
vcm_train_008577,True,
vcm_train_008579,True,
vcm_train_008581,True,
vcm_train_008583,True,
vcm_train_008585,True,
vcm_train_008587,True,
vcm_train_008589,True,
vcm_train_008591,True,
vcm_train_008593,True,
vcm_train_008595,True,
vcm_train_008597,True,
vcm_train_008599,True,
vcm_train_008601,True,
vcm_train_008603,True,
vcm_train_008605,True,
vcm_train_008607,True,
vcm_train_008609,True,
vcm_train_008611,True,
vcm_train_008613,True,
vcm_train_008615,True,
vcm_train_008617,True,
vcm_train_008619,True,
vcm_train_008621,True,
vcm_train_008623,True,
vcm_train_008625,True,
vcm_train_008627,True,
vcm_train_008629,True,
vcm_train_008631,False,qa_flagged
vcm_train_008633,True,
vcm_train_008635,True,
vcm_train_008637,True,
vcm_train_008639,False,qa_flagged
vcm_train_008641,True,
vcm_train_008643,True,
vcm_train_008645,True,
vcm_train_008647,True,
vcm_train_008649,True,
vcm_train_008651,True,
vcm_train_008653,True,
vcm_train_008655,True,
vcm_train_008657,True,
vcm_train_008659,True,
vcm_train_008661,True,
vcm_train_008663,True,
vcm_train_008665,True,
vcm_train_008667,True,
vcm_train_008669,True,
vcm_train_008671,True,
vcm_train_008673,True,
vcm_train_008675,True,
vcm_train_008677,False,qa_flagged
vcm_train_008679,True,
vcm_train_008681,True,
vcm_train_008683,True,
vcm_train_008685,True,
vcm_train_008687,False,qa_flagged
vcm_train_008689,True,
vcm_train_008691,False,qa_flagged
vcm_train_008693,True,
vcm_train_008695,True,
vcm_train_008697,True,
vcm_train_008699,True,
vcm_train_008701,True,
vcm_train_008703,True,
vcm_train_008705,True,
vcm_train_008707,True,
vcm_train_008709,True,
vcm_train_008711,True,
vcm_train_008713,True,
vcm_train_008715,True,
vcm_train_008717,True,
vcm_train_008719,True,
vcm_train_008721,True,
vcm_train_008723,True,
vcm_train_008725,True,
vcm_train_008727,True,
vcm_train_008729,True,
vcm_train_008731,False,qa_flagged
vcm_train_008733,True,
vcm_train_008735,True,
vcm_train_008737,True,
vcm_train_008739,True,
vcm_train_008741,False,qa_flagged
vcm_train_008743,True,
vcm_train_008745,True,
vcm_train_008747,True,
vcm_train_008749,True,
vcm_train_008751,True,
vcm_train_008753,True,
vcm_train_008755,True,
vcm_train_008757,True,
vcm_train_008759,True,
vcm_train_008761,True,
vcm_train_008763,True,
vcm_train_008765,True,
vcm_train_008767,True,
vcm_train_008769,False,qa_flagged
vcm_train_008771,True,
vcm_train_008773,True,
vcm_train_008775,True,
vcm_train_008777,True,
vcm_train_008779,True,
vcm_train_008781,True,
vcm_train_008783,True,
vcm_train_008785,True,
vcm_train_008787,True,
vcm_train_008789,False,qa_flagged
vcm_train_008791,True,
vcm_train_008793,True,
vcm_train_008795,True,
vcm_train_008797,True,
vcm_train_008799,True,
vcm_train_008801,True,
vcm_train_008803,True,
vcm_train_008805,True,
vcm_train_008807,True,
vcm_train_008809,True,
vcm_train_008811,True,
vcm_train_008813,True,
vcm_train_008815,True,
vcm_train_008817,True,
vcm_train_008819,True,
vcm_train_008821,False,qa_flagged
vcm_train_008823,False,qa_flagged
vcm_train_008825,True,
vcm_train_008827,True,
vcm_train_008829,True,
vcm_train_008831,True,
vcm_train_008833,True,
vcm_train_008835,True,
vcm_train_008837,True,
vcm_train_008839,True,
vcm_train_008841,True,
vcm_train_008843,True,
vcm_train_008845,False,qa_flagged
vcm_train_008847,True,
vcm_train_008849,True,
vcm_train_008851,True,
vcm_train_008853,True,
vcm_train_008855,True,
vcm_train_008857,True,
vcm_train_008859,True,
vcm_train_008861,True,
vcm_train_008863,True,
vcm_train_008865,True,
vcm_train_008867,False,qa_flagged
vcm_train_008869,True,
vcm_train_008871,True,
vcm_train_008873,False,qa_flagged
vcm_train_008875,True,
vcm_train_008877,True,
vcm_train_008879,True,
vcm_train_008881,True,
vcm_train_008883,False,qa_flagged
vcm_train_008885,True,
vcm_train_008887,True,
vcm_train_008889,True,
vcm_train_008891,True,
vcm_train_008893,True,
vcm_train_008895,False,qa_flagged
vcm_train_008897,True,
vcm_train_008899,True,
vcm_train_008901,True,
vcm_train_008903,False,qa_flagged
vcm_train_008905,True,
vcm_train_008907,True,
vcm_train_008909,True,
vcm_train_008911,True,
vcm_train_008913,True,
vcm_train_008915,True,
vcm_train_008917,True,
vcm_train_008919,True,
vcm_train_008921,True,
vcm_train_008923,False,qa_flagged
vcm_train_008925,True,
vcm_train_008927,True,
vcm_train_008929,True,
vcm_train_008931,True,
vcm_train_008933,False,qa_flagged
vcm_train_008935,True,
vcm_train_008937,True,
vcm_train_008939,True,
vcm_train_008941,True,
vcm_train_008943,True,
vcm_train_008945,True,
vcm_train_008947,True,
vcm_train_008949,True,
vcm_train_008951,True,
vcm_train_008953,True,
vcm_train_008955,True,
vcm_train_008957,True,
vcm_train_008959,True,
vcm_train_008961,True,
vcm_train_008963,True,
vcm_train_008965,True,
vcm_train_008967,True,
vcm_train_008969,True,
vcm_train_008971,False,qa_flagged
vcm_train_008973,True,
vcm_train_008975,True,
vcm_train_008977,True,
vcm_train_008979,True,
vcm_train_008981,True,
vcm_train_008983,True,
vcm_train_008985,True,
vcm_train_008987,True,
vcm_train_008989,True,
vcm_train_008991,True,
vcm_train_008993,True,
vcm_train_008995,True,
vcm_train_008997,True,
vcm_train_008999,True,
vcm_train_009001,True,
vcm_train_009003,True,
vcm_train_009005,False,qa_flagged
vcm_train_009007,True,
vcm_train_009009,True,
vcm_train_009011,True,
vcm_train_009013,True,
vcm_train_009015,True,
vcm_train_009017,True,
vcm_train_009019,True,
vcm_train_009021,True,
vcm_train_009023,True,
vcm_train_009025,False,qa_flagged
vcm_train_009027,True,
vcm_train_009029,True,
vcm_train_009031,True,
vcm_train_009033,True,
vcm_train_009035,True,
vcm_train_009037,True,
vcm_train_009039,False,qa_flagged
vcm_train_009041,True,
vcm_train_009043,True,
vcm_train_009045,True,
vcm_train_009047,True,
vcm_train_009049,False,qa_flagged
vcm_train_009051,True,
vcm_train_009053,True,
vcm_train_009055,True,
vcm_train_009057,True,
vcm_train_009059,True,
vcm_train_009061,True,
vcm_train_009063,True,
vcm_train_009065,True,
vcm_train_009067,True,
vcm_train_009069,True,
vcm_train_009071,True,
vcm_train_009073,True,
vcm_train_009075,True,
vcm_train_009077,True,
vcm_train_009079,True,
vcm_train_009081,True,
vcm_train_009083,True,
vcm_train_009085,True,
vcm_train_009087,True,
vcm_train_009089,True,
vcm_train_009091,False,qa_flagged
vcm_train_009093,True,
vcm_train_009095,True,
vcm_train_009097,True,
vcm_train_009099,True,
vcm_train_009101,True,
vcm_train_009103,True,
vcm_train_009105,True,
vcm_train_009107,True,
vcm_train_009109,True,
vcm_train_009111,False,qa_flagged
vcm_train_009113,True,
vcm_train_009115,True,
vcm_train_009117,True,
vcm_train_009119,True,
vcm_train_009121,False,qa_flagged
vcm_train_009123,True,
vcm_train_009125,True,
vcm_train_009127,True,
vcm_train_009129,True,
vcm_train_009131,True,
vcm_train_009133,True,
vcm_train_009135,True,
vcm_train_009137,True,
vcm_train_009139,True,
vcm_train_009141,True,
vcm_train_009143,True,
vcm_train_009145,True,
vcm_train_009147,True,
vcm_train_009149,False,qa_flagged
vcm_train_009151,True,
vcm_train_009153,True,
vcm_train_009155,True,
vcm_train_009157,True,
vcm_train_009159,True,
vcm_train_009161,True,
vcm_train_009163,False,qa_flagged
vcm_train_009165,True,
vcm_train_009167,False,qa_flagged
vcm_train_009169,True,
vcm_train_009171,True,
vcm_train_009173,True,
vcm_train_009175,True,
vcm_train_009177,True,
vcm_train_009179,True,
vcm_train_009181,True,
vcm_train_009183,False,qa_flagged
vcm_train_009185,True,
vcm_train_009187,False,qa_flagged
vcm_train_009189,True,
vcm_train_009191,True,
vcm_train_009193,True,
vcm_train_009195,False,qa_flagged
vcm_train_009197,True,
vcm_train_009199,True,
vcm_train_009201,True,
vcm_train_009203,True,
vcm_train_009205,True,
vcm_train_009207,True,
vcm_train_009209,False,qa_flagged
vcm_train_009211,True,
vcm_train_009213,True,
vcm_train_009215,True,
vcm_train_009217,True,
vcm_train_009219,True,
vcm_train_009221,True,
vcm_train_009223,True,
vcm_train_009225,True,
vcm_train_009227,True,
vcm_train_009229,True,
vcm_train_009231,False,qa_flagged
vcm_train_009233,True,
vcm_train_009235,True,
vcm_train_009237,False,qa_flagged
vcm_train_009239,True,
vcm_train_009241,True,
vcm_train_009243,True,
vcm_train_009245,True,
vcm_train_009247,False,qa_flagged
vcm_train_009249,True,
vcm_train_009251,True,
vcm_train_009253,True,
vcm_train_009255,True,
vcm_train_009257,False,qa_flagged
vcm_train_009259,True,
vcm_train_009261,True,
vcm_train_009263,True,
vcm_train_009265,True,
vcm_train_009267,False,qa_flagged
vcm_train_009269,True,
vcm_train_009271,True,
vcm_train_009273,False,qa_flagged
vcm_train_009275,False,qa_flagged
vcm_train_009277,True,
vcm_train_009279,True,
vcm_train_009281,True,
vcm_train_009283,True,
vcm_train_009285,True,
vcm_train_009287,True,
vcm_train_009289,True,
vcm_train_009291,True,
vcm_train_009293,True,
vcm_train_009295,True,
vcm_train_009297,True,
vcm_train_009299,True,
vcm_train_009301,True,
vcm_train_009303,True,
vcm_train_009305,True,
vcm_train_009307,True,
vcm_train_009309,True,
vcm_train_009311,False,qa_flagged
vcm_train_009313,True,
vcm_train_009315,True,
vcm_train_009317,True,
vcm_train_009319,True,
vcm_train_009321,True,
vcm_train_009323,True,
vcm_train_009325,True,
vcm_train_009327,True,
vcm_train_009329,True,
vcm_train_009331,True,
vcm_train_009333,False,qa_flagged
vcm_train_009335,True,
vcm_train_009337,True,
vcm_train_009339,True,
vcm_train_009341,True,
vcm_train_009343,True,
vcm_train_009345,True,
vcm_train_009347,True,
vcm_train_009349,True,
vcm_train_009351,True,
vcm_train_009353,True,
vcm_train_009355,False,qa_flagged
vcm_train_009357,True,
vcm_train_009359,True,
vcm_train_009361,True,
vcm_train_009363,True,
vcm_train_009365,False,qa_flagged
vcm_train_009367,True,
vcm_train_009369,True,
vcm_train_009371,True,
vcm_train_009373,True,
vcm_train_009375,True,
vcm_train_009377,True,
vcm_train_009379,True,
vcm_train_009381,True,
vcm_train_009383,True,
vcm_train_009385,True,
vcm_train_009387,True,
vcm_train_009389,True,
vcm_train_009391,True,
vcm_train_009393,True,
vcm_train_009395,True,
vcm_train_009397,True,
vcm_train_009399,True,
vcm_train_009401,True,
vcm_train_009403,True,
vcm_train_009405,True,
vcm_train_009407,True,
vcm_train_009409,True,
vcm_train_009411,True,
vcm_train_009413,True,
vcm_train_009415,False,qa_flagged
vcm_train_009417,True,
vcm_train_009419,True,
vcm_train_009421,True,
vcm_train_009423,True,
vcm_train_009425,False,qa_flagged
vcm_train_009427,False,qa_flagged
vcm_train_009429,False,qa_flagged
vcm_train_009431,True,
vcm_train_009433,True,
vcm_train_009435,True,
vcm_train_009437,True,
vcm_train_009439,True,
vcm_train_009441,True,
vcm_train_009443,True,
vcm_train_009445,True,
vcm_train_009447,True,
vcm_train_009449,True,
vcm_train_009451,True,
vcm_train_009453,True,
vcm_train_009455,True,
vcm_train_009457,True,
vcm_train_009459,True,
vcm_train_009461,False,qa_flagged
vcm_train_009463,False,qa_flagged
vcm_train_009465,True,
vcm_train_009467,True,
vcm_train_009469,True,
vcm_train_009471,True,
vcm_train_009473,True,
vcm_train_009475,False,qa_flagged
vcm_train_009477,True,
vcm_train_009479,True,
vcm_train_009481,True,
vcm_train_009483,True,
vcm_train_009485,True,
vcm_train_009487,True,
vcm_train_009489,True,
vcm_train_009491,True,
vcm_train_009493,True,
vcm_train_009495,True,
vcm_train_009497,True,
vcm_train_009499,True,
vcm_train_009501,True,
vcm_train_009503,True,
vcm_train_009505,False,qa_flagged
vcm_train_009507,True,
vcm_train_009509,True,
vcm_train_009511,True,
vcm_train_009513,True,
vcm_train_009515,True,
vcm_train_009517,True,
vcm_train_009519,True,
vcm_train_009521,True,
vcm_train_009523,True,
vcm_train_009525,True,
vcm_train_009527,False,qa_flagged
vcm_train_009529,True,
vcm_train_009531,True,
vcm_train_009533,True,
vcm_train_009535,True,
vcm_train_009537,True,
vcm_train_009539,True,
vcm_train_009541,True,
vcm_train_009543,True,
vcm_train_009545,False,qa_flagged
vcm_train_009547,True,
vcm_train_009549,True,
vcm_train_009551,True,
vcm_train_009553,True,
vcm_train_009555,True,
vcm_train_009557,True,
vcm_train_009559,False,qa_flagged
vcm_train_009561,True,
vcm_train_009563,True,
vcm_train_009565,True,
vcm_train_009567,True,
vcm_train_009569,True,
vcm_train_009571,True,
vcm_train_009573,True,
vcm_train_009575,True,
vcm_train_009577,True,
vcm_train_009579,True,
vcm_train_009581,True,
vcm_train_009583,True,
vcm_train_009585,True,
vcm_train_009587,True,
vcm_train_009589,True,
vcm_train_009591,True,
vcm_train_009593,True,
vcm_train_009595,True,
vcm_train_009597,True,
vcm_train_009599,True,
vcm_train_009601,True,
vcm_train_009603,True,
vcm_train_009605,True,
vcm_train_009607,True,
vcm_train_009609,True,
vcm_train_009611,True,
vcm_train_009613,True,
vcm_train_009615,True,
vcm_train_009617,True,
vcm_train_009619,True,
vcm_train_009621,True,
vcm_train_009623,True,
vcm_train_009625,True,
vcm_train_009627,True,
vcm_train_009629,False,qa_flagged
vcm_train_009631,True,
vcm_train_009633,True,
vcm_train_009635,True,
vcm_train_009637,True,
vcm_train_009639,True,
vcm_train_009641,True,
vcm_train_009643,False,qa_flagged
vcm_train_009645,True,
vcm_train_009647,True,
vcm_train_009649,False,qa_flagged
vcm_train_009651,False,qa_flagged
vcm_train_009653,True,
vcm_train_009655,True,
vcm_train_009657,True,
vcm_train_009659,True,
vcm_train_009661,True,
vcm_train_009663,True,
vcm_train_009665,True,
vcm_train_009667,True,
vcm_train_009669,True,
vcm_train_009671,True,
vcm_train_009673,True,
vcm_train_009675,True,
vcm_train_009677,True,
vcm_train_009679,True,
vcm_train_009681,True,
vcm_train_009683,True,
vcm_train_009685,True,
vcm_train_009687,True,
vcm_train_009689,True,
vcm_train_009691,True,
vcm_train_009693,True,
vcm_train_009695,True,
vcm_train_009697,True,
vcm_train_009699,True,
vcm_train_009701,True,
vcm_train_009703,True,
vcm_train_009705,True,
vcm_train_009707,True,
vcm_train_009709,True,
vcm_train_009711,True,
vcm_train_009713,True,
vcm_train_009715,True,
vcm_train_009717,True,
vcm_train_009719,True,
vcm_train_009721,True,
vcm_train_009723,True,
vcm_train_009725,True,
vcm_train_009727,True,
vcm_train_009729,False,qa_flagged
vcm_train_009731,True,
vcm_train_009733,True,
vcm_train_009735,True,
vcm_train_009737,True,
vcm_train_009739,True,
vcm_train_009741,True,
vcm_train_009743,True,
vcm_train_009745,True,
vcm_train_009747,True,
vcm_train_009749,False,qa_flagged
vcm_train_009751,True,
vcm_train_009753,True,
vcm_train_009755,True,
vcm_train_009757,True,
vcm_train_009759,True,
vcm_train_009761,False,qa_flagged
vcm_train_009763,True,
vcm_train_009765,True,
vcm_train_009767,True,
vcm_train_009769,True,
vcm_train_009771,True,
vcm_train_009773,True,
vcm_train_009775,True,
vcm_train_009777,True,
vcm_train_009779,True,
vcm_train_009781,True,
vcm_train_009783,True,
vcm_train_009785,True,
vcm_train_009787,False,qa_flagged
vcm_train_009789,True,
vcm_train_009791,True,
vcm_train_009793,True,
vcm_train_009795,True,
vcm_train_009797,True,
vcm_train_009799,True,
vcm_train_009801,True,
vcm_train_009803,True,
vcm_train_009805,True,
vcm_train_009807,True,
vcm_train_009809,True,
vcm_train_009811,True,
vcm_train_009813,True,
vcm_train_009815,True,
vcm_train_009817,True,
vcm_train_009819,False,qa_flagged
vcm_train_009821,True,
vcm_train_009823,True,
vcm_train_009825,True,
vcm_train_009827,True,
vcm_train_009829,True,
vcm_train_009831,True,
vcm_train_009833,True,
vcm_train_009835,True,
vcm_train_009837,True,
vcm_train_009839,True,
vcm_train_009841,True,
vcm_train_009843,True,
vcm_train_009845,True,
vcm_train_009847,True,
vcm_train_009849,True,
vcm_train_009851,True,
vcm_train_009853,True,
vcm_train_009855,False,qa_flagged
vcm_train_009857,True,
vcm_train_009859,True,
vcm_train_009861,True,
vcm_train_009863,False,qa_flagged
vcm_train_009865,True,
vcm_train_009867,True,
vcm_train_009869,True,
vcm_train_009871,True,
vcm_train_009873,True,
vcm_train_009875,True,
vcm_train_009877,True,
vcm_train_009879,True,
vcm_train_009881,True,
vcm_train_009883,True,
vcm_train_009885,True,
vcm_train_009887,True,
vcm_train_009889,True,
vcm_train_009891,True,
vcm_train_009893,True,
vcm_train_009895,True,
vcm_train_009897,True,
vcm_train_009899,False,qa_flagged
vcm_train_009901,True,
vcm_train_009903,True,
vcm_train_009905,True,
vcm_train_009907,True,
vcm_train_009909,True,
vcm_train_009911,True,
vcm_train_009913,True,
vcm_train_009915,True,
vcm_train_009917,True,
vcm_train_009919,True,
vcm_train_009921,True,
vcm_train_009923,True,
vcm_train_009925,False,qa_flagged
vcm_train_009927,True,
vcm_train_009929,True,
vcm_train_009931,True,
vcm_train_009933,True,
vcm_train_009935,True,
vcm_train_009937,True,
vcm_train_009939,True,
vcm_train_009941,False,qa_flagged
vcm_train_009943,True,
vcm_train_009945,True,
vcm_train_009947,True,
vcm_train_009949,True,
vcm_train_009951,False,qa_flagged
vcm_train_009953,True,
vcm_train_009955,True,
vcm_train_009957,True,
vcm_train_009959,True,
vcm_train_009961,True,
vcm_train_009963,True,
vcm_train_009965,True,
vcm_train_009967,False,qa_flagged
vcm_train_009969,True,
vcm_train_009971,True,
vcm_train_009973,True,
vcm_train_009975,True,
vcm_train_009977,True,
vcm_train_009979,True,
vcm_train_009981,True,
vcm_train_009983,True,
vcm_train_009985,True,
vcm_train_009987,True,
vcm_train_009989,False,qa_flagged
vcm_train_009991,True,
vcm_train_009993,True,
vcm_train_009995,False,qa_flagged
vcm_train_009997,True,
vcm_train_009999,False,qa_flagged
vcm_train_010001,True,
vcm_train_010003,True,
vcm_train_010005,True,
vcm_train_010007,True,
vcm_train_010009,True,
vcm_train_010011,True,
vcm_train_010013,True,
vcm_train_010015,True,
vcm_train_010017,True,
vcm_train_010019,True,
vcm_train_010021,True,
vcm_train_010023,True,
vcm_train_010025,False,qa_flagged
vcm_train_010027,False,qa_flagged
vcm_train_010029,True,
vcm_train_010031,True,
vcm_train_010033,True,
vcm_train_010035,True,
vcm_train_010037,True,
vcm_train_010039,True,
vcm_train_010041,True,
vcm_train_010043,True,
vcm_train_010045,True,
vcm_train_010047,True,
vcm_train_010049,True,
vcm_train_010051,False,qa_flagged
vcm_train_010053,True,
vcm_train_010055,True,
vcm_train_010057,True,
vcm_train_010059,True,
vcm_train_010061,True,
vcm_train_010063,True,
vcm_train_010065,True,
vcm_train_010067,True,
vcm_train_010069,True,
vcm_train_010071,False,qa_flagged
vcm_train_010073,True,
vcm_train_010075,True,
vcm_train_010077,True,
vcm_train_010079,True,
vcm_train_010081,True,
vcm_train_010083,True,
vcm_train_010085,True,
vcm_train_010087,True,
vcm_train_010089,True,
vcm_train_010091,True,
vcm_train_010093,True,
vcm_train_010095,True,
vcm_train_010097,True,
vcm_train_010099,True,
vcm_train_010101,True,
vcm_train_010103,True,
vcm_train_010105,True,
vcm_train_010107,True,
vcm_train_010109,True,
vcm_train_010111,True,
vcm_train_010113,False,qa_flagged
vcm_train_010115,True,
vcm_train_010117,False,qa_flagged
vcm_train_010119,True,
vcm_train_010121,True,
vcm_train_010123,True,
vcm_train_010125,True,
vcm_train_010127,False,qa_flagged
vcm_train_010129,True,
vcm_train_010131,True,
vcm_train_010133,True,
vcm_train_010135,True,
vcm_train_010137,True,
vcm_train_010139,False,qa_flagged
vcm_train_010141,True,
vcm_train_010143,True,
vcm_train_010145,True,
vcm_train_010147,True,
vcm_train_010149,True,
vcm_train_010151,True,
vcm_train_010153,True,
vcm_train_010155,True,
vcm_train_010157,True,
vcm_train_010159,True,
vcm_train_010161,False,qa_flagged
vcm_train_010163,True,
vcm_train_010165,True,
vcm_train_010167,False,qa_flagged
vcm_train_010169,True,
vcm_train_010171,True,
vcm_train_010173,True,
vcm_train_010175,True,
vcm_train_010177,True,
vcm_train_010179,True,
vcm_train_010181,True,
vcm_train_010183,True,
vcm_train_010185,True,
vcm_train_010187,True,
vcm_train_010189,True,
vcm_train_010191,True,
vcm_train_010193,True,
vcm_train_010195,True,
vcm_train_010197,False,qa_flagged
vcm_train_010199,True,
vcm_train_010201,True,
vcm_train_010203,True,
vcm_train_010205,True,
vcm_train_010207,True,
vcm_train_010209,True,
vcm_train_010211,True,
vcm_train_010213,True,
vcm_train_010215,True,
vcm_train_010217,True,
vcm_train_010219,True,
vcm_train_010221,True,
vcm_train_010223,True,
vcm_train_010225,True,
vcm_train_010227,True,
vcm_train_010229,True,
vcm_train_010231,True,
vcm_train_010233,True,
vcm_train_010235,True,
vcm_train_010237,False,qa_flagged
vcm_train_010239,True,
vcm_train_010241,True,
vcm_train_010243,True,
vcm_train_010245,True,
vcm_train_010247,True,
vcm_train_010249,True,
vcm_train_010251,True,
vcm_train_010253,False,qa_flagged
vcm_train_010255,True,
vcm_train_010257,True,
vcm_train_010259,True,
vcm_train_010261,True,
vcm_train_010263,True,
vcm_train_010265,True,
vcm_train_010267,True,
vcm_train_010269,True,
vcm_train_010271,True,
vcm_train_010273,False,qa_flagged
vcm_train_010275,True,
vcm_train_010277,True,
vcm_train_010279,True,
vcm_train_010281,True,
vcm_train_010283,True,
vcm_train_010285,True,
vcm_train_010287,True,
vcm_train_010289,True,
vcm_train_010291,True,
vcm_train_010293,True,
vcm_train_010295,True,
vcm_train_010297,True,
vcm_train_010299,True,
vcm_train_010301,True,
vcm_train_010303,True,
vcm_train_010305,True,
vcm_train_010307,True,
vcm_train_010309,True,
vcm_train_010311,True,
vcm_train_010313,True,
vcm_train_010315,True,
vcm_train_010317,True,
vcm_train_010319,True,
vcm_train_010321,True,
vcm_train_010323,True,
vcm_train_010325,True,
vcm_train_010327,True,
vcm_train_010329,True,
vcm_train_010331,False,qa_flagged
vcm_train_010333,True,
vcm_train_010335,True,
vcm_train_010337,True,
vcm_train_010339,False,qa_flagged
vcm_train_010341,True,
vcm_train_010343,True,
vcm_train_010345,True,
vcm_train_010347,True,
vcm_train_010349,True,
vcm_train_010351,True,
vcm_train_010353,True,
vcm_train_010355,True,
vcm_train_010357,True,
vcm_train_010359,True,
vcm_train_010361,True,
vcm_train_010363,True,
vcm_train_010365,True,
vcm_train_010367,True,
vcm_train_010369,True,
vcm_train_010371,True,
vcm_train_010373,True,
vcm_train_010375,False,qa_flagged
vcm_train_010377,True,
vcm_train_010379,True,
vcm_train_010381,True,
vcm_train_010383,False,qa_flagged
vcm_train_010385,True,
vcm_train_010387,True,
vcm_train_010389,False,qa_flagged
vcm_train_010391,True,
vcm_train_010393,True,
vcm_train_010395,True,
vcm_train_010397,True,
vcm_train_010399,False,qa_flagged
vcm_train_010401,True,
vcm_train_010403,True,
vcm_train_010405,True,
vcm_train_010407,True,
vcm_train_010409,False,qa_flagged
vcm_train_010411,True,
vcm_train_010413,True,
vcm_train_010415,True,
vcm_train_010417,True,
vcm_train_010419,True,
vcm_train_010421,True,
vcm_train_010423,True,
vcm_train_010425,True,
vcm_train_010427,True,
vcm_train_010429,False,qa_flagged
vcm_train_010431,True,
vcm_train_010433,False,qa_flagged
vcm_train_010435,True,
vcm_train_010437,False,qa_flagged
vcm_train_010439,True,
vcm_train_010441,True,
vcm_train_010443,True,
vcm_train_010445,True,
vcm_train_010447,True,
vcm_train_010449,True,
vcm_train_010451,True,
vcm_train_010453,True,
vcm_train_010455,True,
vcm_train_010457,False,qa_flagged
vcm_train_010459,True,
vcm_train_010461,True,
vcm_train_010463,True,
vcm_train_010465,True,
vcm_train_010467,True,
vcm_train_010469,True,
vcm_train_010471,True,
vcm_train_010473,True,
vcm_train_010475,True,
vcm_train_010477,True,
vcm_train_010479,True,
vcm_train_010481,True,
vcm_train_010483,True,
vcm_train_010485,True,
vcm_train_010487,True,
vcm_train_010489,True,
vcm_train_010491,True,
vcm_train_010493,True,
vcm_train_010495,True,
vcm_train_010497,True,
vcm_train_010499,True,
vcm_train_010501,True,
vcm_train_010503,True,
vcm_train_010505,True,
vcm_train_010507,True,
vcm_train_010509,True,
vcm_train_010511,True,
vcm_train_010513,True,
vcm_train_010515,True,
vcm_train_010517,True,
vcm_train_010519,True,
vcm_train_010521,True,
vcm_train_010523,True,
vcm_train_010525,True,
vcm_train_010527,True,
vcm_train_010529,True,
vcm_train_010531,True,
vcm_train_010533,True,
vcm_train_010535,True,
vcm_train_010537,True,
vcm_train_010539,True,
vcm_train_010541,True,
vcm_train_010543,False,qa_flagged
vcm_train_010545,False,qa_flagged
vcm_train_010547,True,
vcm_train_010549,True,
vcm_train_010551,True,
vcm_train_010553,True,
vcm_train_010555,True,
vcm_train_010557,True,
vcm_train_010559,True,
vcm_train_010561,False,qa_flagged
vcm_train_010563,True,
vcm_train_010565,True,
vcm_train_010567,True,
vcm_train_010569,True,
vcm_train_010571,True,
vcm_train_010573,True,
vcm_train_010575,True,
vcm_train_010577,True,
vcm_train_010579,True,
vcm_train_010581,True,
vcm_train_010583,True,
vcm_train_010585,True,
vcm_train_010587,True,
vcm_train_010589,True,
vcm_train_010591,True,
vcm_train_010593,True,
vcm_train_010595,True,
vcm_train_010597,True,
vcm_train_010599,True,
vcm_train_010601,True,
vcm_train_010603,True,
vcm_train_010605,True,
vcm_train_010607,True,
vcm_train_010609,True,
vcm_train_010611,True,
vcm_train_010613,True,
vcm_train_010615,True,
vcm_train_010617,True,
vcm_train_010619,True,
vcm_train_010621,True,
vcm_train_010623,True,
vcm_train_010625,True,
vcm_train_010627,True,
vcm_train_010629,True,
vcm_train_010631,True,
vcm_train_010633,True,
vcm_train_010635,True,
vcm_train_010637,True,
vcm_train_010639,True,
vcm_train_010641,True,
vcm_train_010643,True,
vcm_train_010645,True,
vcm_train_010647,True,
vcm_train_010649,False,qa_flagged
vcm_train_010651,True,
vcm_train_010653,True,
vcm_train_010655,True,
vcm_train_010657,True,
vcm_train_010659,True,
vcm_train_010661,False,qa_flagged
vcm_train_010663,True,
vcm_train_010665,True,
vcm_train_010667,True,
vcm_train_010669,True,
vcm_train_010671,True,
vcm_train_010673,True,
vcm_train_010675,True,
vcm_train_010677,True,
vcm_train_010679,True,
vcm_train_010681,False,qa_flagged
vcm_train_010683,True,
vcm_train_010685,True,
vcm_train_010687,True,
vcm_train_010689,True,
vcm_train_010691,True,
vcm_train_010693,True,
vcm_train_010695,True,
vcm_train_010697,True,
vcm_train_010699,True,
vcm_train_010701,True,
vcm_train_010703,True,
vcm_train_010705,True,
vcm_train_010707,True,
vcm_train_010709,True,
vcm_train_010711,True,
vcm_train_010713,True,
vcm_train_010715,True,
vcm_train_010717,True,
vcm_train_010719,True,
vcm_train_010721,True,
vcm_train_010723,False,qa_flagged
vcm_train_010725,True,
vcm_train_010727,True,
vcm_train_010729,True,
vcm_train_010731,True,
vcm_train_010733,True,
vcm_train_010735,True,
vcm_train_010737,True,
vcm_train_010739,False,qa_flagged
vcm_train_010741,True,
vcm_train_010743,True,
vcm_train_010745,True,
vcm_train_010747,True,
vcm_train_010749,True,
vcm_train_010751,True,
vcm_train_010753,True,
vcm_train_010755,False,qa_flagged
vcm_train_010757,True,
vcm_train_010759,True,
vcm_train_010761,True,
vcm_train_010763,True,
vcm_train_010765,False,qa_flagged
vcm_train_010767,True,
vcm_train_010769,True,
vcm_train_010771,True,
vcm_train_010773,True,
vcm_train_010775,False,qa_flagged
vcm_train_010777,True,
vcm_train_010779,False,qa_flagged
vcm_train_010781,True,
vcm_train_010783,True,
vcm_train_010785,False,qa_flagged
vcm_train_010787,True,
vcm_train_010789,True,
vcm_train_010791,True,
vcm_train_010793,True,
vcm_train_010795,True,
vcm_train_010797,True,
vcm_train_010799,False,qa_flagged
vcm_train_010801,True,
vcm_train_010803,True,
vcm_train_010805,True,
vcm_train_010807,False,qa_flagged
vcm_train_010809,True,
vcm_train_010811,True,
vcm_train_010813,True,
vcm_train_010815,True,
vcm_train_010817,True,
vcm_train_010819,True,
vcm_train_010821,True,
vcm_train_010823,True,
vcm_train_010825,True,
vcm_train_010827,True,
vcm_train_010829,True,
vcm_train_010831,True,
vcm_train_010833,True,
vcm_train_010835,True,
vcm_train_010837,True,
vcm_train_010839,True,
vcm_train_010841,False,qa_flagged
vcm_train_010843,True,
vcm_train_010845,True,
vcm_train_010847,True,
vcm_train_010849,True,
vcm_train_010851,False,qa_flagged
vcm_train_010853,True,
vcm_train_010855,True,
vcm_train_010857,True,
vcm_train_010859,False,qa_flagged
vcm_train_010861,True,
vcm_train_010863,True,
vcm_train_010865,True,
vcm_train_010867,True,
vcm_train_010869,True,
vcm_train_010871,True,
vcm_train_010873,True,
vcm_train_010875,True,
vcm_train_010877,True,
vcm_train_010879,True,
vcm_train_010881,True,
vcm_train_010883,True,
vcm_train_010885,True,
vcm_train_010887,True,
vcm_train_010889,True,
vcm_train_010891,False,qa_flagged
vcm_train_010893,True,
vcm_train_010895,True,
vcm_train_010897,True,
vcm_train_010899,True,
vcm_train_010901,True,
vcm_train_010903,True,
vcm_train_010905,True,
vcm_train_010907,True,
vcm_train_010909,True,
vcm_train_010911,True,
vcm_train_010913,True,
vcm_train_010915,True,
vcm_train_010917,True,
vcm_train_010919,True,
vcm_train_010921,True,
vcm_train_010923,True,
vcm_train_010925,False,qa_flagged
vcm_train_010927,False,qa_flagged
vcm_train_010929,True,
vcm_train_010931,True,
vcm_train_010933,True,
vcm_train_010935,False,qa_flagged
vcm_train_010937,True,
vcm_train_010939,False,qa_flagged
vcm_train_010941,True,
vcm_train_010943,False,qa_flagged
vcm_train_010945,False,qa_flagged
vcm_train_010947,True,
vcm_train_010949,True,
vcm_train_010951,True,
vcm_train_010953,True,
vcm_train_010955,True,
vcm_train_010957,True,
vcm_train_010959,True,
vcm_train_010961,True,
vcm_train_010963,True,
vcm_train_010965,True,
vcm_train_010967,True,
vcm_train_010969,True,
vcm_train_010971,True,
vcm_train_010973,True,
vcm_train_010975,True,
vcm_train_010977,True,
vcm_train_010979,True,
vcm_train_010981,True,
vcm_train_010983,True,
vcm_train_010985,True,
vcm_train_010987,True,
vcm_train_010989,True,
vcm_train_010991,True,
vcm_train_010993,True,
vcm_train_010995,True,
vcm_train_010997,True,
vcm_train_010999,True,
vcm_train_011001,True,
vcm_train_011003,True,
vcm_train_011005,True,
vcm_train_011007,True,
vcm_train_011009,False,qa_flagged
vcm_train_011011,False,qa_flagged
vcm_train_011013,True,
vcm_train_011015,True,
vcm_train_011017,True,
vcm_train_011019,True,
vcm_train_011021,True,
vcm_train_011023,False,qa_flagged
vcm_train_011025,True,
vcm_train_011027,False,qa_flagged
vcm_train_011029,True,
vcm_train_011031,True,
vcm_train_011033,True,
vcm_train_011035,True,
vcm_train_011037,True,
vcm_train_011039,True,
vcm_train_011041,True,
vcm_train_011043,True,
vcm_train_011045,True,
vcm_train_011047,True,
vcm_train_011049,True,
vcm_train_011051,True,
vcm_train_011053,True,
vcm_train_011055,True,
vcm_train_011057,True,
vcm_train_011059,True,
vcm_train_011061,True,
vcm_train_011063,True,
vcm_train_011065,True,
vcm_train_011067,True,
vcm_train_011069,True,
vcm_train_011071,True,
vcm_train_011073,True,
vcm_train_011075,True,
vcm_train_011077,True,
vcm_train_011079,False,qa_flagged
vcm_train_011081,True,
vcm_train_011083,True,
vcm_train_011085,True,
vcm_train_011087,True,
vcm_train_011089,True,
vcm_train_011091,True,
vcm_train_011093,True,
vcm_train_011095,True,
vcm_train_011097,True,
vcm_train_011099,True,
vcm_train_011101,True,
vcm_train_011103,True,
vcm_train_011105,True,
vcm_train_011107,True,
vcm_train_011109,True,
vcm_train_011111,True,
vcm_train_011113,False,qa_flagged
vcm_train_011115,True,
vcm_train_011117,True,
vcm_train_011119,True,
vcm_train_011121,True,
vcm_train_011123,True,
vcm_train_011125,True,
vcm_train_011127,True,
vcm_train_011129,True,
vcm_train_011131,True,
vcm_train_011133,True,
vcm_train_011135,True,
vcm_train_011137,False,qa_flagged
vcm_train_011139,True,
vcm_train_011141,False,qa_flagged
vcm_train_011143,True,
vcm_train_011145,True,
vcm_train_011147,False,qa_flagged
vcm_train_011149,True,
vcm_train_011151,True,
vcm_train_011153,True,
vcm_train_011155,True,
vcm_train_011157,True,
vcm_train_011159,False,qa_flagged
vcm_train_011161,True,
vcm_train_011163,True,
vcm_train_011165,True,
vcm_train_011167,True,
vcm_train_011169,True,
vcm_train_011171,True,
vcm_train_011173,True,
vcm_train_011175,True,
vcm_train_011177,True,
vcm_train_011179,True,
vcm_train_011181,True,
vcm_train_011183,True,
vcm_train_011185,True,
vcm_train_011187,True,
vcm_train_011189,True,
vcm_train_011191,True,
vcm_train_011193,True,
vcm_train_011195,False,qa_flagged
vcm_train_011197,False,qa_flagged
vcm_train_011199,True,
vcm_train_011201,True,
vcm_train_011203,True,
vcm_train_011205,True,
vcm_train_011207,True,
vcm_train_011209,True,
vcm_train_011211,True,
vcm_train_011213,True,
vcm_train_011215,True,
vcm_train_011217,True,
vcm_train_011219,True,
vcm_train_011221,True,
vcm_train_011223,False,qa_flagged
vcm_train_011225,True,
vcm_train_011227,False,qa_flagged
vcm_train_011229,False,qa_flagged
vcm_train_011231,True,
vcm_train_011233,True,
vcm_train_011235,True,
vcm_train_011237,True,
vcm_train_011239,True,
vcm_train_011241,True,
vcm_train_011243,True,
vcm_train_011245,True,
vcm_train_011247,True,
vcm_train_011249,False,qa_flagged
vcm_train_011251,True,
vcm_train_011253,True,
vcm_train_011255,True,
vcm_train_011257,True,
vcm_train_011259,True,
vcm_train_011261,True,
vcm_train_011263,True,
vcm_train_011265,False,qa_flagged
vcm_train_011267,True,
vcm_train_011269,True,
vcm_train_011271,True,
vcm_train_011273,True,
vcm_train_011275,False,qa_flagged
vcm_train_011277,True,
vcm_train_011279,True,
vcm_train_011281,True,
vcm_train_011283,True,
vcm_train_011285,True,
vcm_train_011287,True,
vcm_train_011289,True,
vcm_train_011291,True,
vcm_train_011293,False,qa_flagged
vcm_train_011295,True,
vcm_train_011297,True,
vcm_train_011299,True,
vcm_train_011301,True,
vcm_train_011303,True,
vcm_train_011305,True,
vcm_train_011307,True,
vcm_train_011309,True,
vcm_train_011311,True,
vcm_train_011313,True,
vcm_train_011315,True,
vcm_train_011317,False,qa_flagged
vcm_train_011319,True,
vcm_train_011321,True,
vcm_train_011323,True,
vcm_train_011325,True,
vcm_train_011327,True,
vcm_train_011329,True,
vcm_train_011331,True,
vcm_train_011333,True,
vcm_train_011335,True,
vcm_train_011337,True,
vcm_train_011339,True,
vcm_train_011341,True,
vcm_train_011343,True,
vcm_train_011345,True,
vcm_train_011347,True,
vcm_train_011349,True,
vcm_train_011351,True,
vcm_train_011353,True,
vcm_train_011355,False,qa_flagged
vcm_train_011357,True,
vcm_train_011359,True,
vcm_train_011361,True,
vcm_train_011363,True,
vcm_train_011365,True,
vcm_train_011367,True,
vcm_train_011369,True,
vcm_train_011371,True,
vcm_train_011373,False,qa_flagged
vcm_train_011375,True,
vcm_train_011377,True,
vcm_train_011379,True,
vcm_train_011381,True,
vcm_train_011383,True,
vcm_train_011385,True,
vcm_train_011387,True,
vcm_train_011389,True,
vcm_train_011391,True,
vcm_train_011393,True,
vcm_train_011395,True,
vcm_train_011397,True,
vcm_train_011399,True,
vcm_train_011401,False,qa_flagged
vcm_train_011403,True,
vcm_train_011405,False,qa_flagged
vcm_train_011407,True,
vcm_train_011409,True,
vcm_train_011411,True,
vcm_train_011413,True,
vcm_train_011415,True,
vcm_train_011417,True,
vcm_train_011419,False,qa_flagged
vcm_train_011421,True,
vcm_train_011423,True,
vcm_train_011425,True,
vcm_train_011427,True,
vcm_train_011429,False,qa_flagged
vcm_train_011431,True,
vcm_train_011433,True,
vcm_train_011435,True,
vcm_train_011437,True,
vcm_train_011439,True,
vcm_train_011441,True,
vcm_train_011443,True,
vcm_train_011445,True,
vcm_train_011447,True,
vcm_train_011449,True,
vcm_train_011451,True,
vcm_train_011453,True,
vcm_train_011455,True,
vcm_train_011457,True,
vcm_train_011459,True,
vcm_train_011461,True,
vcm_train_011463,True,
vcm_train_011465,True,
vcm_train_011467,True,
vcm_train_011469,True,
vcm_train_011471,True,
vcm_train_011473,True,
vcm_train_011475,True,
vcm_train_011477,True,
vcm_train_011479,True,
vcm_train_011481,True,
vcm_train_011483,True,
vcm_train_011485,True,
vcm_train_011487,True,
vcm_train_011489,True,
vcm_train_011491,True,
vcm_train_011493,True,
vcm_train_011495,True,
vcm_train_011497,True,
vcm_train_011499,True,
vcm_train_011501,True,
vcm_train_011503,True,
vcm_train_011505,True,
vcm_train_011507,True,
vcm_train_011509,True,
vcm_train_011511,True,
vcm_train_011513,True,
vcm_train_011515,True,
vcm_train_011517,True,
vcm_train_011519,True,
vcm_train_011521,False,qa_flagged
vcm_train_011523,True,
vcm_train_011525,True,
vcm_train_011527,True,
vcm_train_011529,True,
vcm_train_011531,True,
vcm_train_011533,True,
vcm_train_011535,True,
vcm_train_011537,False,qa_flagged
vcm_train_011539,True,
vcm_train_011541,True,
vcm_train_011543,True,
vcm_train_011545,True,
vcm_train_011547,True,
vcm_train_011549,True,
vcm_train_011551,True,
vcm_train_011553,True,
vcm_train_011555,False,qa_flagged
vcm_train_011557,True,
vcm_train_011559,True,
vcm_train_011561,True,
vcm_train_011563,True,
vcm_train_011565,True,
vcm_train_011567,True,
vcm_train_011569,True,
vcm_train_011571,True,
vcm_train_011573,True,
vcm_train_011575,True,
vcm_train_011577,True,
vcm_train_011579,True,
vcm_train_011581,True,
vcm_train_011583,True,
vcm_train_011585,True,
vcm_train_011587,True,
vcm_train_011589,True,
vcm_train_011591,True,
vcm_train_011593,True,
vcm_train_011595,True,
vcm_train_011597,True,
vcm_train_011599,True,
vcm_train_011601,True,
vcm_train_011603,False,qa_flagged
vcm_train_011605,True,
vcm_train_011607,True,
vcm_train_011609,False,qa_flagged
vcm_train_011611,True,
vcm_train_011613,True,
vcm_train_011615,True,
vcm_train_011617,True,
vcm_train_011619,True,
vcm_train_011621,True,
vcm_train_011623,False,qa_flagged
vcm_train_011625,True,
vcm_train_011627,True,
vcm_train_011629,False,qa_flagged
vcm_train_011631,True,
vcm_train_011633,True,
vcm_train_011635,True,
vcm_train_011637,True,
vcm_train_011639,True,
vcm_train_011641,True,
vcm_train_011643,True,
vcm_train_011645,True,
vcm_train_011647,True,
vcm_train_011649,True,
vcm_train_011651,True,
vcm_train_011653,True,
vcm_train_011655,True,
vcm_train_011657,False,qa_flagged
vcm_train_011659,True,
vcm_train_011661,True,
vcm_train_011663,True,
vcm_train_011665,True,
vcm_train_011667,False,qa_flagged
vcm_train_011669,True,
vcm_train_011671,True,
vcm_train_011673,True,
vcm_train_011675,True,
vcm_train_011677,True,
vcm_train_011679,True,
vcm_train_011681,True,
vcm_train_011683,True,
vcm_train_011685,True,
vcm_train_011687,True,
vcm_train_011689,False,qa_flagged
vcm_train_011691,True,
vcm_train_011693,True,
vcm_train_011695,True,
vcm_train_011697,True,
vcm_train_011699,True,
vcm_train_011701,True,
vcm_train_011703,True,
vcm_train_011705,True,
vcm_train_011707,True,
vcm_train_011709,True,
vcm_train_011711,True,
vcm_train_011713,True,
vcm_train_011715,True,
vcm_train_011717,True,
vcm_train_011719,True,
vcm_train_011721,True,
vcm_train_011723,True,
vcm_train_011725,True,
vcm_train_011727,True,
vcm_train_011729,True,
vcm_train_011731,True,
vcm_train_011733,True,
vcm_train_011735,True,
vcm_train_011737,True,
vcm_train_011739,True,
vcm_train_011741,True,
vcm_train_011743,True,
vcm_train_011745,True,
vcm_train_011747,True,
vcm_train_011749,True,
vcm_train_011751,True,
vcm_train_011753,True,
vcm_train_011755,True,
vcm_train_011757,False,qa_flagged
vcm_train_011759,True,
vcm_train_011761,True,
vcm_train_011763,True,
vcm_train_011765,True,
vcm_train_011767,True,
vcm_train_011769,True,
vcm_train_011771,True,
vcm_train_011773,True,
vcm_train_011775,True,
vcm_train_011777,True,
vcm_train_011779,True,
vcm_train_011781,True,
vcm_train_011783,True,
vcm_train_011785,True,
vcm_train_011787,True,
vcm_train_011789,True,
vcm_train_011791,True,
vcm_train_011793,True,
vcm_train_011795,True,
vcm_train_011797,False,qa_flagged
vcm_train_011799,True,
vcm_train_011801,True,
vcm_train_011803,True,
vcm_train_011805,True,
vcm_train_011807,True,
vcm_train_011809,True,
vcm_train_011811,True,
vcm_train_011813,False,qa_flagged
vcm_train_011815,True,
vcm_train_011817,True,
vcm_train_011819,True,
vcm_train_011821,True,
vcm_train_011823,True,
vcm_train_011825,False,qa_flagged
vcm_train_011827,True,
vcm_train_011829,True,
vcm_train_011831,True,
vcm_train_011833,True,
vcm_train_011835,True,
vcm_train_011837,True,
vcm_train_011839,True,
vcm_train_011841,True,
vcm_train_011843,True,
vcm_train_011845,True,
vcm_train_011847,True,
vcm_train_011849,True,
vcm_train_011851,False,qa_flagged
vcm_train_011853,True,
vcm_train_011855,True,
vcm_train_011857,True,
vcm_train_011859,True,
vcm_train_011861,True,
vcm_train_011863,False,qa_flagged
vcm_train_011865,True,
vcm_train_011867,True,
vcm_train_011869,True,
vcm_train_011871,True,
vcm_train_011873,True,
vcm_train_011875,True,
vcm_train_011877,True,
vcm_train_011879,True,
vcm_train_011881,True,
vcm_train_011883,True,
vcm_train_011885,True,
vcm_train_011887,True,
vcm_train_011889,True,
vcm_train_011891,True,
vcm_train_011893,True,
vcm_train_011895,False,qa_flagged
vcm_train_011897,True,
vcm_train_011899,False,qa_flagged
vcm_train_011901,True,
vcm_train_011903,False,qa_flagged
vcm_train_011905,True,
vcm_train_011907,True,
vcm_train_011909,True,
vcm_train_011911,True,
vcm_train_011913,True,
vcm_train_011915,True,
vcm_train_011917,True,
vcm_train_011919,True,
vcm_train_011921,True,
vcm_train_011923,True,
vcm_train_011925,True,
vcm_train_011927,True,
vcm_train_011929,True,
vcm_train_011931,True,
vcm_train_011933,True,
vcm_train_011935,True,
vcm_train_011937,True,
vcm_train_011939,True,
vcm_train_011941,True,
vcm_train_011943,True,
vcm_train_011945,True,
vcm_train_011947,True,
vcm_train_011949,False,qa_flagged
vcm_train_011951,True,
vcm_train_011953,True,
vcm_train_011955,True,
vcm_train_011957,True,
vcm_train_011959,True,
vcm_train_011961,True,
vcm_train_011963,False,qa_flagged
vcm_train_011965,True,
vcm_train_011967,True,
vcm_train_011969,True,
vcm_train_011971,True,
vcm_train_011973,True,
vcm_train_011975,True,
vcm_train_011977,True,
vcm_train_011979,True,
vcm_train_011981,True,
vcm_train_011983,True,
vcm_train_011985,True,
vcm_train_011987,True,
vcm_train_011989,True,
vcm_train_011991,True,
vcm_train_011993,True,
vcm_train_011995,False,qa_flagged
vcm_train_011997,False,qa_flagged
vcm_train_011999,True,
vcm_train_012001,True,
vcm_train_012003,True,
vcm_train_012005,True,
vcm_train_012007,True,
vcm_train_012009,False,qa_flagged
vcm_train_012011,True,
vcm_train_012013,True,
vcm_train_012015,True,
vcm_train_012017,True,
vcm_train_012019,True,
vcm_train_012021,True,
vcm_train_012023,True,
vcm_train_012025,True,
vcm_train_012027,False,qa_flagged
vcm_train_012029,True,
vcm_train_012031,True,
vcm_train_012033,False,qa_flagged
vcm_train_012035,True,
vcm_train_012037,True,
vcm_train_012039,True,
vcm_train_012041,True,
vcm_train_012043,True,
vcm_train_012045,True,
vcm_train_012047,True,
vcm_train_012049,True,
vcm_train_012051,False,qa_flagged
vcm_train_012053,True,
vcm_train_012055,True,
vcm_train_012057,True,
vcm_train_012059,True,
vcm_train_012061,True,
vcm_train_012063,True,
vcm_train_012065,True,
vcm_train_012067,True,
vcm_train_012069,True,
vcm_train_012071,True,
vcm_train_012073,True,
vcm_train_012075,False,qa_flagged
vcm_train_012077,False,qa_flagged
vcm_train_012079,True,
vcm_train_012081,True,
vcm_train_012083,True,
vcm_train_012085,True,
vcm_train_012087,True,
vcm_train_012089,True,
vcm_train_012091,False,qa_flagged
vcm_train_012093,True,
vcm_train_012095,True,
vcm_train_012097,True,
vcm_train_012099,True,
vcm_train_012101,True,
vcm_train_012103,True,
vcm_train_012105,False,qa_flagged
vcm_train_012107,True,
vcm_train_012109,True,
vcm_train_012111,True,
vcm_train_012113,True,
vcm_train_012115,False,qa_flagged
vcm_train_012117,True,
vcm_train_012119,True,
vcm_train_012121,True,
vcm_train_012123,True,
vcm_train_012125,True,
vcm_train_012127,True,
vcm_train_012129,True,
vcm_train_012131,True,
vcm_train_012133,True,
vcm_train_012135,True,
vcm_train_012137,True,
vcm_train_012139,True,
vcm_train_012141,True,
vcm_train_012143,True,
vcm_train_012145,True,
vcm_train_012147,True,
vcm_train_012149,True,
vcm_train_012151,True,
vcm_train_012153,True,
vcm_train_012155,True,
vcm_train_012157,True,
vcm_train_012159,True,
vcm_train_012161,True,
vcm_train_012163,True,
vcm_train_012165,True,
vcm_train_012167,True,
vcm_train_012169,False,qa_flagged
vcm_train_012171,True,
vcm_train_012173,True,
vcm_train_012175,True,
vcm_train_012177,True,
vcm_train_012179,True,
vcm_train_012181,True,
vcm_train_012183,True,
vcm_train_012185,True,
vcm_train_012187,True,
vcm_train_012189,False,qa_flagged
vcm_train_012191,False,qa_flagged
vcm_train_012193,True,
vcm_train_012195,True,
vcm_train_012197,True,
vcm_train_012199,True,
vcm_train_012201,True,
vcm_train_012203,True,
vcm_train_012205,True,
vcm_train_012207,True,
vcm_train_012209,True,
vcm_train_012211,True,
vcm_train_012213,True,
vcm_train_012215,True,
vcm_train_012217,False,qa_flagged
vcm_train_012219,True,
vcm_train_012221,True,
vcm_train_012223,True,
vcm_train_012225,True,
vcm_train_012227,True,
vcm_train_012229,True,
vcm_train_012231,True,
vcm_train_012233,False,qa_flagged
vcm_train_012235,True,
vcm_train_012237,True,
vcm_train_012239,True,
vcm_train_012241,False,qa_flagged
vcm_train_012243,True,
vcm_train_012245,True,
vcm_train_012247,True,
vcm_train_012249,True,
vcm_train_012251,True,
vcm_train_012253,True,
vcm_train_012255,True,
vcm_train_012257,True,
vcm_train_012259,True,
vcm_train_012261,True,
vcm_train_012263,True,
vcm_train_012265,True,
vcm_train_012267,True,
vcm_train_012269,True,
vcm_train_012271,True,
vcm_train_012273,True,
vcm_train_012275,True,
vcm_train_012277,False,qa_flagged
vcm_train_012279,True,
vcm_train_012281,True,
vcm_train_012283,True,
vcm_train_012285,True,
vcm_train_012287,False,qa_flagged
vcm_train_012289,True,
vcm_train_012291,True,
vcm_train_012293,True,
vcm_train_012295,False,qa_flagged
vcm_train_012297,True,
vcm_train_012299,False,qa_flagged
vcm_train_012301,True,
vcm_train_012303,False,qa_flagged
vcm_train_012305,True,
vcm_train_012307,True,
vcm_train_012309,True,
vcm_train_012311,True,
vcm_train_012313,True,
vcm_train_012315,True,
vcm_train_012317,True,
vcm_train_012319,True,
vcm_train_012321,True,
vcm_train_012323,True,
vcm_train_012325,True,
vcm_train_012327,False,qa_flagged
vcm_train_012329,False,qa_flagged
vcm_train_012331,True,
vcm_train_012333,True,
vcm_train_012335,True,
vcm_train_012337,True,
vcm_train_012339,True,
vcm_train_012341,True,
vcm_train_012343,True,
vcm_train_012345,False,qa_flagged
vcm_train_012347,True,
vcm_train_012349,True,
vcm_train_012351,True,
vcm_train_012353,True,
vcm_train_012355,True,
vcm_train_012357,True,
vcm_train_012359,True,
vcm_train_012361,True,
vcm_train_012363,True,
vcm_train_012365,True,
vcm_train_012367,True,
vcm_train_012369,True,
vcm_train_012371,False,qa_flagged
vcm_train_012373,True,
vcm_train_012375,True,
vcm_train_012377,True,
vcm_train_012379,True,
vcm_train_012381,True,
vcm_train_012383,True,
vcm_train_012385,True,
vcm_train_012387,True,
vcm_train_012389,True,
vcm_train_012391,True,
vcm_train_012393,True,
vcm_train_012395,True,
vcm_train_012397,True,
vcm_train_012399,True,
vcm_train_012401,True,
vcm_train_012403,True,
vcm_train_012405,True,
vcm_train_012407,True,
vcm_train_012409,True,
vcm_train_012411,True,
vcm_train_012413,True,
vcm_train_012415,True,
vcm_train_012417,False,qa_flagged
vcm_train_012419,True,
vcm_train_012421,True,
vcm_train_012423,True,
vcm_train_012425,True,
vcm_train_012427,True,
vcm_train_012429,True,
vcm_train_012431,True,
vcm_train_012433,True,
vcm_train_012435,True,
vcm_train_012437,True,
vcm_train_012439,True,
vcm_train_012441,True,
vcm_train_012443,False,qa_flagged
vcm_train_012445,True,
vcm_train_012447,False,qa_flagged
vcm_train_012449,True,
vcm_train_012451,True,
vcm_train_012453,True,
vcm_train_012455,True,
vcm_train_012457,True,
vcm_train_012459,True,
vcm_train_012461,True,
vcm_train_012463,True,
vcm_train_012465,True,
vcm_train_012467,True,
vcm_train_012469,True,
vcm_train_012471,False,qa_flagged
vcm_train_012473,True,
vcm_train_012475,True,
vcm_train_012477,True,
vcm_train_012479,False,qa_flagged
vcm_train_012481,True,
vcm_train_012483,False,qa_flagged
vcm_train_012485,True,
vcm_train_012487,True,
vcm_train_012489,True,
vcm_train_012491,True,
vcm_train_012493,False,qa_flagged
vcm_train_012495,True,
vcm_train_012497,True,
vcm_train_012499,True,
vcm_train_012501,True,
vcm_train_012503,True,
vcm_train_012505,True,
vcm_train_012507,True,
vcm_train_012509,True,
vcm_train_012511,True,
vcm_train_012513,True,
vcm_train_012515,True,
vcm_train_012517,False,qa_flagged
vcm_train_012519,True,
vcm_train_012521,True,
vcm_train_012523,True,
vcm_train_012525,True,
vcm_train_012527,True,
vcm_train_012529,True,
vcm_train_012531,False,qa_flagged
vcm_train_012533,True,
vcm_train_012535,True,
vcm_train_012537,True,
vcm_train_012539,True,
vcm_train_012541,True,
vcm_train_012543,True,
vcm_train_012545,True,
vcm_train_012547,True,
vcm_train_012549,True,
vcm_train_012551,True,
vcm_train_012553,True,
vcm_train_012555,True,
vcm_train_012557,True,
vcm_train_012559,True,
vcm_train_012561,False,qa_flagged
vcm_train_012563,True,
vcm_train_012565,False,qa_flagged
vcm_train_012567,True,
vcm_train_012569,True,
vcm_train_012571,True,
vcm_train_012573,True,
vcm_train_012575,True,
vcm_train_012577,True,
vcm_train_012579,True,
vcm_train_012581,True,
vcm_train_012583,True,
vcm_train_012585,True,
vcm_train_012587,True,
vcm_train_012589,True,
vcm_train_012591,True,
vcm_train_012593,True,
vcm_train_012595,True,
vcm_train_012597,True,
vcm_train_012599,True,
vcm_train_012601,True,
vcm_train_012603,True,
vcm_train_012605,True,
vcm_train_012607,True,
vcm_train_012609,True,
vcm_train_012611,False,qa_flagged
vcm_train_012613,True,
vcm_train_012615,False,qa_flagged
vcm_train_012617,True,
vcm_train_012619,False,qa_flagged
vcm_train_012621,True,
vcm_train_012623,True,
vcm_train_012625,True,
vcm_train_012627,True,
vcm_train_012629,True,
vcm_train_012631,True,
vcm_train_012633,True,
vcm_train_012635,False,qa_flagged
vcm_train_012637,False,qa_flagged
vcm_train_012639,True,
vcm_train_012641,True,
vcm_train_012643,True,
vcm_train_012645,False,qa_flagged
vcm_train_012647,True,
vcm_train_012649,True,
vcm_train_012651,True,
vcm_train_012653,False,qa_flagged
vcm_train_012655,True,
vcm_train_012657,True,
vcm_train_012659,True,
vcm_train_012661,True,
vcm_train_012663,True,
vcm_train_012665,True,
vcm_train_012667,False,qa_flagged
vcm_train_012669,True,
vcm_train_012671,True,
vcm_train_012673,True,
vcm_train_012675,True,
vcm_train_012677,True,
vcm_train_012679,False,qa_flagged
vcm_train_012681,True,
vcm_train_012683,True,
vcm_train_012685,True,
vcm_train_012687,True,
vcm_train_012689,True,
vcm_train_012691,True,
vcm_train_012693,True,
vcm_train_012695,True,
vcm_train_012697,True,
vcm_train_012699,True,
vcm_train_012701,True,
vcm_train_012703,True,
vcm_train_012705,True,
vcm_train_012707,True,
vcm_train_012709,True,
vcm_train_012711,False,qa_flagged
vcm_train_012713,True,
vcm_train_012715,True,
vcm_train_012717,True,
vcm_train_012719,True,
vcm_train_012721,True,
vcm_train_012723,True,
vcm_train_012725,True,
vcm_train_012727,True,
vcm_train_012729,True,
vcm_train_012731,True,
vcm_train_012733,True,
vcm_train_012735,True,
vcm_train_012737,True,
vcm_train_012739,True,
vcm_train_012741,True,
vcm_train_012743,True,
vcm_train_012745,True,
vcm_train_012747,True,
vcm_train_012749,True,
vcm_train_012751,True,
vcm_train_012753,True,
vcm_train_012755,True,
vcm_train_012757,True,
vcm_train_012759,False,qa_flagged
vcm_train_012761,True,
vcm_train_012763,True,
vcm_train_012765,True,
vcm_train_012767,True,
vcm_train_012769,True,
vcm_train_012771,True,
vcm_train_012773,True,
vcm_train_012775,True,
vcm_train_012777,True,
vcm_train_012779,False,qa_flagged
vcm_train_012781,True,
vcm_train_012783,False,qa_flagged
vcm_train_012785,True,
vcm_train_012787,True,
vcm_train_012789,True,
vcm_train_012791,True,
vcm_train_012793,True,
vcm_train_012795,True,
vcm_train_012797,True,
vcm_train_012799,False,qa_flagged
vcm_train_012801,False,qa_flagged
vcm_train_012803,True,
vcm_train_012805,True,
vcm_train_012807,True,
vcm_train_012809,True,
vcm_train_012811,True,
vcm_train_012813,True,
vcm_train_012815,True,
vcm_train_012817,True,
vcm_train_012819,True,
vcm_train_012821,True,
vcm_train_012823,True,
vcm_train_012825,True,
vcm_train_012827,False,qa_flagged
vcm_train_012829,True,
vcm_train_012831,True,
vcm_train_012833,True,
vcm_train_012835,True,
vcm_train_012837,False,qa_flagged
vcm_train_012839,True,
vcm_train_012841,True,
vcm_train_012843,True,
vcm_train_012845,True,
vcm_train_012847,False,qa_flagged
vcm_train_012849,True,
vcm_train_012851,True,
vcm_train_012853,True,
vcm_train_012855,True,
vcm_train_012857,True,
vcm_train_012859,True,
vcm_train_012861,True,
vcm_train_012863,True,
vcm_train_012865,True,
vcm_train_012867,True,
vcm_train_012869,False,qa_flagged
vcm_train_012871,True,
vcm_train_012873,True,
vcm_train_012875,True,
vcm_train_012877,True,
vcm_train_012879,True,
vcm_train_012881,True,
vcm_train_012883,True,
vcm_train_012885,True,
vcm_train_012887,True,
vcm_train_012889,False,qa_flagged
vcm_train_012891,True,
vcm_train_012893,True,
vcm_train_012895,True,
vcm_train_012897,True,
vcm_train_012899,True,
vcm_train_012901,True,
vcm_train_012903,True,
vcm_train_012905,False,qa_flagged
vcm_train_012907,True,
vcm_train_012909,True,
vcm_train_012911,True,
vcm_train_012913,True,
vcm_train_012915,True,
vcm_train_012917,True,
vcm_train_012919,True,
vcm_train_012921,False,qa_flagged
vcm_train_012923,True,
vcm_train_012925,False,qa_flagged
vcm_train_012927,True,
vcm_train_012929,False,qa_flagged
vcm_train_012931,True,
vcm_train_012933,True,
vcm_train_012935,False,qa_flagged
vcm_train_012937,True,
vcm_train_012939,True,
vcm_train_012941,True,
vcm_train_012943,True,
vcm_train_012945,True,
vcm_train_012947,True,
vcm_train_012949,True,
vcm_train_012951,False,qa_flagged
vcm_train_012953,True,
vcm_train_012955,True,
vcm_train_012957,True,
vcm_train_012959,True,
vcm_train_012961,True,
vcm_train_012963,True,
vcm_train_012965,True,
vcm_train_012967,True,
vcm_train_012969,True,
vcm_train_012971,True,
vcm_train_012973,True,
vcm_train_012975,True,
vcm_train_012977,True,
vcm_train_012979,True,
vcm_train_012981,True,
vcm_train_012983,True,
vcm_train_012985,True,
vcm_train_012987,True,
vcm_train_012989,True,
vcm_train_012991,True,
vcm_train_012993,True,
vcm_train_012995,True,
vcm_train_012997,True,
vcm_train_012999,True,
vcm_train_013001,True,
vcm_train_013003,True,
vcm_train_013005,True,
vcm_train_013007,True,
vcm_train_013009,True,
vcm_train_013011,True,
vcm_train_013013,True,
vcm_train_013015,True,
vcm_train_013017,True,
vcm_train_013019,True,
vcm_train_013021,True,
vcm_train_013023,True,
vcm_train_013025,True,
vcm_train_013027,True,
vcm_train_013029,True,
vcm_train_013031,True,
vcm_train_013033,True,
vcm_train_013035,False,qa_flagged
vcm_train_013037,True,
vcm_train_013039,True,
vcm_train_013041,False,qa_flagged
vcm_train_013043,True,
vcm_train_013045,True,
vcm_train_013047,True,
vcm_train_013049,True,
vcm_train_013051,False,qa_flagged
vcm_train_013053,True,
vcm_train_013055,True,
vcm_train_013057,True,
vcm_train_013059,True,
vcm_train_013061,True,
vcm_train_013063,False,qa_flagged
vcm_train_013065,True,
vcm_train_013067,True,
vcm_train_013069,True,
vcm_train_013071,True,
vcm_train_013073,True,
vcm_train_013075,True,
vcm_train_013077,True,
vcm_train_013079,True,
vcm_train_013081,True,
vcm_train_013083,True,
vcm_train_013085,True,
vcm_train_013087,False,qa_flagged
vcm_train_013089,True,
vcm_train_013091,True,
vcm_train_013093,True,
vcm_train_013095,True,
vcm_train_013097,True,
vcm_train_013099,False,qa_flagged
vcm_train_013101,True,
vcm_train_013103,True,
vcm_train_013105,True,
vcm_train_013107,False,qa_flagged
vcm_train_013109,True,
vcm_train_013111,True,
vcm_train_013113,True,
vcm_train_013115,True,
vcm_train_013117,True,
vcm_train_013119,True,
vcm_train_013121,True,
vcm_train_013123,True,
vcm_train_013125,True,
vcm_train_013127,True,
vcm_train_013129,True,
vcm_train_013131,True,
vcm_train_013133,True,
vcm_train_013135,True,
vcm_train_013137,True,
vcm_train_013139,True,
vcm_train_013141,True,
vcm_train_013143,True,
vcm_train_013145,True,
vcm_train_013147,True,
vcm_train_013149,False,qa_flagged
vcm_train_013151,True,
vcm_train_013153,True,
vcm_train_013155,True,
vcm_train_013157,True,
vcm_train_013159,True,
vcm_train_013161,True,
vcm_train_013163,True,
vcm_train_013165,True,
vcm_train_013167,True,
vcm_train_013169,True,
vcm_train_013171,True,
vcm_train_013173,True,
vcm_train_013175,True,
vcm_train_013177,True,
vcm_train_013179,True,
vcm_train_013181,True,
vcm_train_013183,True,
vcm_train_013185,True,
vcm_train_013187,False,qa_flagged
vcm_train_013189,True,
vcm_train_013191,False,qa_flagged
vcm_train_013193,True,
vcm_train_013195,True,
vcm_train_013197,False,qa_flagged
vcm_train_013199,True,
vcm_train_013201,True,
vcm_train_013203,False,qa_flagged
vcm_train_013205,True,
vcm_train_013207,True,
vcm_train_013209,True,
vcm_train_013211,True,
vcm_train_013213,False,qa_flagged
vcm_train_013215,True,
vcm_train_013217,True,
vcm_train_013219,False,qa_flagged
vcm_train_013221,False,qa_flagged
vcm_train_013223,True,
vcm_train_013225,True,
vcm_train_013227,True,
vcm_train_013229,True,
vcm_train_013231,True,
vcm_train_013233,True,
vcm_train_013235,True,
vcm_train_013237,True,
vcm_train_013239,True,
vcm_train_013241,True,
vcm_train_013243,True,
vcm_train_013245,True,
vcm_train_013247,True,
vcm_train_013249,True,
vcm_train_013251,True,
vcm_train_013253,True,
vcm_train_013255,True,
vcm_train_013257,True,
vcm_train_013259,True,
vcm_train_013261,True,
vcm_train_013263,True,
vcm_train_013265,True,
vcm_train_013267,True,
vcm_train_013269,True,
vcm_train_013271,True,
vcm_train_013273,True,
vcm_train_013275,True,
vcm_train_013277,True,
vcm_train_013279,True,
vcm_train_013281,True,
vcm_train_013283,False,qa_flagged
vcm_train_013285,True,
vcm_train_013287,True,
vcm_train_013289,True,
vcm_train_013291,True,
vcm_train_013293,True,
vcm_train_013295,True,
vcm_train_013297,True,
vcm_train_013299,False,qa_flagged
vcm_train_013301,False,qa_flagged
vcm_train_013303,True,
vcm_train_013305,True,
vcm_train_013307,True,
vcm_train_013309,True,
vcm_train_013311,True,
vcm_train_013313,True,
vcm_train_013315,True,
vcm_train_013317,True,
vcm_train_013319,True,
vcm_train_013321,True,
vcm_train_013323,True,
vcm_train_013325,True,
vcm_train_013327,True,
vcm_train_013329,False,qa_flagged
vcm_train_013331,True,
vcm_train_013333,True,
vcm_train_013335,True,
vcm_train_013337,True,
vcm_train_013339,True,
vcm_train_013341,True,
vcm_train_013343,True,
vcm_train_013345,True,
vcm_train_013347,True,
vcm_train_013349,True,
vcm_train_013351,True,
vcm_train_013353,True,
vcm_train_013355,True,
vcm_train_013357,False,qa_flagged
vcm_train_013359,False,qa_flagged
vcm_train_013361,False,qa_flagged
vcm_train_013363,True,
vcm_train_013365,False,qa_flagged
vcm_train_013367,True,
vcm_train_013369,True,
vcm_train_013371,True,
vcm_train_013373,True,
vcm_train_013375,True,
vcm_train_013377,True,
vcm_train_013379,True,
vcm_train_013381,True,
vcm_train_013383,True,
vcm_train_013385,True,
vcm_train_013387,True,
vcm_train_013389,True,
vcm_train_013391,True,
vcm_train_013393,True,
vcm_train_013395,True,
vcm_train_013397,True,
vcm_train_013399,True,
vcm_train_013401,True,
vcm_train_013403,True,
vcm_train_013405,True,
vcm_train_013407,True,
vcm_train_013409,True,
vcm_train_013411,True,
vcm_train_013413,True,
vcm_train_013415,True,
vcm_train_013417,False,qa_flagged
vcm_train_013419,False,qa_flagged
vcm_train_013421,True,
vcm_train_013423,True,
vcm_train_013425,True,
vcm_train_013427,True,
vcm_train_013429,True,
vcm_train_013431,True,
vcm_train_013433,True,
vcm_train_013435,True,
vcm_train_013437,True,
vcm_train_013439,True,
vcm_train_013441,True,
vcm_train_013443,True,
vcm_train_013445,True,
vcm_train_013447,True,
vcm_train_013449,True,
vcm_train_013451,True,
vcm_train_013453,True,
vcm_train_013455,True,
vcm_train_013457,True,
vcm_train_013459,False,qa_flagged
vcm_train_013461,True,
vcm_train_013463,True,
vcm_train_013465,True,
vcm_train_013467,True,
vcm_train_013469,True,
vcm_train_013471,True,
vcm_train_013473,True,
vcm_train_013475,True,
vcm_train_013477,True,
vcm_train_013479,True,
vcm_train_013481,True,
vcm_train_013483,True,
vcm_train_013485,True,
vcm_train_013487,True,
vcm_train_013489,True,
vcm_train_013491,True,
vcm_train_013493,False,qa_flagged
vcm_train_013495,True,
vcm_train_013497,True,
vcm_train_013499,True,
vcm_train_013501,True,
vcm_train_013503,True,
vcm_train_013505,False,qa_flagged
vcm_train_013507,True,
vcm_train_013509,True,
vcm_train_013511,True,
vcm_train_013513,True,
vcm_train_013515,True,
vcm_train_013517,True,
vcm_train_013519,False,qa_flagged
vcm_train_013521,True,
vcm_train_013523,True,
vcm_train_013525,True,
vcm_train_013527,True,
vcm_train_013529,True,
vcm_train_013531,True,
vcm_train_013533,True,
vcm_train_013535,True,
vcm_train_013537,True,
vcm_train_013539,True,
vcm_train_013541,True,
vcm_train_013543,True,
vcm_train_013545,True,
vcm_train_013547,True,
vcm_train_013549,True,
vcm_train_013551,True,
vcm_train_013553,False,qa_flagged
vcm_train_013555,True,
vcm_train_013557,True,
vcm_train_013559,True,
vcm_train_013561,True,
vcm_train_013563,True,
vcm_train_013565,True,
vcm_train_013567,True,
vcm_train_013569,True,
vcm_train_013571,True,
vcm_train_013573,True,
vcm_train_013575,True,
vcm_train_013577,True,
vcm_train_013579,True,
vcm_train_013581,True,
vcm_train_013583,True,
vcm_train_013585,True,
vcm_train_013587,True,
vcm_train_013589,True,
vcm_train_013591,True,
vcm_train_013593,True,
vcm_train_013595,False,qa_flagged
vcm_train_013597,True,
vcm_train_013599,True,
vcm_train_013601,True,
vcm_train_013603,True,
vcm_train_013605,True,
vcm_train_013607,False,qa_flagged
vcm_train_013609,False,qa_flagged
vcm_train_013611,True,
vcm_train_013613,True,
vcm_train_013615,True,
vcm_train_013617,True,
vcm_train_013619,True,
vcm_train_013621,True,
vcm_train_013623,True,
vcm_train_013625,True,
vcm_train_013627,True,
vcm_train_013629,True,
vcm_train_013631,True,
vcm_train_013633,True,
vcm_train_013635,True,
vcm_train_013637,True,
vcm_train_013639,True,
vcm_train_013641,True,
vcm_train_013643,True,
vcm_train_013645,True,
vcm_train_013647,True,
vcm_train_013649,True,
vcm_train_013651,True,
vcm_train_013653,True,
vcm_train_013655,True,
vcm_train_013657,True,
vcm_train_013659,True,
vcm_train_013661,True,
vcm_train_013663,True,
vcm_train_013665,True,
vcm_train_013667,True,
vcm_train_013669,True,
vcm_train_013671,True,
vcm_train_013673,True,
vcm_train_013675,False,qa_flagged
vcm_train_013677,True,
vcm_train_013679,True,
vcm_train_013681,True,
vcm_train_013683,True,
vcm_train_013685,True,
vcm_train_013687,True,
vcm_train_013689,True,
vcm_train_013691,True,
vcm_train_013693,True,
vcm_train_013695,True,
vcm_train_013697,True,
vcm_train_013699,True,
vcm_train_013701,True,
vcm_train_013703,True,
vcm_train_013705,True,
vcm_train_013707,True,
vcm_train_013709,True,
vcm_train_013711,True,
vcm_train_013713,True,
vcm_train_013715,True,
vcm_train_013717,True,
vcm_train_013719,True,
vcm_train_013721,True,
vcm_train_013723,True,
vcm_train_013725,True,
vcm_train_013727,True,
vcm_train_013729,True,
vcm_train_013731,False,qa_flagged
vcm_train_013733,False,qa_flagged
vcm_train_013735,True,
vcm_train_013737,True,
vcm_train_013739,False,qa_flagged
vcm_train_013741,True,
vcm_train_013743,True,
vcm_train_013745,True,
vcm_train_013747,False,qa_flagged
vcm_train_013749,True,
vcm_train_013751,True,
vcm_train_013753,True,
vcm_train_013755,True,
vcm_train_013757,True,
vcm_train_013759,True,
vcm_train_013761,True,
vcm_train_013763,True,
vcm_train_013765,True,
vcm_train_013767,True,
vcm_train_013769,True,
vcm_train_013771,True,
vcm_train_013773,False,qa_flagged
vcm_train_013775,True,
vcm_train_013777,True,
vcm_train_013779,False,qa_flagged
vcm_train_013781,True,
vcm_train_013783,True,
vcm_train_013785,True,
vcm_train_013787,True,
vcm_train_013789,True,
vcm_train_013791,True,
vcm_train_013793,True,
vcm_train_013795,True,
vcm_train_013797,True,
vcm_train_013799,True,
vcm_train_013801,True,
vcm_train_013803,True,
vcm_train_013805,False,qa_flagged
vcm_train_013807,True,
vcm_train_013809,True,
vcm_val_013811,False,qa_flagged
vcm_val_013813,True,
vcm_val_013815,False,qa_flagged
vcm_val_013817,True,
vcm_val_013819,True,
vcm_val_013821,True,
vcm_val_013823,True,
vcm_val_013825,True,
vcm_val_013827,True,
vcm_val_013829,True,
vcm_val_013831,True,
vcm_val_013833,True,
vcm_val_013835,True,
vcm_val_013837,True,
vcm_val_013839,True,
vcm_val_013841,True,
vcm_val_013843,True,
vcm_val_013845,True,
vcm_val_013847,True,
vcm_val_013849,False,qa_flagged
vcm_val_013851,True,
vcm_val_013853,True,
vcm_val_013855,True,
vcm_val_013857,True,
vcm_val_013859,True,
vcm_val_013861,True,
vcm_val_013863,True,
vcm_val_013865,True,
vcm_val_013867,True,
vcm_val_013869,True,
vcm_val_013871,True,
vcm_val_013873,True,
vcm_val_013875,True,
vcm_val_013877,True,
vcm_val_013879,True,
vcm_val_013881,True,
vcm_val_013883,True,
vcm_val_013885,True,
vcm_val_013887,True,
vcm_val_013889,True,
vcm_val_013891,True,
vcm_val_013893,True,
vcm_val_013895,True,
vcm_val_013897,True,
vcm_val_013899,True,
vcm_val_013901,True,
vcm_val_013903,True,
vcm_val_013905,True,
vcm_val_013907,True,
vcm_val_013909,True,
vcm_val_013911,True,
vcm_val_013913,True,
vcm_val_013915,True,
vcm_val_013917,True,
vcm_val_013919,True,
vcm_val_013921,True,
vcm_val_013923,True,
vcm_val_013925,True,
vcm_val_013927,True,
vcm_val_013929,False,qa_flagged
vcm_val_013931,True,
vcm_val_013933,True,
vcm_val_013935,True,
vcm_val_013937,True,
vcm_val_013939,True,
vcm_val_013941,True,
vcm_val_013943,True,
vcm_val_013945,True,
vcm_val_013947,True,
vcm_val_013949,True,
vcm_val_013951,False,qa_flagged
vcm_val_013953,False,qa_flagged
vcm_val_013955,True,
vcm_val_013957,True,
vcm_val_013959,True,
vcm_val_013961,True,
vcm_val_013963,True,
vcm_val_013965,True,
vcm_val_013967,True,
vcm_val_013969,True,
vcm_val_013971,True,
vcm_val_013973,True,
vcm_val_013975,True,
vcm_val_013977,True,
vcm_val_013979,True,
vcm_val_013981,True,
vcm_val_013983,True,
vcm_val_013985,True,
vcm_val_013987,True,
vcm_val_013989,True,
vcm_val_013991,True,
vcm_val_013993,True,
vcm_val_013995,True,
vcm_val_013997,True,
vcm_val_013999,True,
vcm_val_014001,True,
vcm_val_014003,True,
vcm_val_014005,False,qa_flagged
vcm_val_014007,True,
vcm_val_014009,True,
vcm_val_014011,False,qa_flagged
vcm_val_014013,True,
vcm_val_014015,True,
vcm_val_014017,True,
vcm_val_014019,True,
vcm_val_014021,True,
vcm_val_014023,True,
vcm_val_014025,True,
vcm_val_014027,True,
vcm_val_014029,True,
vcm_val_014031,True,
vcm_val_014033,True,
vcm_val_014035,True,
vcm_val_014037,False,qa_flagged
vcm_val_014039,True,
vcm_val_014041,True,
vcm_val_014043,True,
vcm_val_014045,True,
vcm_val_014047,True,
vcm_val_014049,True,
vcm_val_014051,True,
vcm_val_014053,True,
vcm_val_014055,True,
vcm_val_014057,True,
vcm_val_014059,True,
vcm_val_014061,True,
vcm_val_014063,False,qa_flagged
vcm_val_014065,True,
vcm_val_014067,True,
vcm_val_014069,True,
vcm_val_014071,True,
vcm_val_014073,True,
vcm_val_014075,True,
vcm_val_014077,True,
vcm_val_014079,True,
vcm_val_014081,True,
vcm_val_014083,False,qa_flagged
vcm_val_014085,True,
vcm_val_014087,False,qa_flagged
vcm_val_014089,True,
vcm_val_014091,True,
vcm_val_014093,True,
vcm_val_014095,True,
vcm_val_014097,True,
vcm_val_014099,True,
vcm_val_014101,True,
vcm_val_014103,True,
vcm_val_014105,True,
vcm_val_014107,True,
vcm_val_014109,True,
vcm_val_014111,True,
vcm_val_014113,True,
vcm_val_014115,True,
vcm_val_014117,True,
vcm_val_014119,True,
vcm_val_014121,True,
vcm_val_014123,True,
vcm_val_014125,True,
vcm_val_014127,True,
vcm_val_014129,True,
vcm_val_014131,True,
vcm_val_014133,True,
vcm_val_014135,True,
vcm_val_014137,True,
vcm_val_014139,False,qa_flagged
vcm_val_014141,True,
vcm_val_014143,True,
vcm_val_014145,True,
vcm_val_014147,True,
vcm_val_014149,True,
vcm_val_014151,True,
vcm_val_014153,False,qa_flagged
vcm_val_014155,True,
vcm_val_014157,True,
vcm_val_014159,False,qa_flagged
vcm_val_014161,True,
vcm_val_014163,True,
vcm_val_014165,True,
vcm_val_014167,True,
vcm_val_014169,True,
vcm_val_014171,True,
vcm_val_014173,True,
vcm_val_014175,True,
vcm_val_014177,True,
vcm_val_014179,False,qa_flagged
vcm_val_014181,False,qa_flagged
vcm_val_014183,False,qa_flagged
vcm_val_014185,True,
vcm_val_014187,True,
vcm_val_014189,True,
vcm_val_014191,True,
vcm_val_014193,True,
vcm_val_014195,True,
vcm_val_014197,True,
vcm_val_014199,True,
vcm_val_014201,True,
vcm_val_014203,True,
vcm_val_014205,True,
vcm_val_014207,True,
vcm_val_014209,True,
vcm_val_014211,True,
vcm_val_014213,True,
vcm_val_014215,True,
vcm_val_014217,True,
vcm_val_014219,True,
vcm_val_014221,True,
vcm_val_014223,True,
vcm_val_014225,True,
vcm_val_014227,True,
vcm_val_014229,True,
vcm_val_014231,True,
vcm_val_014233,True,
vcm_val_014235,True,
vcm_val_014237,True,
vcm_val_014239,True,
vcm_val_014241,True,
vcm_val_014243,False,qa_flagged
vcm_val_014245,True,
vcm_val_014247,True,
vcm_val_014249,True,
vcm_val_014251,True,
vcm_val_014253,True,
vcm_val_014255,True,
vcm_val_014257,True,
vcm_val_014259,True,
vcm_val_014261,True,
vcm_val_014263,True,
vcm_val_014265,True,
vcm_val_014267,True,
vcm_val_014269,True,
vcm_val_014271,False,qa_flagged
vcm_val_014273,True,
vcm_val_014275,True,
vcm_val_014277,True,
vcm_val_014279,True,
vcm_val_014281,True,
vcm_val_014283,False,qa_flagged
vcm_val_014285,True,
vcm_val_014287,True,
vcm_val_014289,True,
vcm_val_014291,False,qa_flagged
vcm_val_014293,True,
vcm_val_014295,True,
vcm_val_014297,True,
vcm_val_014299,True,
vcm_val_014301,True,
vcm_val_014303,False,qa_flagged
vcm_val_014305,True,
vcm_val_014307,True,
vcm_val_014309,True,
vcm_val_014311,True,
vcm_val_014313,True,
vcm_val_014315,True,
vcm_val_014317,True,
vcm_val_014319,False,qa_flagged
vcm_val_014321,True,
vcm_val_014323,True,
vcm_val_014325,True,
vcm_val_014327,True,
vcm_val_014329,True,
vcm_val_014331,True,
vcm_val_014333,True,
vcm_val_014335,True,
vcm_val_014337,True,
vcm_val_014339,True,
vcm_val_014341,True,
vcm_val_014343,True,
vcm_val_014345,True,
vcm_val_014347,True,
vcm_val_014349,True,
vcm_val_014351,True,
vcm_val_014353,True,
vcm_val_014355,True,
vcm_val_014357,False,qa_flagged
vcm_val_014359,False,qa_flagged
vcm_val_014361,True,
vcm_val_014363,True,
vcm_val_014365,True,
vcm_val_014367,True,
vcm_val_014369,True,
vcm_val_014371,True,
vcm_val_014373,True,
vcm_val_014375,True,
vcm_val_014377,False,qa_flagged
vcm_val_014379,True,
vcm_val_014381,True,
vcm_val_014383,True,
vcm_val_014385,True,
vcm_val_014387,False,qa_flagged
vcm_val_014389,True,
vcm_val_014391,True,
vcm_val_014393,False,qa_flagged
vcm_val_014395,True,
vcm_val_014397,True,
vcm_val_014399,True,
vcm_val_014401,False,qa_flagged
vcm_val_014403,False,qa_flagged
vcm_val_014405,True,
vcm_val_014407,False,qa_flagged
vcm_val_014409,False,qa_flagged
vcm_val_014411,True,
vcm_val_014413,True,
vcm_val_014415,True,
vcm_val_014417,True,
vcm_val_014419,False,qa_flagged
vcm_val_014421,True,
vcm_val_014423,True,
vcm_val_014425,True,
vcm_val_014427,False,qa_flagged
vcm_val_014429,True,
vcm_val_014431,True,
vcm_val_014433,True,
vcm_val_014435,True,
vcm_val_014437,True,
vcm_val_014439,True,
vcm_val_014441,True,
vcm_val_014443,False,qa_flagged
vcm_val_014445,True,
vcm_val_014447,True,
vcm_val_014449,True,
vcm_val_014451,True,
vcm_val_014453,True,
vcm_val_014455,True,
vcm_val_014457,False,qa_flagged
vcm_val_014459,True,
vcm_val_014461,False,qa_flagged
vcm_val_014463,True,
vcm_val_014465,True,
vcm_val_014467,True,
vcm_val_014469,True,
vcm_val_014471,True,
vcm_val_014473,True,
vcm_val_014475,True,
vcm_val_014477,True,
vcm_val_014479,True,
vcm_val_014481,True,
vcm_val_014483,False,qa_flagged
vcm_val_014485,True,
vcm_val_014487,False,qa_flagged
vcm_val_014489,True,
vcm_val_014491,True,
vcm_val_014493,True,
vcm_val_014495,False,qa_flagged
vcm_val_014497,True,
vcm_val_014499,True,
vcm_val_014501,True,
vcm_val_014503,True,
vcm_val_014505,True,
vcm_val_014507,True,
vcm_val_014509,True,
vcm_val_014511,True,
vcm_val_014513,True,
vcm_val_014515,True,
vcm_val_014517,True,
vcm_val_014519,False,qa_flagged
vcm_val_014521,True,
vcm_val_014523,True,
vcm_val_014525,True,
vcm_val_014527,True,
vcm_val_014529,True,
vcm_val_014531,True,
vcm_val_014533,True,
vcm_val_014535,False,qa_flagged
vcm_val_014537,False,qa_flagged
vcm_val_014539,True,
vcm_val_014541,True,
vcm_val_014543,True,
vcm_val_014545,True,
vcm_val_014547,True,
vcm_val_014549,True,
vcm_val_014551,True,
vcm_val_014553,True,
vcm_val_014555,True,
vcm_val_014557,True,
vcm_val_014559,True,
vcm_val_014561,True,
vcm_val_014563,False,qa_flagged
vcm_val_014565,True,
vcm_val_014567,True,
vcm_val_014569,True,
vcm_val_014571,False,qa_flagged
vcm_val_014573,True,
vcm_val_014575,True,
vcm_val_014577,True,
vcm_val_014579,True,
vcm_val_014581,True,
vcm_val_014583,True,
vcm_val_014585,True,
vcm_val_014587,True,
vcm_val_014589,True,
vcm_val_014591,True,
vcm_val_014593,True,
vcm_val_014595,True,
vcm_val_014597,True,
vcm_val_014599,False,qa_flagged
vcm_val_014601,True,
vcm_val_014603,False,qa_flagged
vcm_val_014605,True,
vcm_val_014607,True,
vcm_val_014609,True,
vcm_val_014611,True,
vcm_val_014613,False,qa_flagged
vcm_val_014615,True,
vcm_val_014617,True,
vcm_val_014619,True,
vcm_val_014621,True,
vcm_val_014623,True,
vcm_val_014625,True,
vcm_val_014627,True,
vcm_val_014629,True,
vcm_val_014631,False,qa_flagged
vcm_val_014633,True,
vcm_val_014635,True,
vcm_val_014637,True,
vcm_val_014639,True,
vcm_val_014641,True,
vcm_val_014643,True,
vcm_val_014645,True,
vcm_val_014647,True,
vcm_val_014649,True,
vcm_val_014651,False,qa_flagged
vcm_val_014653,True,
vcm_val_014655,True,
vcm_val_014657,True,
vcm_val_014659,False,qa_flagged
vcm_val_014661,True,
vcm_val_014663,False,qa_flagged
vcm_val_014665,False,qa_flagged
vcm_val_014667,True,
vcm_val_014669,True,
vcm_val_014671,True,
vcm_val_014673,False,qa_flagged
vcm_val_014675,True,
vcm_val_014677,True,
vcm_val_014679,True,
vcm_val_014681,False,qa_flagged
vcm_val_014683,True,
vcm_val_014685,True,
vcm_val_014687,True,
vcm_val_014689,True,
vcm_val_014691,True,
vcm_val_014693,True,
vcm_val_014695,True,
vcm_val_014697,False,qa_flagged
vcm_val_014699,False,qa_flagged
vcm_val_014701,True,
vcm_val_014703,True,
vcm_val_014705,True,
vcm_val_014707,True,
vcm_val_014709,True,
vcm_val_014711,False,qa_flagged
vcm_val_014713,True,
vcm_val_014715,True,
vcm_val_014717,True,
vcm_val_014719,True,
vcm_val_014721,True,
vcm_val_014723,True,
vcm_val_014725,False,qa_flagged
vcm_val_014727,True,
vcm_val_014729,True,
vcm_val_014731,True,
vcm_val_014733,True,
vcm_val_014735,True,
vcm_val_014737,True,
vcm_val_014739,False,qa_flagged
vcm_val_014741,True,
vcm_val_014743,True,
vcm_val_014745,True,
vcm_val_014747,True,
vcm_val_014749,False,qa_flagged
vcm_val_014751,True,
vcm_val_014753,True,
vcm_val_014755,True,
vcm_val_014757,True,
vcm_val_014759,True,
vcm_val_014761,True,
vcm_val_014763,True,
vcm_val_014765,True,
vcm_val_014767,True,
vcm_val_014769,True,
vcm_val_014771,False,qa_flagged
vcm_val_014773,True,
vcm_val_014775,True,
vcm_val_014777,True,
vcm_val_014779,True,
vcm_val_014781,True,
vcm_val_014783,True,
vcm_val_014785,True,
vcm_val_014787,True,
vcm_val_014789,True,
vcm_val_014791,True,
vcm_val_014793,True,
vcm_val_014795,True,
vcm_val_014797,True,
vcm_val_014799,True,
vcm_val_014801,True,
vcm_val_014803,True,
vcm_val_014805,True,
vcm_val_014807,True,
vcm_val_014809,True,
vcm_val_014811,True,
vcm_val_014813,True,
vcm_val_014815,True,
vcm_val_014817,False,qa_flagged
vcm_val_014819,True,
vcm_val_014821,True,
vcm_val_014823,True,
vcm_val_014825,True,
vcm_val_014827,False,qa_flagged
vcm_val_014829,False,qa_flagged
vcm_val_014831,True,
vcm_val_014833,True,
vcm_val_014835,False,qa_flagged
vcm_val_014837,True,
vcm_val_014839,True,
vcm_val_014841,True,
vcm_val_014843,True,
vcm_val_014845,True,
vcm_val_014847,True,
vcm_val_014849,True,
vcm_val_014851,True,
vcm_val_014853,True,
vcm_val_014855,True,
vcm_val_014857,True,
vcm_val_014859,True,
vcm_val_014861,True,
vcm_val_014863,True,
vcm_val_014865,True,
vcm_val_014867,True,
vcm_val_014869,True,
vcm_val_014871,True,
vcm_val_014873,True,
vcm_val_014875,True,
vcm_val_014877,True,
vcm_val_014879,True,
vcm_val_014881,True,
vcm_val_014883,True,
vcm_val_014885,True,
vcm_val_014887,True,
vcm_val_014889,True,
vcm_val_014891,True,
vcm_val_014893,True,
vcm_val_014895,True,
vcm_val_014897,True,
vcm_val_014899,True,
vcm_val_014901,True,
vcm_val_014903,True,
vcm_val_014905,True,
vcm_val_014907,True,
vcm_val_014909,True,
vcm_val_014911,True,
vcm_val_014913,True,
vcm_val_014915,True,
vcm_val_014917,True,
vcm_val_014919,True,
vcm_val_014921,True,
vcm_val_014923,True,
vcm_val_014925,False,qa_flagged
vcm_val_014927,True,
vcm_val_014929,True,
vcm_val_014931,True,
vcm_val_014933,True,
vcm_val_014935,True,
vcm_val_014937,True,
vcm_val_014939,True,
vcm_val_014941,True,
vcm_val_014943,True,
vcm_val_014945,True,
vcm_val_014947,True,
vcm_val_014949,True,
vcm_val_014951,False,qa_flagged
vcm_val_014953,True,
vcm_val_014955,False,qa_flagged
vcm_val_014957,True,
vcm_val_014959,True,
vcm_val_014961,False,qa_flagged
vcm_val_014963,True,
vcm_val_014965,True,
vcm_val_014967,True,
vcm_val_014969,True,
vcm_val_014971,True,
vcm_val_014973,True,
vcm_val_014975,True,
vcm_val_014977,True,
vcm_val_014979,True,
vcm_val_014981,True,
vcm_val_014983,True,
vcm_val_014985,True,
vcm_val_014987,True,
vcm_val_014989,True,
vcm_val_014991,True,
vcm_val_014993,True,
vcm_val_014995,False,qa_flagged
vcm_val_014997,True,
vcm_val_014999,True,
vcm_val_015001,True,
vcm_val_015003,True,
vcm_val_015005,False,qa_flagged
vcm_val_015007,True,
vcm_val_015009,True,
vcm_val_015011,True,
vcm_val_015013,True,
vcm_val_015015,True,
vcm_val_015017,True,
vcm_val_015019,True,
vcm_val_015021,True,
vcm_val_015023,True,
vcm_val_015025,True,
vcm_val_015027,True,
vcm_val_015029,True,
vcm_val_015031,True,
vcm_val_015033,True,
vcm_val_015035,False,qa_flagged
vcm_val_015037,False,qa_flagged
vcm_val_015039,True,
vcm_val_015041,True,
vcm_val_015043,True,
vcm_val_015045,True,
vcm_val_015047,True,
vcm_val_015049,True,
vcm_val_015051,True,
vcm_val_015053,True,
vcm_val_015055,True,
vcm_val_015057,True,
vcm_val_015059,True,
vcm_val_015061,True,
vcm_val_015063,True,
vcm_val_015065,False,qa_flagged
vcm_val_015067,True,
vcm_val_015069,True,
vcm_val_015071,True,
vcm_val_015073,False,qa_flagged
vcm_val_015075,False,qa_flagged
vcm_val_015077,False,qa_flagged
vcm_val_015079,True,
vcm_val_015081,True,
vcm_val_015083,False,qa_flagged
vcm_val_015085,True,
vcm_val_015087,True,
vcm_val_015089,True,
vcm_val_015091,True,
vcm_val_015093,True,
vcm_val_015095,True,
vcm_val_015097,True,
vcm_val_015099,True,
vcm_val_015101,True,
vcm_val_015103,True,
vcm_val_015105,True,
vcm_val_015107,True,
vcm_val_015109,True,
vcm_val_015111,True,
vcm_val_015113,True,
vcm_val_015115,True,
vcm_val_015117,True,
vcm_val_015119,True,
vcm_val_015121,True,
vcm_val_015123,True,
vcm_val_015125,True,
vcm_val_015127,True,
vcm_val_015129,True,
vcm_val_015131,True,
vcm_val_015133,True,
vcm_val_015135,True,
vcm_val_015137,True,
vcm_val_015139,True,
vcm_val_015141,True,
vcm_val_015143,True,
vcm_val_015145,True,
vcm_val_015147,True,
vcm_val_015149,True,
vcm_val_015151,False,qa_flagged
vcm_val_015153,True,
vcm_val_015155,True,
vcm_val_015157,True,
vcm_val_015159,True,
vcm_val_015161,True,
vcm_val_015163,True,
vcm_val_015165,True,
vcm_val_015167,False,qa_flagged
vcm_val_015169,True,
vcm_val_015171,True,
vcm_val_015173,True,
vcm_val_015175,True,
vcm_val_015177,True,
vcm_val_015179,True,
vcm_val_015181,True,
vcm_val_015183,True,
vcm_val_015185,True,
vcm_val_015187,True,
vcm_val_015189,True,
vcm_val_015191,True,
vcm_val_015193,True,
vcm_val_015195,False,qa_flagged
vcm_val_015197,True,
vcm_val_015199,False,qa_flagged
vcm_val_015201,False,qa_flagged
vcm_val_015203,False,qa_flagged
vcm_val_015205,True,
vcm_val_015207,True,
vcm_val_015209,True,
vcm_val_015211,True,
vcm_val_015213,True,
vcm_val_015215,True,
vcm_val_015217,True,
vcm_val_015219,True,
vcm_val_015221,True,
vcm_val_015223,True,
vcm_val_015225,True,
vcm_val_015227,True,
vcm_val_015229,True,
vcm_val_015231,True,
vcm_val_015233,False,qa_flagged
vcm_val_015235,False,qa_flagged
vcm_val_015237,True,
vcm_val_015239,True,
vcm_val_015241,False,qa_flagged
vcm_val_015243,False,qa_flagged
vcm_val_015245,True,
vcm_val_015247,True,
vcm_val_015249,True,
vcm_val_015251,True,
vcm_val_015253,True,
vcm_val_015255,False,qa_flagged
vcm_val_015257,True,
vcm_val_015259,True,
vcm_val_015261,True,
vcm_val_015263,False,qa_flagged
vcm_val_015265,True,
vcm_val_015267,True,
vcm_val_015269,True,
vcm_val_015271,True,
vcm_val_015273,True,
vcm_val_015275,True,
vcm_val_015277,True,
vcm_val_015279,False,qa_flagged
vcm_val_015281,True,
vcm_val_015283,True,
vcm_val_015285,True,
vcm_val_015287,True,
vcm_val_015289,True,
vcm_val_015291,True,
vcm_val_015293,True,
vcm_val_015295,False,qa_flagged
vcm_val_015297,True,
vcm_val_015299,True,
vcm_val_015301,True,
vcm_val_015303,True,
vcm_val_015305,True,
vcm_val_015307,True,
vcm_val_015309,False,qa_flagged
vcm_val_015311,True,
vcm_val_015313,True,
vcm_val_015315,True,
vcm_val_015317,True,
vcm_val_015319,True,
vcm_val_015321,True,
vcm_val_015323,True,
vcm_val_015325,True,
vcm_val_015327,True,
vcm_val_015329,True,
vcm_val_015331,True,
vcm_val_015333,True,
vcm_val_015335,True,
vcm_val_015337,True,
vcm_val_015339,True,
vcm_val_015341,False,qa_flagged
vcm_val_015343,True,
vcm_val_015345,True,
vcm_val_015347,True,
vcm_val_015349,True,
vcm_val_015351,True,
vcm_val_015353,True,
vcm_val_015355,True,
vcm_val_015357,True,
vcm_val_015359,True,
vcm_val_015361,True,
vcm_val_015363,True,
vcm_val_015365,True,
vcm_val_015367,True,
vcm_val_015369,True,
vcm_val_015371,True,
vcm_val_015373,True,
vcm_val_015375,False,qa_flagged
vcm_val_015377,True,
vcm_val_015379,True,
vcm_val_015381,True,
vcm_val_015383,True,
vcm_val_015385,True,
vcm_val_015387,False,qa_flagged
vcm_val_015389,True,
vcm_val_015391,True,
vcm_test_015393,True,
vcm_test_015395,True,
vcm_test_015397,True,
vcm_test_015399,True,
vcm_test_015401,True,
vcm_test_015403,True,
vcm_test_015405,True,
vcm_test_015407,True,
vcm_test_015409,True,
vcm_test_015411,True,
vcm_test_015413,True,
vcm_test_015415,True,
vcm_test_015417,True,
vcm_test_015419,True,
vcm_test_015421,True,
vcm_test_015423,False,qa_flagged
vcm_test_015425,True,
vcm_test_015427,False,qa_flagged
vcm_test_015429,True,
vcm_test_015431,True,
vcm_test_015433,True,
vcm_test_015435,True,
vcm_test_015437,True,
vcm_test_015439,True,
vcm_test_015441,True,
vcm_test_015443,True,
vcm_test_015445,False,qa_flagged
vcm_test_015447,True,
vcm_test_015449,True,
vcm_test_015451,True,
vcm_test_015453,True,
vcm_test_015455,True,
vcm_test_015457,True,
vcm_test_015459,True,
vcm_test_015461,True,
vcm_test_015463,True,
vcm_test_015465,True,
vcm_test_015467,True,
vcm_test_015469,True,
vcm_test_015471,True,
vcm_test_015473,True,
vcm_test_015475,True,
vcm_test_015477,True,
vcm_test_015479,False,qa_flagged
vcm_test_015481,True,
vcm_test_015483,False,qa_flagged
vcm_test_015485,False,qa_flagged
vcm_test_015487,True,
vcm_test_015489,True,
vcm_test_015491,True,
vcm_test_015493,True,
vcm_test_015495,False,qa_flagged
vcm_test_015497,True,
vcm_test_015499,True,
vcm_test_015501,True,
vcm_test_015503,True,
vcm_test_015505,True,
vcm_test_015507,True,
vcm_test_015509,True,
vcm_test_015511,True,
vcm_test_015513,True,
vcm_test_015515,True,
vcm_test_015517,False,qa_flagged
vcm_test_015519,True,
vcm_test_015521,True,
vcm_test_015523,False,qa_flagged
vcm_test_015525,True,
vcm_test_015527,True,
vcm_test_015529,True,
vcm_test_015531,True,
vcm_test_015533,True,
vcm_test_015535,True,
vcm_test_015537,True,
vcm_test_015539,True,
vcm_test_015541,True,
vcm_test_015543,True,
vcm_test_015545,True,
vcm_test_015547,True,
vcm_test_015549,True,
vcm_test_015551,True,
vcm_test_015553,False,qa_flagged
vcm_test_015555,True,
vcm_test_015557,True,
vcm_test_015559,False,qa_flagged
vcm_test_015561,True,
vcm_test_015563,True,
vcm_test_015565,True,
vcm_test_015567,True,
vcm_test_015569,True,
vcm_test_015571,True,
vcm_test_015573,True,
vcm_test_015575,True,
vcm_test_015577,True,
vcm_test_015579,True,
vcm_test_015581,False,qa_flagged
vcm_test_015583,True,
vcm_test_015585,True,
vcm_test_015587,True,
vcm_test_015589,True,
vcm_test_015591,False,qa_flagged
vcm_test_015593,True,
vcm_test_015595,True,
vcm_test_015597,True,
vcm_test_015599,True,
vcm_test_015601,True,
vcm_test_015603,True,
vcm_test_015605,True,
vcm_test_015607,True,
vcm_test_015609,True,
vcm_test_015611,True,
vcm_test_015613,True,
vcm_test_015615,True,
vcm_test_015617,True,
vcm_test_015619,True,
vcm_test_015621,True,
vcm_test_015623,True,
vcm_test_015625,True,
vcm_test_015627,True,
vcm_test_015629,False,qa_flagged
vcm_test_015631,True,
vcm_test_015633,True,
vcm_test_015635,True,
vcm_test_015637,True,
vcm_test_015639,True,
vcm_test_015641,True,
vcm_test_015643,False,qa_flagged
vcm_test_015645,True,
vcm_test_015647,True,
vcm_test_015649,True,
vcm_test_015651,True,
vcm_test_015653,True,
vcm_test_015655,True,
vcm_test_015657,True,
vcm_test_015659,True,
vcm_test_015661,True,
vcm_test_015663,False,qa_flagged
vcm_test_015665,True,
vcm_test_015667,True,
vcm_test_015669,True,
vcm_test_015671,False,qa_flagged
vcm_test_015673,True,
vcm_test_015675,True,
vcm_test_015677,True,
vcm_test_015679,False,qa_flagged
vcm_test_015681,True,
vcm_test_015683,True,
vcm_test_015685,True,
vcm_test_015687,True,
vcm_test_015689,False,qa_flagged
vcm_test_015691,False,qa_flagged
vcm_test_015693,True,
vcm_test_015695,True,
vcm_test_015697,True,
vcm_test_015699,True,
vcm_test_015701,True,
vcm_test_015703,True,
vcm_test_015705,True,
vcm_test_015707,True,
vcm_test_015709,True,
vcm_test_015711,True,
vcm_test_015713,True,
vcm_test_015715,True,
vcm_test_015717,True,
vcm_test_015719,True,
vcm_test_015721,True,
vcm_test_015723,True,
vcm_test_015725,True,
vcm_test_015727,True,
vcm_test_015729,True,
vcm_test_015731,True,
vcm_test_015733,False,qa_flagged
vcm_test_015735,True,
vcm_test_015737,True,
vcm_test_015739,True,
vcm_test_015741,True,
vcm_test_015743,True,
vcm_test_015745,True,
vcm_test_015747,True,
vcm_test_015749,True,
vcm_test_015751,True,
vcm_test_015753,True,
vcm_test_015755,True,
vcm_test_015757,True,
vcm_test_015759,True,
vcm_test_015761,True,
vcm_test_015763,False,qa_flagged
vcm_test_015765,False,qa_flagged
vcm_test_015767,True,
vcm_test_015769,True,
vcm_test_015771,True,
vcm_test_015773,True,
vcm_test_015775,True,
vcm_test_015777,True,
vcm_test_015779,True,
vcm_test_015781,True,
vcm_test_015783,True,
vcm_test_015785,True,
vcm_test_015787,True,
vcm_test_015789,True,
vcm_test_015791,True,
vcm_test_015793,True,
vcm_test_015795,True,
vcm_test_015797,False,qa_flagged
vcm_test_015799,True,
vcm_test_015801,True,
vcm_test_015803,True,
vcm_test_015805,True,
vcm_test_015807,True,
vcm_test_015809,True,
vcm_test_015811,True,
vcm_test_015813,True,
vcm_test_015815,True,
vcm_test_015817,True,
vcm_test_015819,True,
vcm_test_015821,True,
vcm_test_015823,True,
vcm_test_015825,True,
vcm_test_015827,True,
vcm_test_015829,True,
vcm_test_015831,True,
vcm_test_015833,True,
vcm_test_015835,True,
vcm_test_015837,True,
vcm_test_015839,True,
vcm_test_015841,True,
vcm_test_015843,True,
vcm_test_015845,True,
vcm_test_015847,True,
vcm_test_015849,True,
vcm_test_015851,True,
vcm_test_015853,True,
vcm_test_015855,True,
vcm_test_015857,True,
vcm_test_015859,True,
vcm_test_015861,True,
vcm_test_015863,True,
vcm_test_015865,True,
vcm_test_015867,True,
vcm_test_015869,True,
vcm_test_015871,True,
vcm_test_015873,True,
vcm_test_015875,True,
vcm_test_015877,True,
vcm_test_015879,True,
vcm_test_015881,True,
vcm_test_015883,True,
vcm_test_015885,True,
vcm_test_015887,True,
vcm_test_015889,True,
vcm_test_015891,True,
vcm_test_015893,True,
vcm_test_015895,True,
vcm_test_015897,True,
vcm_test_015899,True,
vcm_test_015901,True,
vcm_test_015903,True,
vcm_test_015905,True,
vcm_test_015907,False,qa_flagged
vcm_test_015909,True,
vcm_test_015911,True,
vcm_test_015913,True,
vcm_test_015915,True,
vcm_test_015917,True,
vcm_test_015919,False,qa_flagged
vcm_test_015921,True,
vcm_test_015923,True,
vcm_test_015925,True,
vcm_test_015927,True,
vcm_test_015929,True,
vcm_test_015931,True,
vcm_test_015933,True,
vcm_test_015935,True,
vcm_test_015937,True,
vcm_test_015939,True,
vcm_test_015941,True,
vcm_test_015943,True,
vcm_test_015945,True,
vcm_test_015947,True,
vcm_test_015949,True,
vcm_test_015951,True,
vcm_test_015953,True,
vcm_test_015955,False,qa_flagged
vcm_test_015957,True,
vcm_test_015959,True,
vcm_test_015961,True,
vcm_test_015963,False,qa_flagged
vcm_test_015965,True,
vcm_test_015967,False,qa_flagged
vcm_test_015969,True,
vcm_test_015971,True,
vcm_test_015973,True,
vcm_test_015975,True,
vcm_test_015977,False,qa_flagged
vcm_test_015979,True,
vcm_test_015981,True,
vcm_test_015983,False,qa_flagged
vcm_test_015985,True,
vcm_test_015987,True,
vcm_test_015989,True,
vcm_test_015991,True,
vcm_test_015993,True,
vcm_test_015995,True,
vcm_test_015997,False,qa_flagged
vcm_test_015999,True,
vcm_test_016001,False,qa_flagged
vcm_test_016003,True,
vcm_test_016005,True,
vcm_test_016007,False,qa_flagged
vcm_test_016009,True,
vcm_test_016011,True,
vcm_test_016013,True,
vcm_test_016015,True,
vcm_test_016017,True,
vcm_test_016019,True,
vcm_test_016021,True,
vcm_test_016023,True,
vcm_test_016025,True,
vcm_test_016027,True,
vcm_test_016029,True,
vcm_test_016031,True,
vcm_test_016033,True,
vcm_test_016035,True,
vcm_test_016037,True,
vcm_test_016039,False,qa_flagged
vcm_test_016041,False,qa_flagged
vcm_test_016043,True,
vcm_test_016045,True,
vcm_test_016047,True,
vcm_test_016049,False,qa_flagged
vcm_test_016051,True,
vcm_test_016053,False,qa_flagged
vcm_test_016055,True,
vcm_test_016057,True,
vcm_test_016059,True,
vcm_test_016061,True,
vcm_test_016063,True,
vcm_test_016065,True,
vcm_test_016067,True,
vcm_test_016069,True,
vcm_test_016071,True,
vcm_test_016073,True,
vcm_test_016075,True,
vcm_test_016077,True,
vcm_test_016079,True,
vcm_test_016081,True,
vcm_test_016083,True,
vcm_test_016085,False,qa_flagged
vcm_test_016087,True,
vcm_test_016089,True,
vcm_test_016091,True,
vcm_test_016093,False,qa_flagged
vcm_test_016095,True,
vcm_test_016097,True,
vcm_test_016099,True,
vcm_test_016101,True,
vcm_test_016103,True,
vcm_test_016105,True,
vcm_test_016107,False,qa_flagged
vcm_test_016109,True,
vcm_test_016111,True,
vcm_test_016113,True,
vcm_test_016115,True,
vcm_test_016117,True,
vcm_test_016119,True,
vcm_test_016121,True,
vcm_test_016123,True,
vcm_test_016125,True,
vcm_test_016127,True,
vcm_test_016129,True,
vcm_test_016131,True,
vcm_test_016133,True,
vcm_test_016135,True,
vcm_test_016137,False,qa_flagged
vcm_test_016139,True,
vcm_test_016141,True,
vcm_test_016143,True,
vcm_test_016145,True,
vcm_test_016147,True,
vcm_test_016149,True,
vcm_test_016151,True,
vcm_test_016153,False,qa_flagged
vcm_test_016155,False,qa_flagged
vcm_test_016157,True,
vcm_test_016159,True,
vcm_test_016161,True,
vcm_test_016163,True,
vcm_test_016165,True,
vcm_test_016167,True,
vcm_test_016169,False,qa_flagged
vcm_test_016171,True,
vcm_test_016173,True,
vcm_test_016175,True,
vcm_test_016177,True,
vcm_test_016179,True,
vcm_test_016181,True,
vcm_test_016183,True,
vcm_test_016185,True,
vcm_test_016187,False,qa_flagged
vcm_test_016189,True,
vcm_test_016191,True,
vcm_test_016193,True,
vcm_test_016195,True,
vcm_test_016197,True,
vcm_test_016199,True,
vcm_test_016201,True,
vcm_test_016203,True,
vcm_test_016205,True,
vcm_test_016207,True,
vcm_test_016209,True,
vcm_test_016211,True,
vcm_test_016213,True,
vcm_test_016215,True,
vcm_test_016217,True,
vcm_test_016219,True,
vcm_test_016221,True,
vcm_test_016223,True,
vcm_test_016225,False,qa_flagged
vcm_test_016227,True,
vcm_test_016229,True,
vcm_test_016231,True,
vcm_test_016233,True,
vcm_test_016235,True,
vcm_test_016237,True,
vcm_test_016239,False,qa_flagged
vcm_test_016241,True,
vcm_test_016243,True,
vcm_test_016245,True,
vcm_test_016247,True,
vcm_test_016249,True,
vcm_test_016251,True,
vcm_test_016253,True,
vcm_test_016255,False,qa_flagged
vcm_test_016257,True,
vcm_test_016259,False,qa_flagged
vcm_test_016261,True,
vcm_test_016263,False,qa_flagged
vcm_test_016265,True,
vcm_test_016267,True,
vcm_test_016269,True,
vcm_test_016271,True,
vcm_test_016273,True,
vcm_test_016275,True,
vcm_test_016277,True,
vcm_test_016279,True,
vcm_test_016281,True,
vcm_test_016283,True,
vcm_test_016285,True,
vcm_test_016287,True,
vcm_test_016289,True,
vcm_test_016291,True,
vcm_test_016293,True,
vcm_test_016295,True,
vcm_test_016297,True,
vcm_test_016299,True,
vcm_test_016301,True,
vcm_test_016303,True,
vcm_test_016305,True,
vcm_test_016307,True,
vcm_test_016309,True,
vcm_test_016311,True,
vcm_test_016313,True,
vcm_test_016315,True,
vcm_test_016317,True,
vcm_test_016319,True,
vcm_test_016321,True,
vcm_test_016323,True,
vcm_test_016325,True,
vcm_test_016327,False,qa_flagged
vcm_test_016329,True,
vcm_test_016331,True,
vcm_test_016333,True,
vcm_test_016335,True,
vcm_test_016337,True,
vcm_test_016339,True,
vcm_test_016341,True,
vcm_test_016343,True,
vcm_test_016345,False,qa_flagged
vcm_test_016347,True,
vcm_test_016349,True,
vcm_test_016351,True,
vcm_test_016353,True,
vcm_test_016355,True,
vcm_test_016357,True,
vcm_test_016359,True,
vcm_test_016361,True,
vcm_test_016363,True,
vcm_test_016365,True,
vcm_test_016367,False,qa_flagged
vcm_test_016369,True,
vcm_test_016371,False,qa_flagged
vcm_test_016373,True,
vcm_test_016375,False,qa_flagged
vcm_test_016377,True,
vcm_test_016379,True,
vcm_test_016381,True,
vcm_test_016383,True,
vcm_test_016385,True,
vcm_test_016387,True,
vcm_test_016389,True,
vcm_test_016391,True,
vcm_test_016393,True,
vcm_test_016395,True,
vcm_test_016397,True,
vcm_test_016399,True,
vcm_test_016401,True,
vcm_test_016403,True,
vcm_test_016405,True,
vcm_test_016407,True,
vcm_test_016409,True,
vcm_test_016411,True,
vcm_test_016413,True,
vcm_test_016415,True,
vcm_test_016417,True,
vcm_test_016419,True,
vcm_test_016421,True,
vcm_test_016423,True,
vcm_test_016425,False,qa_flagged
vcm_test_016427,True,
vcm_test_016429,True,
vcm_test_016431,False,qa_flagged
vcm_test_016433,True,
vcm_test_016435,False,qa_flagged
vcm_test_016437,True,
vcm_test_016439,True,
vcm_test_016441,False,qa_flagged
vcm_test_016443,True,
vcm_test_016445,True,
vcm_test_016447,True,
vcm_test_016449,True,
vcm_test_016451,True,
vcm_test_016453,True,
vcm_test_016455,True,
vcm_test_016457,True,
vcm_test_016459,True,
vcm_test_016461,True,
vcm_test_016463,True,
vcm_test_016465,True,
vcm_test_016467,True,
vcm_test_016469,True,
vcm_test_016471,True,
vcm_test_016473,True,
vcm_test_016475,True,
vcm_test_016477,True,
vcm_test_016479,False,qa_flagged
vcm_test_016481,True,
vcm_test_016483,False,qa_flagged
vcm_test_016485,True,
vcm_test_016487,True,
vcm_test_016489,True,
vcm_test_016491,True,
vcm_test_016493,True,
vcm_test_016495,True,
vcm_test_016497,True,
vcm_test_016499,True,
vcm_test_016501,True,
vcm_test_016503,False,qa_flagged
vcm_test_016505,True,
vcm_test_016507,True,
vcm_test_016509,True,
vcm_test_016511,False,qa_flagged
vcm_test_016513,True,
vcm_test_016515,True,
vcm_test_016517,True,
vcm_test_016519,True,
vcm_test_016521,True,
vcm_test_016523,True,
vcm_test_016525,True,
vcm_test_016527,True,
vcm_test_016529,True,
vcm_test_016531,False,qa_flagged
vcm_test_016533,True,
vcm_test_016535,True,
vcm_test_016537,True,
vcm_test_016539,True,
vcm_test_016541,True,
vcm_test_016543,True,
vcm_test_016545,True,
vcm_test_016547,False,qa_flagged
vcm_test_016549,False,qa_flagged
vcm_test_016551,False,qa_flagged
vcm_test_016553,True,
vcm_test_016555,True,
vcm_test_016557,True,
vcm_test_016559,True,
vcm_test_016561,False,qa_flagged
vcm_test_016563,True,
vcm_test_016565,True,
vcm_test_016567,True,
vcm_test_016569,True,
vcm_test_016571,True,
vcm_test_016573,True,
vcm_test_016575,True,
vcm_test_016577,False,qa_flagged
vcm_test_016579,True,
vcm_test_016581,True,
vcm_test_016583,True,
vcm_test_016585,True,
vcm_test_016587,False,qa_flagged
vcm_test_016589,True,
vcm_test_016591,True,
vcm_test_016593,True,
vcm_test_016595,True,
vcm_test_016597,True,
vcm_test_016599,True,
vcm_test_016601,True,
vcm_test_016603,True,
vcm_test_016605,True,
vcm_test_016607,False,qa_flagged
vcm_test_016609,True,
vcm_test_016611,True,
vcm_test_016613,False,qa_flagged
vcm_test_016615,False,qa_flagged
vcm_test_016617,False,qa_flagged
vcm_test_016619,True,
vcm_test_016621,True,
vcm_test_016623,True,
vcm_test_016625,True,
vcm_test_016627,True,
vcm_test_016629,True,
vcm_test_016631,False,qa_flagged
vcm_test_016633,True,
vcm_test_016635,True,
vcm_test_016637,True,
vcm_test_016639,True,
vcm_test_016641,False,qa_flagged
vcm_test_016643,True,
vcm_test_016645,True,
vcm_test_016647,False,qa_flagged
vcm_test_016649,True,
vcm_test_016651,True,
vcm_test_016653,True,
vcm_test_016655,True,
vcm_test_016657,True,
vcm_test_016659,True,
vcm_test_016661,True,
vcm_test_016663,True,
vcm_test_016665,True,
vcm_test_016667,True,
vcm_test_016669,True,
vcm_test_016671,True,
vcm_test_016673,True,
vcm_test_016675,True,
vcm_test_016677,True,
vcm_test_016679,True,
vcm_test_016681,True,
vcm_test_016683,True,
vcm_test_016685,True,
vcm_test_016687,True,
vcm_test_016689,True,
vcm_test_016691,True,
vcm_test_016693,True,
vcm_test_016695,True,
vcm_test_016697,True,
vcm_test_016699,False,qa_flagged
vcm_test_016701,True,
vcm_test_016703,True,
vcm_test_016705,True,
vcm_test_016707,True,
vcm_test_016709,True,
vcm_test_016711,True,
vcm_test_016713,True,
vcm_test_016715,True,
vcm_test_016717,True,
vcm_test_016719,True,
vcm_test_016721,True,
vcm_test_016723,True,
vcm_test_016725,True,
vcm_test_016727,True,
vcm_test_016729,True,
vcm_test_016731,True,
vcm_test_016733,True,
vcm_test_016735,True,
vcm_test_016737,True,
vcm_test_016739,True,
vcm_test_016741,True,
vcm_test_016743,True,
vcm_test_016745,True,
vcm_test_016747,True,
vcm_test_016749,True,
vcm_test_016751,True,
vcm_test_016753,True,
vcm_test_016755,True,
vcm_test_016757,True,
vcm_test_016759,True,
vcm_test_016761,True,
vcm_test_016763,True,
vcm_test_016765,True,
vcm_test_016767,True,
vcm_test_016769,True,
vcm_test_016771,True,
vcm_test_016773,True,
vcm_test_016775,True,
vcm_test_016777,True,
vcm_test_016779,False,qa_flagged
vcm_test_016781,True,
vcm_test_016783,True,
vcm_test_016785,True,
vcm_test_016787,True,
vcm_test_016789,True,
vcm_test_016791,True,
vcm_test_016793,True,
vcm_test_016795,True,
vcm_test_016797,True,
vcm_test_016799,True,
vcm_test_016801,True,
vcm_test_016803,True,
vcm_test_016805,True,
vcm_test_016807,True,
vcm_test_016809,False,qa_flagged
vcm_test_016811,True,
vcm_test_016813,True,
vcm_test_016815,True,
vcm_test_016817,False,qa_flagged
vcm_test_016819,True,
vcm_test_016821,True,
vcm_test_016823,True,
vcm_test_016825,True,
vcm_test_016827,True,
vcm_test_016829,True,
vcm_test_016831,True,
vcm_test_016833,True,
vcm_test_016835,True,
vcm_test_016837,True,
vcm_test_016839,True,
vcm_test_016841,True,
vcm_test_016843,True,
vcm_test_016845,True,
vcm_test_016847,True,
vcm_test_016849,True,
vcm_test_016851,False,qa_flagged
vcm_test_016853,True,
vcm_test_016855,True,
vcm_test_016857,True,
vcm_test_016859,True,
vcm_test_016861,True,
vcm_test_016863,True,
vcm_test_016865,True,
vcm_test_016867,True,
vcm_test_016869,True,
vcm_test_016871,True,
vcm_test_016873,True,
vcm_test_016875,True,
vcm_test_016877,True,
vcm_test_016879,True,
vcm_test_016881,True,
vcm_test_016883,True,
vcm_test_016885,True,
vcm_test_016887,True,
vcm_test_016889,True,
vcm_test_016891,False,qa_flagged
vcm_test_016893,True,
vcm_test_016895,True,
vcm_test_016897,True,
vcm_test_016899,True,
vcm_test_016901,True,
vcm_test_016903,True,
vcm_test_016905,True,
vcm_test_016907,True,
vcm_test_016909,True,
vcm_test_016911,True,
vcm_test_016913,True,
vcm_test_016915,True,
vcm_test_016917,False,qa_flagged
vcm_test_016919,True,
vcm_test_016921,False,qa_flagged
vcm_test_016923,False,qa_flagged
vcm_test_016925,True,
vcm_test_016927,True,
vcm_test_016929,True,
vcm_test_016931,True,
vcm_test_016933,True,
vcm_test_016935,True,
vcm_test_016937,True,
vcm_test_016939,True,
vcm_test_016941,True,
vcm_test_016943,True,
vcm_test_016945,True,
vcm_test_016947,True,
vcm_test_016949,True,
vcm_test_016951,True,
vcm_test_016953,False,qa_flagged
vcm_test_016955,False,qa_flagged
vcm_test_016957,True,
vcm_test_016959,True,
vcm_test_016961,True,
vcm_test_016963,True,
vcm_test_016965,True,
vcm_test_016967,True,
vcm_test_016969,True,
vcm_test_016971,True,
vcm_test_016973,True,
vcm_test_016975,True,
vcm_test_016977,True,
vcm_test_016979,True,
vcm_test_016981,True,
vcm_test_016983,True,
vcm_test_016985,True,
vcm_test_016987,False,qa_flagged
vcm_test_016989,True,
vcm_test_016991,False,qa_flagged
vcm_test_016993,True,
vcm_test_016995,True,
vcm_test_016997,True,
vcm_test_016999,True,
vcm_test_017001,True,
vcm_test_017003,True,
vcm_test_017005,True,
vcm_test_017007,True,
vcm_test_017009,True,
vcm_test_017011,True,
vcm_test_017013,True,
vcm_test_017015,True,
vcm_test_017017,False,qa_flagged
vcm_test_017019,False,qa_flagged
vcm_test_017021,False,qa_flagged
vcm_test_017023,True,
vcm_test_017025,True,
vcm_test_017027,True,
vcm_test_017029,True,
vcm_test_017031,True,
vcm_test_017033,True,
vcm_test_017035,True,
vcm_test_017037,False,qa_flagged
vcm_test_017039,True,
vcm_test_017041,True,
vcm_test_017043,True,
vcm_test_017045,True,
vcm_test_017047,True,
vcm_test_017049,True,
vcm_test_017051,True,
vcm_test_017053,True,
vcm_test_017055,True,
vcm_test_017057,True,
vcm_test_017059,True,
vcm_test_017061,True,
vcm_test_017063,True,
vcm_test_017065,False,qa_flagged
vcm_test_017067,True,
vcm_test_017069,True,
vcm_test_017071,True,
vcm_test_017073,True,
vcm_test_017075,True,
vcm_test_017077,True,
vcm_test_017079,True,
vcm_test_017081,True,
vcm_test_017083,True,
vcm_test_017085,True,
vcm_test_017087,True,
vcm_test_017089,True,
vcm_test_017091,True,
vcm_test_017093,True,
vcm_test_017095,True,
vcm_test_017097,True,
vcm_test_017099,True,
vcm_test_017101,False,qa_flagged
vcm_test_017103,True,
vcm_test_017105,True,
vcm_test_017107,True,
vcm_test_017109,True,
vcm_test_017111,False,qa_flagged
vcm_test_017113,False,qa_flagged
vcm_test_017115,True,
vcm_test_017117,True,
vcm_test_017119,True,
vcm_test_017121,True,
vcm_test_017123,True,
vcm_test_017125,True,
vcm_test_017127,True,
vcm_test_017129,True,
vcm_test_017131,True,
vcm_test_017133,True,
vcm_test_017135,True,
vcm_test_017137,True,
vcm_test_017139,True,
vcm_test_017141,False,qa_flagged
vcm_test_017143,True,
vcm_test_017145,True,
vcm_test_017147,True,
vcm_test_017149,True,
vcm_test_017151,True,
vcm_test_017153,False,qa_flagged
vcm_test_017155,True,
vcm_test_017157,True,
vcm_test_017159,False,qa_flagged
vcm_test_017161,True,
vcm_test_017163,True,
vcm_test_017165,True,
vcm_test_017167,False,qa_flagged
vcm_test_017169,True,
vcm_test_017171,True,
vcm_test_017173,False,qa_flagged
vcm_test_017175,True,
vcm_test_017177,True,
vcm_test_017179,True,
vcm_test_017181,True,
vcm_test_017183,True,
vcm_test_017185,True,
vcm_test_017187,True,
vcm_test_017189,True,
vcm_test_017191,False,qa_flagged
vcm_test_017193,True,
vcm_test_017195,True,
vcm_test_017197,True,
vcm_test_017199,True,
vcm_test_017201,True,
vcm_test_017203,True,
vcm_test_017205,True,
vcm_test_017207,True,
vcm_test_017209,True,
vcm_test_017211,True,
vcm_test_017213,False,qa_flagged
vcm_test_017215,True,
vcm_test_017217,False,qa_flagged
vcm_test_017219,True,
vcm_test_017221,True,
vcm_test_017223,False,qa_flagged
vcm_test_017225,True,
vcm_test_017227,True,
vcm_test_017229,True,
vcm_test_017231,True,
vcm_test_017233,True,
vcm_test_017235,True,
vcm_test_017237,True,
vcm_test_017239,True,
vcm_test_017241,True,
vcm_test_017243,True,
vcm_test_017245,True,
vcm_test_017247,True,
vcm_test_017249,True,
vcm_test_017251,True,
vcm_test_017253,True,
vcm_test_017255,False,qa_flagged
vcm_test_017257,True,
vcm_test_017259,False,qa_flagged
vcm_test_017261,True,
vcm_test_017263,True,
vcm_test_017265,True,
vcm_test_017267,True,
vcm_test_017269,True,
vcm_test_017271,True,
wakeword_train_000000,True,
wakeword_train_000002,True,
wakeword_train_000004,True,
wakeword_train_000006,True,
wakeword_train_000008,True,
wakeword_train_000010,True,
wakeword_train_000012,True,
wakeword_train_000014,True,
wakeword_train_000016,True,
wakeword_train_000018,True,
wakeword_train_000020,True,
wakeword_train_000022,True,
wakeword_train_000024,True,
wakeword_train_000026,True,
wakeword_train_000028,True,
wakeword_train_000030,True,
wakeword_train_000032,True,
wakeword_train_000034,True,
wakeword_train_000036,True,
wakeword_train_000038,True,
wakeword_train_000040,True,
wakeword_train_000042,True,
wakeword_train_000044,True,
wakeword_train_000046,True,
wakeword_train_000048,True,
wakeword_train_000050,True,
wakeword_train_000052,True,
wakeword_train_000054,True,
wakeword_train_000056,False,qa_flagged
wakeword_train_000058,True,
wakeword_train_000060,True,
wakeword_train_000062,True,
wakeword_train_000064,True,
wakeword_train_000066,True,
wakeword_train_000068,True,
wakeword_train_000070,True,
wakeword_train_000072,True,
wakeword_train_000074,True,
wakeword_train_000076,True,
wakeword_train_000078,True,
wakeword_train_000080,True,
wakeword_train_000082,True,
wakeword_train_000084,True,
wakeword_train_000086,True,
wakeword_train_000088,True,
wakeword_train_000090,True,
wakeword_train_000092,True,
wakeword_train_000094,True,
wakeword_train_000096,True,
wakeword_train_000098,True,
wakeword_train_000100,True,
wakeword_train_000102,True,
wakeword_train_000104,True,
wakeword_train_000106,True,
wakeword_train_000108,False,qa_flagged
wakeword_train_000110,True,
wakeword_train_000112,True,
wakeword_train_000114,True,
wakeword_train_000116,True,
wakeword_train_000118,True,
wakeword_train_000120,True,
wakeword_train_000122,True,
wakeword_train_000124,True,
wakeword_train_000126,False,qa_flagged
wakeword_train_000128,True,
wakeword_train_000130,False,qa_flagged
wakeword_train_000132,True,
wakeword_train_000134,True,
wakeword_train_000136,True,
wakeword_train_000138,True,
wakeword_train_000140,True,
wakeword_train_000142,True,
wakeword_train_000144,False,qa_flagged
wakeword_train_000146,True,
wakeword_train_000148,True,
wakeword_train_000150,True,
wakeword_train_000152,True,
wakeword_train_000154,True,
wakeword_train_000156,True,
wakeword_train_000158,True,
wakeword_train_000160,True,
wakeword_train_000162,True,
wakeword_train_000164,True,
wakeword_train_000166,True,
wakeword_train_000168,True,
wakeword_train_000170,True,
wakeword_train_000172,True,
wakeword_train_000174,True,
wakeword_train_000176,True,
wakeword_train_000178,True,
wakeword_train_000180,True,
wakeword_train_000182,False,qa_flagged
wakeword_train_000184,True,
wakeword_train_000186,True,
wakeword_train_000188,True,
wakeword_train_000190,True,
wakeword_train_000192,True,
wakeword_train_000194,True,
wakeword_train_000196,True,
wakeword_train_000198,True,
wakeword_train_000200,True,
wakeword_train_000202,True,
wakeword_train_000204,True,
wakeword_train_000206,True,
wakeword_train_000208,True,
wakeword_train_000210,True,
wakeword_train_000212,True,
wakeword_train_000214,True,
wakeword_train_000216,True,
wakeword_train_000218,True,
wakeword_train_000220,True,
wakeword_train_000222,True,
wakeword_train_000224,True,
wakeword_train_000226,True,
wakeword_train_000228,True,
wakeword_train_000230,True,
wakeword_train_000232,True,
wakeword_train_000234,True,
wakeword_train_000236,True,
wakeword_train_000238,False,qa_flagged
wakeword_train_000240,True,
wakeword_train_000242,True,
wakeword_train_000244,False,qa_flagged
wakeword_train_000246,True,
wakeword_train_000248,True,
wakeword_train_000250,True,
wakeword_train_000252,True,
wakeword_train_000254,True,
wakeword_train_000256,True,
wakeword_train_000258,True,
wakeword_train_000260,True,
wakeword_train_000262,True,
wakeword_train_000264,True,
wakeword_train_000266,True,
wakeword_train_000268,True,
wakeword_train_000270,True,
wakeword_train_000272,True,
wakeword_train_000274,True,
wakeword_train_000276,True,
wakeword_train_000278,True,
wakeword_train_000280,True,
wakeword_train_000282,True,
wakeword_train_000284,True,
wakeword_train_000286,True,
wakeword_train_000288,True,
wakeword_train_000290,True,
wakeword_train_000292,True,
wakeword_train_000294,True,
wakeword_train_000296,True,
wakeword_train_000298,True,
wakeword_train_000300,True,
wakeword_train_000302,True,
wakeword_train_000304,True,
wakeword_train_000306,True,
wakeword_train_000308,True,
wakeword_train_000310,True,
wakeword_train_000312,True,
wakeword_train_000314,True,
wakeword_train_000316,True,
wakeword_train_000318,True,
wakeword_train_000320,True,
wakeword_train_000322,True,
wakeword_train_000324,True,
wakeword_train_000326,True,
wakeword_train_000328,False,qa_flagged
wakeword_train_000330,True,
wakeword_train_000332,True,
wakeword_train_000334,True,
wakeword_train_000336,True,
wakeword_train_000338,True,
wakeword_train_000340,True,
wakeword_train_000342,True,
wakeword_train_000344,True,
wakeword_train_000346,True,
wakeword_train_000348,False,qa_flagged
wakeword_train_000350,True,
wakeword_train_000352,False,qa_flagged
wakeword_train_000354,False,qa_flagged
wakeword_train_000356,True,
wakeword_train_000358,False,qa_flagged
wakeword_train_000360,True,
wakeword_train_000362,True,
wakeword_train_000364,True,
wakeword_train_000366,False,qa_flagged
wakeword_train_000368,True,
wakeword_train_000370,True,
wakeword_train_000372,True,
wakeword_train_000374,True,
wakeword_train_000376,True,
wakeword_train_000378,True,
wakeword_train_000380,True,
wakeword_train_000382,True,
wakeword_train_000384,True,
wakeword_train_000386,True,
wakeword_train_000388,True,
wakeword_train_000390,True,
wakeword_train_000392,True,
wakeword_train_000394,True,
wakeword_train_000396,True,
wakeword_train_000398,True,
wakeword_train_000400,True,
wakeword_train_000402,True,
wakeword_train_000404,True,
wakeword_train_000406,True,
wakeword_train_000408,True,
wakeword_train_000410,True,
wakeword_train_000412,True,
wakeword_train_000414,True,
wakeword_train_000416,True,
wakeword_train_000418,True,
wakeword_train_000420,True,
wakeword_train_000422,True,
wakeword_train_000424,True,
wakeword_train_000426,True,
wakeword_train_000428,True,
wakeword_train_000430,True,
wakeword_train_000432,True,
wakeword_train_000434,True,
wakeword_train_000436,True,
wakeword_train_000438,True,
wakeword_train_000440,False,qa_flagged
wakeword_train_000442,True,
wakeword_train_000444,True,
wakeword_train_000446,True,
wakeword_train_000448,True,
wakeword_train_000450,True,
wakeword_train_000452,True,
wakeword_train_000454,True,
wakeword_train_000456,True,
wakeword_train_000458,True,
wakeword_train_000460,False,qa_flagged
wakeword_train_000462,True,
wakeword_train_000464,True,
wakeword_train_000466,True,
wakeword_train_000468,True,
wakeword_train_000470,True,
wakeword_train_000472,True,
wakeword_train_000474,True,
wakeword_train_000476,False,qa_flagged
wakeword_train_000478,True,
wakeword_train_000480,True,
wakeword_train_000482,True,
wakeword_train_000484,True,
wakeword_train_000486,True,
wakeword_train_000488,True,
wakeword_train_000490,True,
wakeword_train_000492,True,
wakeword_train_000494,True,
wakeword_train_000496,True,
wakeword_train_000498,True,
wakeword_train_000500,True,
wakeword_train_000502,True,
wakeword_train_000504,True,
wakeword_train_000506,True,
wakeword_train_000508,False,qa_flagged
wakeword_train_000510,True,
wakeword_train_000512,True,
wakeword_train_000514,True,
wakeword_train_000516,True,
wakeword_train_000518,True,
wakeword_train_000520,True,
wakeword_train_000522,True,
wakeword_train_000524,True,
wakeword_train_000526,True,
wakeword_train_000528,True,
wakeword_train_000530,True,
wakeword_train_000532,True,
wakeword_train_000534,True,
wakeword_train_000536,True,
wakeword_train_000538,True,
wakeword_train_000540,False,qa_flagged
wakeword_train_000542,True,
wakeword_train_000544,False,qa_flagged
wakeword_train_000546,True,
wakeword_train_000548,False,qa_flagged
wakeword_train_000550,False,qa_flagged
wakeword_train_000552,True,
wakeword_train_000554,True,
wakeword_train_000556,True,
wakeword_train_000558,True,
wakeword_train_000560,True,
wakeword_train_000562,True,
wakeword_train_000564,True,
wakeword_train_000566,True,
wakeword_train_000568,True,
wakeword_train_000570,True,
wakeword_train_000572,True,
wakeword_train_000574,True,
wakeword_train_000576,True,
wakeword_train_000578,True,
wakeword_train_000580,True,
wakeword_train_000582,True,
wakeword_train_000584,True,
wakeword_train_000586,True,
wakeword_train_000588,True,
wakeword_train_000590,True,
wakeword_train_000592,False,qa_flagged
wakeword_train_000594,True,
wakeword_train_000596,True,
wakeword_train_000598,True,
wakeword_train_000600,True,
wakeword_train_000602,True,
wakeword_train_000604,True,
wakeword_train_000606,True,
wakeword_train_000608,True,
wakeword_train_000610,True,
wakeword_train_000612,True,
wakeword_train_000614,True,
wakeword_train_000616,True,
wakeword_train_000618,True,
wakeword_train_000620,False,qa_flagged
wakeword_train_000622,True,
wakeword_train_000624,False,qa_flagged
wakeword_train_000626,True,
wakeword_train_000628,True,
wakeword_train_000630,True,
wakeword_train_000632,True,
wakeword_train_000634,True,
wakeword_train_000636,True,
wakeword_train_000638,True,
wakeword_train_000640,True,
wakeword_train_000642,True,
wakeword_train_000644,True,
wakeword_train_000646,True,
wakeword_train_000648,True,
wakeword_train_000650,True,
wakeword_train_000652,True,
wakeword_train_000654,True,
wakeword_train_000656,True,
wakeword_train_000658,False,qa_flagged
wakeword_train_000660,True,
wakeword_train_000662,True,
wakeword_train_000664,True,
wakeword_train_000666,True,
wakeword_train_000668,True,
wakeword_train_000670,True,
wakeword_train_000672,True,
wakeword_train_000674,True,
wakeword_train_000676,True,
wakeword_train_000678,True,
wakeword_train_000680,True,
wakeword_train_000682,True,
wakeword_train_000684,True,
wakeword_train_000686,True,
wakeword_train_000688,True,
wakeword_train_000690,True,
wakeword_train_000692,False,qa_flagged
wakeword_train_000694,True,
wakeword_train_000696,True,
wakeword_train_000698,True,
wakeword_train_000700,True,
wakeword_train_000702,True,
wakeword_train_000704,True,
wakeword_train_000706,True,
wakeword_train_000708,True,
wakeword_train_000710,True,
wakeword_train_000712,False,qa_flagged
wakeword_train_000714,False,qa_flagged
wakeword_train_000716,True,
wakeword_train_000718,True,
wakeword_train_000720,True,
wakeword_train_000722,True,
wakeword_train_000724,True,
wakeword_train_000726,False,qa_flagged
wakeword_train_000728,True,
wakeword_train_000730,False,qa_flagged
wakeword_train_000732,True,
wakeword_train_000734,True,
wakeword_train_000736,True,
wakeword_train_000738,True,
wakeword_train_000740,True,
wakeword_train_000742,False,qa_flagged
wakeword_train_000744,True,
wakeword_train_000746,True,
wakeword_train_000748,True,
wakeword_train_000750,True,
wakeword_train_000752,True,
wakeword_train_000754,True,
wakeword_train_000756,True,
wakeword_train_000758,True,
wakeword_train_000760,True,
wakeword_train_000762,True,
wakeword_train_000764,True,
wakeword_train_000766,True,
wakeword_train_000768,True,
wakeword_train_000770,True,
wakeword_train_000772,True,
wakeword_train_000774,True,
wakeword_train_000776,True,
wakeword_train_000778,True,
wakeword_train_000780,True,
wakeword_train_000782,False,qa_flagged
wakeword_train_000784,True,
wakeword_train_000786,True,
wakeword_train_000788,True,
wakeword_train_000790,True,
wakeword_train_000792,True,
wakeword_train_000794,True,
wakeword_train_000796,True,
wakeword_train_000798,True,
wakeword_train_000800,True,
wakeword_train_000802,True,
wakeword_train_000804,True,
wakeword_train_000806,True,
wakeword_train_000808,True,
wakeword_train_000810,True,
wakeword_train_000812,True,
wakeword_train_000814,False,qa_flagged
wakeword_train_000816,False,qa_flagged
wakeword_train_000818,True,
wakeword_train_000820,False,qa_flagged
wakeword_train_000822,True,
wakeword_train_000824,True,
wakeword_train_000826,True,
wakeword_train_000828,True,
wakeword_train_000830,True,
wakeword_train_000832,True,
wakeword_train_000834,True,
wakeword_train_000836,True,
wakeword_train_000838,True,
wakeword_train_000840,True,
wakeword_train_000842,True,
wakeword_train_000844,True,
wakeword_train_000846,True,
wakeword_train_000848,True,
wakeword_train_000850,True,
wakeword_train_000852,True,
wakeword_train_000854,True,
wakeword_train_000856,True,
wakeword_train_000858,True,
wakeword_train_000860,True,
wakeword_train_000862,True,
wakeword_train_000864,True,
wakeword_train_000866,True,
wakeword_train_000868,True,
wakeword_train_000870,True,
wakeword_train_000872,True,
wakeword_train_000874,True,
wakeword_train_000876,True,
wakeword_train_000878,True,
wakeword_train_000880,True,
wakeword_train_000882,True,
wakeword_train_000884,True,
wakeword_train_000886,True,
wakeword_train_000888,True,
wakeword_train_000890,True,
wakeword_train_000892,True,
wakeword_train_000894,True,
wakeword_train_000896,True,
wakeword_train_000898,True,
wakeword_train_000900,True,
wakeword_train_000902,False,qa_flagged
wakeword_train_000904,True,
wakeword_train_000906,True,
wakeword_train_000908,True,
wakeword_train_000910,True,
wakeword_train_000912,True,
wakeword_train_000914,True,
wakeword_train_000916,True,
wakeword_train_000918,True,
wakeword_train_000920,True,
wakeword_train_000922,True,
wakeword_train_000924,True,
wakeword_train_000926,True,
wakeword_train_000928,True,
wakeword_train_000930,False,qa_flagged
wakeword_train_000932,True,
wakeword_train_000934,True,
wakeword_train_000936,True,
wakeword_train_000938,True,
wakeword_train_000940,True,
wakeword_train_000942,True,
wakeword_train_000944,True,
wakeword_train_000946,True,
wakeword_train_000948,True,
wakeword_train_000950,False,qa_flagged
wakeword_train_000952,True,
wakeword_train_000954,True,
wakeword_train_000956,True,
wakeword_train_000958,False,qa_flagged
wakeword_train_000960,True,
wakeword_train_000962,True,
wakeword_train_000964,True,
wakeword_train_000966,True,
wakeword_train_000968,True,
wakeword_train_000970,True,
wakeword_train_000972,True,
wakeword_train_000974,True,
wakeword_train_000976,True,
wakeword_train_000978,True,
wakeword_train_000980,True,
wakeword_train_000982,True,
wakeword_train_000984,True,
wakeword_train_000986,True,
wakeword_train_000988,True,
wakeword_train_000990,True,
wakeword_train_000992,True,
wakeword_train_000994,True,
wakeword_train_000996,True,
wakeword_train_000998,True,
wakeword_train_001000,True,
wakeword_train_001002,True,
wakeword_train_001004,True,
wakeword_train_001006,True,
wakeword_train_001008,True,
wakeword_train_001010,True,
wakeword_train_001012,True,
wakeword_train_001014,True,
wakeword_train_001016,True,
wakeword_train_001018,True,
wakeword_train_001020,True,
wakeword_train_001022,True,
wakeword_train_001024,True,
wakeword_train_001026,True,
wakeword_train_001028,True,
wakeword_train_001030,True,
wakeword_train_001032,True,
wakeword_train_001034,True,
wakeword_train_001036,False,qa_flagged
wakeword_train_001038,True,
wakeword_train_001040,True,
wakeword_train_001042,True,
wakeword_train_001044,True,
wakeword_train_001046,True,
wakeword_train_001048,True,
wakeword_train_001050,True,
wakeword_train_001052,True,
wakeword_train_001054,False,qa_flagged
wakeword_train_001056,True,
wakeword_train_001058,True,
wakeword_train_001060,False,qa_flagged
wakeword_train_001062,True,
wakeword_train_001064,True,
wakeword_train_001066,False,qa_flagged
wakeword_train_001068,True,
wakeword_train_001070,True,
wakeword_train_001072,True,
wakeword_train_001074,True,
wakeword_train_001076,True,
wakeword_train_001078,True,
wakeword_train_001080,True,
wakeword_train_001082,True,
wakeword_train_001084,True,
wakeword_train_001086,False,qa_flagged
wakeword_train_001088,True,
wakeword_train_001090,True,
wakeword_train_001092,True,
wakeword_train_001094,True,
wakeword_train_001096,True,
wakeword_train_001098,True,
wakeword_train_001100,False,qa_flagged
wakeword_train_001102,True,
wakeword_train_001104,True,
wakeword_train_001106,True,
wakeword_train_001108,True,
wakeword_train_001110,False,qa_flagged
wakeword_train_001112,True,
wakeword_train_001114,True,
wakeword_train_001116,True,
wakeword_train_001118,True,
wakeword_train_001120,True,
wakeword_train_001122,True,
wakeword_train_001124,True,
wakeword_train_001126,True,
wakeword_train_001128,True,
wakeword_train_001130,True,
wakeword_train_001132,True,
wakeword_train_001134,True,
wakeword_train_001136,True,
wakeword_train_001138,True,
wakeword_train_001140,False,qa_flagged
wakeword_train_001142,True,
wakeword_train_001144,False,qa_flagged
wakeword_train_001146,True,
wakeword_train_001148,False,qa_flagged
wakeword_train_001150,True,
wakeword_train_001152,True,
wakeword_train_001154,True,
wakeword_train_001156,True,
wakeword_train_001158,True,
wakeword_train_001160,True,
wakeword_train_001162,True,
wakeword_train_001164,True,
wakeword_train_001166,True,
wakeword_train_001168,True,
wakeword_train_001170,True,
wakeword_train_001172,False,qa_flagged
wakeword_train_001174,True,
wakeword_train_001176,True,
wakeword_train_001178,True,
wakeword_train_001180,True,
wakeword_train_001182,True,
wakeword_train_001184,True,
wakeword_train_001186,True,
wakeword_train_001188,True,
wakeword_train_001190,False,qa_flagged
wakeword_train_001192,True,
wakeword_train_001194,False,qa_flagged
wakeword_train_001196,True,
wakeword_train_001198,True,
wakeword_train_001200,True,
wakeword_train_001202,True,
wakeword_train_001204,True,
wakeword_train_001206,True,
wakeword_train_001208,True,
wakeword_train_001210,True,
wakeword_train_001212,False,qa_flagged
wakeword_train_001214,True,
wakeword_train_001216,True,
wakeword_train_001218,True,
wakeword_train_001220,True,
wakeword_train_001222,True,
wakeword_train_001224,True,
wakeword_train_001226,True,
wakeword_train_001228,True,
wakeword_train_001230,True,
wakeword_train_001232,True,
wakeword_train_001234,True,
wakeword_train_001236,True,
wakeword_train_001238,True,
wakeword_train_001240,True,
wakeword_train_001242,True,
wakeword_train_001244,True,
wakeword_train_001246,True,
wakeword_train_001248,True,
wakeword_train_001250,True,
wakeword_train_001252,True,
wakeword_train_001254,True,
wakeword_train_001256,False,qa_flagged
wakeword_train_001258,True,
wakeword_train_001260,False,qa_flagged
wakeword_train_001262,True,
wakeword_train_001264,True,
wakeword_train_001266,True,
wakeword_train_001268,True,
wakeword_train_001270,True,
wakeword_train_001272,True,
wakeword_train_001274,True,
wakeword_train_001276,True,
wakeword_train_001278,True,
wakeword_train_001280,True,
wakeword_train_001282,True,
wakeword_train_001284,True,
wakeword_train_001286,True,
wakeword_train_001288,True,
wakeword_train_001290,True,
wakeword_train_001292,True,
wakeword_train_001294,True,
wakeword_train_001296,True,
wakeword_train_001298,False,qa_flagged
wakeword_train_001300,True,
wakeword_train_001302,True,
wakeword_train_001304,False,qa_flagged
wakeword_train_001306,True,
wakeword_train_001308,True,
wakeword_train_001310,True,
wakeword_train_001312,True,
wakeword_train_001314,False,qa_flagged
wakeword_train_001316,True,
wakeword_train_001318,False,qa_flagged
wakeword_train_001320,False,qa_flagged
wakeword_train_001322,True,
wakeword_train_001324,True,
wakeword_train_001326,True,
wakeword_train_001328,True,
wakeword_train_001330,True,
wakeword_train_001332,True,
wakeword_train_001334,True,
wakeword_train_001336,True,
wakeword_train_001338,True,
wakeword_train_001340,True,
wakeword_train_001342,True,
wakeword_train_001344,True,
wakeword_train_001346,True,
wakeword_train_001348,True,
wakeword_train_001350,True,
wakeword_train_001352,True,
wakeword_train_001354,True,
wakeword_train_001356,True,
wakeword_train_001358,True,
wakeword_train_001360,False,qa_flagged
wakeword_train_001362,True,
wakeword_train_001364,True,
wakeword_train_001366,True,
wakeword_train_001368,True,
wakeword_train_001370,True,
wakeword_train_001372,True,
wakeword_train_001374,True,
wakeword_train_001376,True,
wakeword_train_001378,True,
wakeword_train_001380,True,
wakeword_train_001382,True,
wakeword_train_001384,True,
wakeword_train_001386,True,
wakeword_train_001388,True,
wakeword_train_001390,True,
wakeword_train_001392,True,
wakeword_train_001394,True,
wakeword_train_001396,True,
wakeword_train_001398,True,
wakeword_train_001400,False,qa_flagged
wakeword_train_001402,True,
wakeword_train_001404,True,
wakeword_train_001406,True,
wakeword_train_001408,True,
wakeword_train_001410,True,
wakeword_train_001412,True,
wakeword_val_001414,False,qa_flagged
wakeword_val_001416,True,
wakeword_val_001418,True,
wakeword_val_001420,True,
wakeword_val_001422,True,
wakeword_val_001424,True,
wakeword_val_001426,True,
wakeword_val_001428,True,
wakeword_val_001430,True,
wakeword_val_001432,True,
wakeword_val_001434,True,
wakeword_val_001436,True,
wakeword_val_001438,True,
wakeword_val_001440,True,
wakeword_val_001442,True,
wakeword_val_001444,False,qa_flagged
wakeword_val_001446,True,
wakeword_val_001448,True,
wakeword_val_001450,True,
wakeword_val_001452,True,
wakeword_val_001454,True,
wakeword_val_001456,True,
wakeword_val_001458,True,
wakeword_val_001460,True,
wakeword_val_001462,False,qa_flagged
wakeword_val_001464,True,
wakeword_val_001466,True,
wakeword_val_001468,False,qa_flagged
wakeword_val_001470,True,
wakeword_val_001472,True,
wakeword_val_001474,True,
wakeword_val_001476,True,
wakeword_val_001478,True,
wakeword_val_001480,True,
wakeword_val_001482,True,
wakeword_val_001484,False,qa_flagged
wakeword_val_001486,True,
wakeword_val_001488,True,
wakeword_val_001490,True,
wakeword_val_001492,True,
wakeword_val_001494,True,
wakeword_val_001496,True,
wakeword_val_001498,True,
wakeword_val_001500,True,
wakeword_val_001502,True,
wakeword_val_001504,False,qa_flagged
wakeword_val_001506,True,
wakeword_val_001508,True,
wakeword_val_001510,True,
wakeword_val_001512,False,qa_flagged
wakeword_val_001514,True,
wakeword_val_001516,True,
wakeword_val_001518,False,qa_flagged
wakeword_val_001520,False,qa_flagged
wakeword_val_001522,True,
wakeword_val_001524,True,
wakeword_val_001526,True,
wakeword_val_001528,True,
wakeword_val_001530,True,
wakeword_val_001532,True,
wakeword_val_001534,True,
wakeword_val_001536,True,
wakeword_val_001538,True,
wakeword_val_001540,True,
wakeword_val_001542,True,
wakeword_val_001544,True,
wakeword_val_001546,True,
wakeword_val_001548,True,
wakeword_val_001550,True,
wakeword_val_001552,False,qa_flagged
wakeword_val_001554,True,
wakeword_val_001556,True,
wakeword_val_001558,True,
wakeword_val_001560,False,qa_flagged
wakeword_val_001562,True,
wakeword_val_001564,True,
wakeword_val_001566,True,
wakeword_val_001568,True,
wakeword_val_001570,True,
wakeword_val_001572,True,
wakeword_val_001574,True,
wakeword_val_001576,True,
wakeword_val_001578,True,
wakeword_val_001580,True,
wakeword_val_001582,True,
wakeword_val_001584,True,
wakeword_val_001586,True,
wakeword_val_001588,True,
wakeword_val_001590,True,
wakeword_val_001592,True,
wakeword_val_001594,True,
wakeword_val_001596,True,
wakeword_val_001598,True,
wakeword_val_001600,True,
wakeword_val_001602,True,
wakeword_val_001604,True,
wakeword_val_001606,True,
wakeword_val_001608,True,
wakeword_val_001610,True,
wakeword_val_001612,True,
wakeword_val_001614,True,
wakeword_val_001616,True,
wakeword_val_001618,True,
wakeword_val_001620,True,
wakeword_val_001622,False,qa_flagged
wakeword_val_001624,True,
wakeword_val_001626,True,
wakeword_val_001628,True,
wakeword_val_001630,True,
wakeword_val_001632,True,
wakeword_val_001634,True,
wakeword_val_001636,True,
wakeword_val_001638,False,qa_flagged
wakeword_val_001640,False,qa_flagged
wakeword_val_001642,False,qa_flagged
wakeword_val_001644,False,qa_flagged
wakeword_val_001646,True,
wakeword_val_001648,True,
wakeword_val_001650,True,
wakeword_val_001652,True,
wakeword_val_001654,True,
wakeword_val_001656,True,
wakeword_val_001658,True,
wakeword_val_001660,True,
wakeword_val_001662,True,
wakeword_val_001664,True,
wakeword_val_001666,True,
wakeword_val_001668,True,
wakeword_val_001670,False,qa_flagged
wakeword_val_001672,True,
wakeword_val_001674,True,
wakeword_val_001676,True,
wakeword_val_001678,True,
wakeword_val_001680,True,
wakeword_val_001682,True,
wakeword_val_001684,True,
wakeword_val_001686,True,
wakeword_val_001688,True,
wakeword_val_001690,True,
wakeword_val_001692,False,qa_flagged
wakeword_val_001694,True,
wakeword_val_001696,True,
wakeword_val_001698,True,
wakeword_val_001700,True,
wakeword_val_001702,True,
wakeword_val_001704,True,
wakeword_val_001706,True,
wakeword_val_001708,True,
wakeword_val_001710,True,
wakeword_val_001712,True,
wakeword_val_001714,True,
wakeword_val_001716,True,
wakeword_val_001718,True,
wakeword_val_001720,True,
wakeword_val_001722,True,
wakeword_val_001724,True,
wakeword_val_001726,True,
wakeword_val_001728,True,
wakeword_val_001730,True,
wakeword_val_001732,True,
wakeword_val_001734,True,
wakeword_val_001736,True,
wakeword_val_001738,True,
wakeword_val_001740,True,
wakeword_val_001742,True,
wakeword_val_001744,True,
wakeword_val_001746,True,
wakeword_val_001748,True,
wakeword_val_001750,True,
wakeword_val_001752,True,
wakeword_val_001754,True,
wakeword_val_001756,True,
wakeword_val_001758,True,
wakeword_val_001760,True,
wakeword_val_001762,True,
wakeword_val_001764,True,
wakeword_val_001766,True,
wakeword_val_001768,True,
wakeword_val_001770,True,
wakeword_val_001772,True,
wakeword_val_001774,False,qa_flagged
wakeword_val_001776,True,
wakeword_val_001778,True,
wakeword_val_001780,True,
wakeword_val_001782,True,
wakeword_val_001784,True,
wakeword_val_001786,True,
wakeword_val_001788,True,
wakeword_val_001790,True,
wakeword_val_001792,True,
wakeword_val_001794,False,qa_flagged
wakeword_val_001796,True,
wakeword_val_001798,True,
wakeword_val_001800,True,
wakeword_val_001802,True,
wakeword_val_001804,True,
wakeword_test_001806,True,
wakeword_test_001808,True,
wakeword_test_001810,True,
wakeword_test_001812,True,
wakeword_test_001814,True,
wakeword_test_001816,True,
wakeword_test_001818,True,
wakeword_test_001820,True,
wakeword_test_001822,True,
wakeword_test_001824,True,
wakeword_test_001826,True,
wakeword_test_001828,True,
wakeword_test_001830,True,
wakeword_test_001832,True,
wakeword_test_001834,True,
wakeword_test_001836,True,
wakeword_test_001838,True,
wakeword_test_001840,True,
wakeword_test_001842,True,
wakeword_test_001844,True,
wakeword_test_001846,True,
wakeword_test_001848,True,
wakeword_test_001850,True,
wakeword_test_001852,True,
wakeword_test_001854,True,
wakeword_test_001856,True,
wakeword_test_001858,True,
wakeword_test_001860,True,
wakeword_test_001862,True,
wakeword_test_001864,True,
wakeword_test_001866,True,
wakeword_test_001868,True,
wakeword_test_001870,False,qa_flagged
wakeword_test_001872,True,
wakeword_test_001874,True,
wakeword_test_001876,True,
wakeword_test_001878,True,
wakeword_test_001880,True,
wakeword_test_001882,True,
wakeword_test_001884,True,
wakeword_test_001886,True,
wakeword_test_001888,True,
wakeword_test_001890,True,
wakeword_test_001892,True,
wakeword_test_001894,True,
wakeword_test_001896,True,
wakeword_test_001898,False,qa_flagged
wakeword_test_001900,True,
wakeword_test_001902,True,
wakeword_test_001904,True,
wakeword_test_001906,True,
wakeword_test_001908,True,
wakeword_test_001910,True,
wakeword_test_001912,True,
wakeword_test_001914,True,
wakeword_test_001916,True,
wakeword_test_001918,True,
wakeword_test_001920,True,
wakeword_test_001922,True,
wakeword_test_001924,True,
wakeword_test_001926,True,
wakeword_test_001928,False,qa_flagged
wakeword_test_001930,True,
wakeword_test_001932,True,
wakeword_test_001934,True,
wakeword_test_001936,True,
wakeword_test_001938,True,
wakeword_test_001940,True,
wakeword_test_001942,True,
wakeword_test_001944,True,
wakeword_test_001946,True,
wakeword_test_001948,False,qa_flagged
wakeword_test_001950,True,
wakeword_test_001952,False,qa_flagged
wakeword_test_001954,True,
wakeword_test_001956,True,
wakeword_test_001958,True,
wakeword_test_001960,True,
wakeword_test_001962,True,
wakeword_test_001964,True,
wakeword_test_001966,True,
wakeword_test_001968,True,
wakeword_test_001970,True,
wakeword_test_001972,False,qa_flagged
wakeword_test_001974,True,
wakeword_test_001976,False,qa_flagged
wakeword_test_001978,True,
wakeword_test_001980,True,
wakeword_test_001982,True,
wakeword_test_001984,True,
wakeword_test_001986,False,qa_flagged
wakeword_test_001988,False,qa_flagged
wakeword_test_001990,True,
wakeword_test_001992,True,
wakeword_test_001994,True,
wakeword_test_001996,True,
wakeword_test_001998,True,
wakeword_test_002000,True,
wakeword_test_002002,True,
wakeword_test_002004,True,
wakeword_test_002006,False,qa_flagged
