job_id,model,split,voice_id,text,label,source_row_ref,noisy_target,path,duration,seconds_elapsed,status,speech_start_s,speech_end_s
vcm_train_gap000000,vcm,train,ref_tagalog10,Play some music,PLAY_MUSIC,,0,out/conversions/v2/ai231-fil50/audio/vcm/vcm_train_gap000000.wav,1.840,9.188,ok,,
vcm_train_gap000002,vcm,train,ref_tagalog11,Play some music,PLAY_MUSIC,,0,out/conversions/v2/ai231-fil50/audio/vcm/vcm_train_gap000002.wav,1.960,3.612,ok,,
vcm_train_gap000004,vcm,train,ref_tagalog3,Play some music,PLAY_MUSIC,,0,out/conversions/v2/ai231-fil50/audio/vcm/vcm_train_gap000004.wav,1.760,5.901,ok,,
vcm_train_gap000006,vcm,train,ref_tagalog2,Play some music,PLAY_MUSIC,,0,out/conversions/v2/ai231-fil50/audio/vcm/vcm_train_gap000006.wav,1.640,4.176,ok,,
vcm_train_gap000008,vcm,train,ref_tagalog4,Play some music,PLAY_MUSIC,,0,out/conversions/v2/ai231-fil50/audio/vcm/vcm_train_gap000008.wav,1.400,5.192,ok,,
vcm_train_gap000010,vcm,train,ref_tagalog14,Play some music,PLAY_MUSIC,,0,out/conversions/v2/ai231-fil50/audio/vcm/vcm_train_gap000010.wav,1.640,4.949,ok,,
vcm_train_gap000012,vcm,train,ref_tagalog16,Weather,WEATHER,,0,out/conversions/v2/ai231-fil50/audio/vcm/vcm_train_gap000012.wav,1.600,4.898,ok,,
vcm_train_gap000014,vcm,train,ref_ilonggo1,Weather,WEATHER,,0,out/conversions/v2/ai231-fil50/audio/vcm/vcm_train_gap000014.wav,1.000,4.475,ok,,
vcm_train_gap000016,vcm,train,ref_tagalog5,Weather,WEATHER,,0,out/conversions/v2/ai231-fil50/audio/vcm/vcm_train_gap000016.wav,1.080,5.126,ok,,
vcm_train_gap000018,vcm,train,ref_tagalog7,Weather,WEATHER,,0,out/conversions/v2/ai231-fil50/audio/vcm/vcm_train_gap000018.wav,1.280,4.232,ok,,
vcm_train_gap000020,vcm,train,ref_tagalog9,Weather,WEATHER,,0,out/conversions/v2/ai231-fil50/audio/vcm/vcm_train_gap000020.wav,1.040,4.283,ok,,
vcm_train_gap000022,vcm,train,ref_tagalog1,Weather,WEATHER,,0,out/conversions/v2/ai231-fil50/audio/vcm/vcm_train_gap000022.wav,1.400,4.943,ok,,
vcm_train_gap000024,vcm,train,ref_tagalog13,Weather,WEATHER,,0,out/conversions/v2/ai231-fil50/audio/vcm/vcm_train_gap000024.wav,1.360,4.313,ok,,
vcm_train_gap000026,vcm,train,ref_tagalog8,Weather,WEATHER,,0,out/conversions/v2/ai231-fil50/audio/vcm/vcm_train_gap000026.wav,1.360,4.204,ok,,
vcm_train_gap000028,vcm,train,ref_tagalog15,Weather,WEATHER,,0,out/conversions/v2/ai231-fil50/audio/vcm/vcm_train_gap000028.wav,1.000,4.682,ok,,
vcm_train_gap000030,vcm,train,ref_tagalog12,Weather,WEATHER,,0,out/conversions/v2/ai231-fil50/audio/vcm/vcm_train_gap000030.wav,1.160,4.821,ok,,
vcm_train_gap000032,vcm,train,ref_tagalog6,Weather,WEATHER,,0,out/conversions/v2/ai231-fil50/audio/vcm/vcm_train_gap000032.wav,1.320,4.507,ok,,
vcm_train_gap000034,vcm,train,ref_tagalog10,Weather,WEATHER,,0,out/conversions/v2/ai231-fil50/audio/vcm/vcm_train_gap000034.wav,1.320,4.562,ok,,
vcm_train_gap000036,vcm,train,ref_tagalog11,Weather,WEATHER,,0,out/conversions/v2/ai231-fil50/audio/vcm/vcm_train_gap000036.wav,1.600,3.697,ok,,
vcm_train_gap000038,vcm,train,ref_tagalog3,Weather,WEATHER,,0,out/conversions/v2/ai231-fil50/audio/vcm/vcm_train_gap000038.wav,1.120,4.354,ok,,
vcm_train_gap000040,vcm,train,ref_tagalog2,Weather,WEATHER,,0,out/conversions/v2/ai231-fil50/audio/vcm/vcm_train_gap000040.wav,0.800,4.153,ok,,
vcm_train_gap000042,vcm,train,ref_tagalog4,Weather,WEATHER,,0,out/conversions/v2/ai231-fil50/audio/vcm/vcm_train_gap000042.wav,1.040,4.380,ok,,
vcm_train_gap000044,vcm,train,ref_tagalog14,Weather,WEATHER,,0,out/conversions/v2/ai231-fil50/audio/vcm/vcm_train_gap000044.wav,0.760,4.066,ok,,
vcm_train_gap000046,vcm,train,ref_tagalog16,Weather,WEATHER,,0,out/conversions/v2/ai231-fil50/audio/vcm/vcm_train_gap000046.wav,0.320,3.894,ok,,
vcm_train_gap000048,vcm,train,ref_ilonggo1,Weather,WEATHER,,0,out/conversions/v2/ai231-fil50/audio/vcm/vcm_train_gap000048.wav,1.320,4.615,ok,,
vcm_train_gap000050,vcm,train,ref_tagalog5,Weather,WEATHER,,0,out/conversions/v2/ai231-fil50/audio/vcm/vcm_train_gap000050.wav,0.880,4.090,ok,,
vcm_train_gap000052,vcm,train,ref_tagalog7,Weather,WEATHER,,0,out/conversions/v2/ai231-fil50/audio/vcm/vcm_train_gap000052.wav,1.040,4.784,ok,,
vcm_train_gap000054,vcm,train,ref_tagalog9,Weather,WEATHER,,0,out/conversions/v2/ai231-fil50/audio/vcm/vcm_train_gap000054.wav,1.520,4.847,ok,,
vcm_train_gap000056,vcm,train,ref_tagalog1,Weather,WEATHER,,0,out/conversions/v2/ai231-fil50/audio/vcm/vcm_train_gap000056.wav,1.360,4.808,ok,,
vcm_train_gap000058,vcm,train,ref_tagalog13,What's the weather?,WEATHER,,0,out/conversions/v2/ai231-fil50/audio/vcm/vcm_train_gap000058.wav,1.560,5.129,ok,,
vcm_train_gap000060,vcm,train,ref_tagalog8,What's the weather?,WEATHER,,0,out/conversions/v2/ai231-fil50/audio/vcm/vcm_train_gap000060.wav,1.760,4.752,ok,,
vcm_train_gap000062,vcm,train,ref_tagalog15,What's the weather?,WEATHER,,0,out/conversions/v2/ai231-fil50/audio/vcm/vcm_train_gap000062.wav,2.000,5.458,ok,,
vcm_train_gap000064,vcm,train,ref_tagalog12,What's the weather?,WEATHER,,0,out/conversions/v2/ai231-fil50/audio/vcm/vcm_train_gap000064.wav,2.200,4.718,ok,,
vcm_train_gap000066,vcm,train,ref_tagalog6,Time,TIME,,0,out/conversions/v2/ai231-fil50/audio/vcm/vcm_train_gap000066.wav,0.960,4.489,ok,,
vcm_train_gap000068,vcm,train,ref_tagalog10,Time,TIME,,0,out/conversions/v2/ai231-fil50/audio/vcm/vcm_train_gap000068.wav,1.560,4.960,ok,,
vcm_train_gap000070,vcm,train,ref_tagalog11,Time,TIME,,0,out/conversions/v2/ai231-fil50/audio/vcm/vcm_train_gap000070.wav,1.600,4.212,ok,,
vcm_train_gap000072,vcm,train,ref_tagalog3,Time,TIME,,0,out/conversions/v2/ai231-fil50/audio/vcm/vcm_train_gap000072.wav,1.160,4.840,ok,,
vcm_train_gap000074,vcm,train,ref_tagalog2,Time,TIME,,0,out/conversions/v2/ai231-fil50/audio/vcm/vcm_train_gap000074.wav,0.920,4.758,ok,,
vcm_train_gap000076,vcm,train,ref_tagalog4,Time,TIME,,0,out/conversions/v2/ai231-fil50/audio/vcm/vcm_train_gap000076.wav,0.840,5.290,ok,,
vcm_train_gap000078,vcm,train,ref_tagalog14,Time,TIME,,0,out/conversions/v2/ai231-fil50/audio/vcm/vcm_train_gap000078.wav,0.720,3.781,ok,,
vcm_train_gap000080,vcm,train,ref_tagalog16,Time,TIME,,0,out/conversions/v2/ai231-fil50/audio/vcm/vcm_train_gap000080.wav,1.240,4.620,ok,,
vcm_train_gap000082,vcm,train,ref_ilonggo1,Time,TIME,,0,out/conversions/v2/ai231-fil50/audio/vcm/vcm_train_gap000082.wav,1.480,4.829,ok,,
vcm_train_gap000084,vcm,train,ref_tagalog5,Time,TIME,,0,out/conversions/v2/ai231-fil50/audio/vcm/vcm_train_gap000084.wav,1.440,3.913,ok,,
vcm_train_gap000086,vcm,train,ref_tagalog7,Time,TIME,,0,out/conversions/v2/ai231-fil50/audio/vcm/vcm_train_gap000086.wav,1.200,4.732,ok,,
vcm_train_gap000088,vcm,train,ref_tagalog9,Time,TIME,,0,out/conversions/v2/ai231-fil50/audio/vcm/vcm_train_gap000088.wav,0.840,3.423,ok,,
vcm_train_gap000090,vcm,train,ref_tagalog1,Time,TIME,,0,out/conversions/v2/ai231-fil50/audio/vcm/vcm_train_gap000090.wav,0.600,3.675,ok,,
vcm_train_gap000092,vcm,train,ref_tagalog13,Time,TIME,,0,out/conversions/v2/ai231-fil50/audio/vcm/vcm_train_gap000092.wav,1.200,4.875,ok,,
vcm_train_gap000094,vcm,train,ref_tagalog8,Time,TIME,,0,out/conversions/v2/ai231-fil50/audio/vcm/vcm_train_gap000094.wav,1.600,4.381,ok,,
vcm_train_gap000096,vcm,train,ref_tagalog15,Time,TIME,,0,out/conversions/v2/ai231-fil50/audio/vcm/vcm_train_gap000096.wav,1.560,4.655,ok,,
vcm_train_gap000098,vcm,train,ref_tagalog12,Time,TIME,,0,out/conversions/v2/ai231-fil50/audio/vcm/vcm_train_gap000098.wav,1.600,4.634,ok,,
vcm_train_gap000100,vcm,train,ref_tagalog6,Time,TIME,,0,out/conversions/v2/ai231-fil50/audio/vcm/vcm_train_gap000100.wav,1.280,4.278,ok,,
vcm_train_gap000102,vcm,train,ref_tagalog10,Time,TIME,,0,out/conversions/v2/ai231-fil50/audio/vcm/vcm_train_gap000102.wav,1.600,5.165,ok,,
vcm_train_gap000104,vcm,train,ref_tagalog11,Time,TIME,,0,out/conversions/v2/ai231-fil50/audio/vcm/vcm_train_gap000104.wav,1.240,4.988,ok,,
vcm_train_gap000106,vcm,train,ref_tagalog3,Time,TIME,,0,out/conversions/v2/ai231-fil50/audio/vcm/vcm_train_gap000106.wav,1.600,4.961,ok,,
vcm_train_gap000108,vcm,train,ref_tagalog2,Time,TIME,,0,out/conversions/v2/ai231-fil50/audio/vcm/vcm_train_gap000108.wav,0.880,3.770,ok,,
vcm_train_gap000110,vcm,train,ref_tagalog4,Time,TIME,,0,out/conversions/v2/ai231-fil50/audio/vcm/vcm_train_gap000110.wav,0.800,4.304,ok,,
vcm_train_gap000112,vcm,train,ref_tagalog14,Time,TIME,,0,out/conversions/v2/ai231-fil50/audio/vcm/vcm_train_gap000112.wav,0.680,4.091,ok,,
vcm_train_gap000114,vcm,train,ref_tagalog16,Time,TIME,,0,out/conversions/v2/ai231-fil50/audio/vcm/vcm_train_gap000114.wav,1.600,4.557,ok,,
vcm_train_gap000116,vcm,train,ref_ilonggo1,Time,TIME,,0,out/conversions/v2/ai231-fil50/audio/vcm/vcm_train_gap000116.wav,1.240,4.155,ok,,
vcm_train_gap000118,vcm,train,ref_tagalog5,Time,TIME,,0,out/conversions/v2/ai231-fil50/audio/vcm/vcm_train_gap000118.wav,1.600,3.875,ok,,
vcm_train_gap000120,vcm,train,ref_tagalog7,Lights on,LIGHT_ON,,0,out/conversions/v2/ai231-fil50/audio/vcm/vcm_train_gap000120.wav,1.240,4.002,ok,,
vcm_train_gap000122,vcm,train,ref_tagalog9,Lights on,LIGHT_ON,,0,out/conversions/v2/ai231-fil50/audio/vcm/vcm_train_gap000122.wav,1.320,3.350,ok,,
vcm_train_gap000124,vcm,train,ref_tagalog1,Lights on,LIGHT_ON,,0,out/conversions/v2/ai231-fil50/audio/vcm/vcm_train_gap000124.wav,1.040,3.525,ok,,
vcm_train_gap000126,vcm,train,ref_tagalog13,Lights on,LIGHT_ON,,0,out/conversions/v2/ai231-fil50/audio/vcm/vcm_train_gap000126.wav,1.160,4.980,ok,,
vcm_train_gap000128,vcm,train,ref_tagalog8,Lights on,LIGHT_ON,,0,out/conversions/v2/ai231-fil50/audio/vcm/vcm_train_gap000128.wav,2.000,4.302,ok,,
vcm_train_gap000130,vcm,train,ref_tagalog15,Power on the lights,LIGHT_ON,,0,out/conversions/v2/ai231-fil50/audio/vcm/vcm_train_gap000130.wav,2.080,5.399,ok,,
vcm_train_gap000132,vcm,train,ref_tagalog12,Power on the lights,LIGHT_ON,,0,out/conversions/v2/ai231-fil50/audio/vcm/vcm_train_gap000132.wav,1.880,5.307,ok,,
vcm_train_gap000134,vcm,train,ref_tagalog6,Lights out,LIGHT_OFF,,0,out/conversions/v2/ai231-fil50/audio/vcm/vcm_train_gap000134.wav,1.360,3.649,ok,,
vcm_train_gap000136,vcm,train,ref_tagalog10,Lights out,LIGHT_OFF,,0,out/conversions/v2/ai231-fil50/audio/vcm/vcm_train_gap000136.wav,1.520,3.838,ok,,
vcm_train_gap000138,vcm,train,ref_tagalog11,Lights out,LIGHT_OFF,,0,out/conversions/v2/ai231-fil50/audio/vcm/vcm_train_gap000138.wav,2.080,4.621,ok,,
vcm_train_gap000140,vcm,train,ref_tagalog3,Lights out,LIGHT_OFF,,0,out/conversions/v2/ai231-fil50/audio/vcm/vcm_train_gap000140.wav,1.680,4.668,ok,,
vcm_train_gap000142,vcm,train,ref_tagalog2,Lights out,LIGHT_OFF,,0,out/conversions/v2/ai231-fil50/audio/vcm/vcm_train_gap000142.wav,1.680,5.746,ok,,
vcm_train_gap000144,vcm,train,ref_tagalog4,Lights out,LIGHT_OFF,,0,out/conversions/v2/ai231-fil50/audio/vcm/vcm_train_gap000144.wav,1.200,3.695,ok,,
vcm_train_gap000146,vcm,train,ref_tagalog14,Lights out,LIGHT_OFF,,0,out/conversions/v2/ai231-fil50/audio/vcm/vcm_train_gap000146.wav,2.160,4.713,ok,,
vcm_train_gap000148,vcm,train,ref_tagalog16,Lights out,LIGHT_OFF,,0,out/conversions/v2/ai231-fil50/audio/vcm/vcm_train_gap000148.wav,1.800,4.638,ok,,
vcm_train_gap000150,vcm,train,ref_ilonggo1,Lights out,LIGHT_OFF,,0,out/conversions/v2/ai231-fil50/audio/vcm/vcm_train_gap000150.wav,1.880,4.526,ok,,
vcm_train_gap000152,vcm,train,ref_tagalog5,Lights out,LIGHT_OFF,,0,out/conversions/v2/ai231-fil50/audio/vcm/vcm_train_gap000152.wav,2.080,8.242,ok,,
vcm_train_gap000154,vcm,train,ref_tagalog7,Lights out,LIGHT_OFF,,0,out/conversions/v2/ai231-fil50/audio/vcm/vcm_train_gap000154.wav,1.680,5.910,ok,,
vcm_train_gap000156,vcm,train,ref_tagalog9,Pause audio,PAUSE,,0,out/conversions/v2/ai231-fil50/audio/vcm/vcm_train_gap000156.wav,1.840,5.686,ok,,
vcm_train_gap000158,vcm,train,ref_tagalog1,Pause audio,PAUSE,,0,out/conversions/v2/ai231-fil50/audio/vcm/vcm_train_gap000158.wav,1.600,5.264,ok,,
vcm_train_gap000160,vcm,train,ref_tagalog13,Pause audio,PAUSE,,0,out/conversions/v2/ai231-fil50/audio/vcm/vcm_train_gap000160.wav,2.400,5.574,ok,,
vcm_train_gap000162,vcm,train,ref_tagalog8,Pause audio,PAUSE,,0,out/conversions/v2/ai231-fil50/audio/vcm/vcm_train_gap000162.wav,1.800,5.350,ok,,
vcm_train_gap000164,vcm,train,ref_tagalog15,Pause audio,PAUSE,,0,out/conversions/v2/ai231-fil50/audio/vcm/vcm_train_gap000164.wav,1.880,10.301,ok,,
vcm_train_gap000166,vcm,train,ref_tagalog12,Pause audio,PAUSE,,0,out/conversions/v2/ai231-fil50/audio/vcm/vcm_train_gap000166.wav,2.320,7.610,ok,,
vcm_train_gap000168,vcm,train,ref_tagalog6,Pause audio,PAUSE,,0,out/conversions/v2/ai231-fil50/audio/vcm/vcm_train_gap000168.wav,1.360,4.876,ok,,
vcm_train_gap000170,vcm,train,ref_tagalog10,Pause audio,PAUSE,,0,out/conversions/v2/ai231-fil50/audio/vcm/vcm_train_gap000170.wav,1.960,6.581,ok,,
vcm_train_gap000172,vcm,train,ref_tagalog11,Pause audio,PAUSE,,0,out/conversions/v2/ai231-fil50/audio/vcm/vcm_train_gap000172.wav,2.400,6.090,ok,,
vcm_train_gap000174,vcm,train,ref_tagalog3,Pause audio,PAUSE,,0,out/conversions/v2/ai231-fil50/audio/vcm/vcm_train_gap000174.wav,2.120,5.734,ok,,
vcm_train_gap000176,vcm,train,ref_tagalog2,Pause audio,PAUSE,,0,out/conversions/v2/ai231-fil50/audio/vcm/vcm_train_gap000176.wav,1.720,6.436,ok,,
vcm_train_gap000178,vcm,train,ref_tagalog4,Pause audio,PAUSE,,0,out/conversions/v2/ai231-fil50/audio/vcm/vcm_train_gap000178.wav,1.520,5.724,ok,,
vcm_train_gap000180,vcm,train,ref_tagalog14,Pause audio,PAUSE,,0,out/conversions/v2/ai231-fil50/audio/vcm/vcm_train_gap000180.wav,1.520,5.307,ok,,
vcm_train_gap000182,vcm,train,ref_tagalog16,Pause audio,PAUSE,,0,out/conversions/v2/ai231-fil50/audio/vcm/vcm_train_gap000182.wav,0.920,5.107,ok,,
vcm_train_gap000184,vcm,train,ref_ilonggo1,Pause audio,PAUSE,,0,out/conversions/v2/ai231-fil50/audio/vcm/vcm_train_gap000184.wav,1.800,5.492,ok,,
vcm_train_gap000186,vcm,train,ref_tagalog5,Pause audio,PAUSE,,0,out/conversions/v2/ai231-fil50/audio/vcm/vcm_train_gap000186.wav,2.280,4.835,ok,,
vcm_train_gap000188,vcm,train,ref_tagalog7,Pause audio,PAUSE,,0,out/conversions/v2/ai231-fil50/audio/vcm/vcm_train_gap000188.wav,1.880,4.948,ok,,
vcm_train_gap000190,vcm,train,ref_tagalog9,Pause audio,PAUSE,,0,out/conversions/v2/ai231-fil50/audio/vcm/vcm_train_gap000190.wav,2.160,6.386,ok,,
vcm_train_gap000192,vcm,train,ref_tagalog1,Pause audio,PAUSE,,0,out/conversions/v2/ai231-fil50/audio/vcm/vcm_train_gap000192.wav,1.000,4.917,ok,,
vcm_train_gap000194,vcm,train,ref_tagalog13,Pause audio,PAUSE,,0,out/conversions/v2/ai231-fil50/audio/vcm/vcm_train_gap000194.wav,2.280,7.300,ok,,
vcm_train_gap000196,vcm,train,ref_tagalog8,Pause audio,PAUSE,,0,out/conversions/v2/ai231-fil50/audio/vcm/vcm_train_gap000196.wav,1.760,4.275,ok,,
vcm_train_gap000198,vcm,train,ref_tagalog15,Pause audio,PAUSE,,0,out/conversions/v2/ai231-fil50/audio/vcm/vcm_train_gap000198.wav,1.960,6.431,ok,,
vcm_train_gap000200,vcm,train,ref_tagalog12,Pause audio,PAUSE,,0,out/conversions/v2/ai231-fil50/audio/vcm/vcm_train_gap000200.wav,1.840,5.301,ok,,
vcm_train_gap000202,vcm,train,ref_tagalog6,Pause audio,PAUSE,,0,out/conversions/v2/ai231-fil50/audio/vcm/vcm_train_gap000202.wav,1.440,5.100,ok,,
vcm_train_gap000204,vcm,train,ref_tagalog10,Pause audio,PAUSE,,0,out/conversions/v2/ai231-fil50/audio/vcm/vcm_train_gap000204.wav,1.800,6.093,ok,,
vcm_train_gap000206,vcm,train,ref_tagalog11,Pause audio,PAUSE,,0,out/conversions/v2/ai231-fil50/audio/vcm/vcm_train_gap000206.wav,1.360,5.366,ok,,
vcm_train_gap000208,vcm,train,ref_tagalog3,Pause audio,PAUSE,,0,out/conversions/v2/ai231-fil50/audio/vcm/vcm_train_gap000208.wav,1.840,6.973,ok,,
vcm_train_gap000210,vcm,train,ref_tagalog2,Pause audio,PAUSE,,0,out/conversions/v2/ai231-fil50/audio/vcm/vcm_train_gap000210.wav,1.600,5.418,ok,,
vcm_train_gap000212,vcm,train,ref_tagalog4,Pause audio,PAUSE,,0,out/conversions/v2/ai231-fil50/audio/vcm/vcm_train_gap000212.wav,1.680,5.884,ok,,
vcm_train_gap000214,vcm,train,ref_tagalog14,Pause audio,PAUSE,,0,out/conversions/v2/ai231-fil50/audio/vcm/vcm_train_gap000214.wav,1.600,6.172,ok,,
vcm_train_gap000216,vcm,train,ref_tagalog16,Pause audio,PAUSE,,0,out/conversions/v2/ai231-fil50/audio/vcm/vcm_train_gap000216.wav,1.440,5.938,ok,,
vcm_train_gap000218,vcm,train,ref_ilonggo1,Pause song,PAUSE,,0,out/conversions/v2/ai231-fil50/audio/vcm/vcm_train_gap000218.wav,1.960,7.243,ok,,
vcm_train_gap000220,vcm,train,ref_tagalog5,Pause song,PAUSE,,0,out/conversions/v2/ai231-fil50/audio/vcm/vcm_train_gap000220.wav,1.640,5.532,ok,,
vcm_train_gap000222,vcm,train,ref_tagalog7,Pause song,PAUSE,,0,out/conversions/v2/ai231-fil50/audio/vcm/vcm_train_gap000222.wav,1.720,7.469,ok,,
vcm_train_gap000224,vcm,train,ref_tagalog9,Pause song,PAUSE,,0,out/conversions/v2/ai231-fil50/audio/vcm/vcm_train_gap000224.wav,1.480,5.090,ok,,
vcm_train_gap000226,vcm,train,ref_tagalog1,Pause song,PAUSE,,0,out/conversions/v2/ai231-fil50/audio/vcm/vcm_train_gap000226.wav,1.040,5.121,ok,,
vcm_train_gap000228,vcm,train,ref_tagalog13,Pause song,PAUSE,,0,out/conversions/v2/ai231-fil50/audio/vcm/vcm_train_gap000228.wav,2.400,6.678,ok,,
vcm_train_gap000230,vcm,train,ref_tagalog8,Pause song,PAUSE,,0,out/conversions/v2/ai231-fil50/audio/vcm/vcm_train_gap000230.wav,1.360,5.420,ok,,
vcm_train_gap000232,vcm,train,ref_tagalog15,Pause song,PAUSE,,0,out/conversions/v2/ai231-fil50/audio/vcm/vcm_train_gap000232.wav,2.240,6.645,ok,,
vcm_train_gap000234,vcm,train,ref_tagalog12,Pause song,PAUSE,,0,out/conversions/v2/ai231-fil50/audio/vcm/vcm_train_gap000234.wav,2.400,5.688,ok,,
vcm_train_gap000236,vcm,train,ref_tagalog6,Pause song,PAUSE,,0,out/conversions/v2/ai231-fil50/audio/vcm/vcm_train_gap000236.wav,1.280,5.264,ok,,
vcm_train_gap000238,vcm,train,ref_tagalog10,Pause song,PAUSE,,0,out/conversions/v2/ai231-fil50/audio/vcm/vcm_train_gap000238.wav,1.440,6.198,ok,,
vcm_train_gap000240,vcm,train,ref_tagalog11,Pause song,PAUSE,,0,out/conversions/v2/ai231-fil50/audio/vcm/vcm_train_gap000240.wav,1.800,5.081,ok,,
vcm_train_gap000242,vcm,train,ref_tagalog3,Pause song,PAUSE,,0,out/conversions/v2/ai231-fil50/audio/vcm/vcm_train_gap000242.wav,2.120,6.900,ok,,
vcm_train_gap000244,vcm,train,ref_tagalog2,Pause song,PAUSE,,0,out/conversions/v2/ai231-fil50/audio/vcm/vcm_train_gap000244.wav,1.400,6.410,ok,,
vcm_train_gap000246,vcm,train,ref_tagalog4,Pause song,PAUSE,,0,out/conversions/v2/ai231-fil50/audio/vcm/vcm_train_gap000246.wav,1.680,6.581,ok,,
vcm_train_gap000248,vcm,train,ref_tagalog14,Pause song,PAUSE,,0,out/conversions/v2/ai231-fil50/audio/vcm/vcm_train_gap000248.wav,1.120,5.094,ok,,
vcm_train_gap000250,vcm,train,ref_tagalog16,Pause song,PAUSE,,0,out/conversions/v2/ai231-fil50/audio/vcm/vcm_train_gap000250.wav,1.360,5.497,ok,,
vcm_train_gap000252,vcm,train,ref_ilonggo1,Pause song,PAUSE,,0,out/conversions/v2/ai231-fil50/audio/vcm/vcm_train_gap000252.wav,1.800,5.907,ok,,
vcm_train_gap000254,vcm,train,ref_tagalog5,Pause song,PAUSE,,0,out/conversions/v2/ai231-fil50/audio/vcm/vcm_train_gap000254.wav,1.920,4.257,ok,,
vcm_train_gap000256,vcm,train,ref_tagalog7,Pause song,PAUSE,,0,out/conversions/v2/ai231-fil50/audio/vcm/vcm_train_gap000256.wav,1.440,6.432,ok,,
vcm_train_gap000258,vcm,train,ref_tagalog9,Pause song,PAUSE,,0,out/conversions/v2/ai231-fil50/audio/vcm/vcm_train_gap000258.wav,2.040,7.244,ok,,
vcm_train_gap000260,vcm,train,ref_tagalog1,Pause song,PAUSE,,0,out/conversions/v2/ai231-fil50/audio/vcm/vcm_train_gap000260.wav,0.720,5.435,ok,,
vcm_train_gap000262,vcm,train,ref_tagalog13,Pause song,PAUSE,,0,out/conversions/v2/ai231-fil50/audio/vcm/vcm_train_gap000262.wav,2.400,7.646,ok,,
vcm_train_gap000264,vcm,train,ref_tagalog8,Pause song,PAUSE,,0,out/conversions/v2/ai231-fil50/audio/vcm/vcm_train_gap000264.wav,1.680,6.787,ok,,
vcm_train_gap000266,vcm,train,ref_tagalog15,Pause song,PAUSE,,0,out/conversions/v2/ai231-fil50/audio/vcm/vcm_train_gap000266.wav,2.200,7.154,ok,,
vcm_train_gap000268,vcm,train,ref_tagalog12,Pause song,PAUSE,,0,out/conversions/v2/ai231-fil50/audio/vcm/vcm_train_gap000268.wav,1.920,6.761,ok,,
vcm_train_gap000270,vcm,train,ref_tagalog6,Pause song,PAUSE,,0,out/conversions/v2/ai231-fil50/audio/vcm/vcm_train_gap000270.wav,1.200,4.493,ok,,
vcm_train_gap000272,vcm,train,ref_tagalog10,Pause song,PAUSE,,0,out/conversions/v2/ai231-fil50/audio/vcm/vcm_train_gap000272.wav,2.400,7.892,ok,,
vcm_train_gap000274,vcm,train,ref_tagalog11,Pause song,PAUSE,,0,out/conversions/v2/ai231-fil50/audio/vcm/vcm_train_gap000274.wav,2.080,7.017,ok,,
vcm_train_gap000276,vcm,train,ref_tagalog3,Pause song,PAUSE,,0,out/conversions/v2/ai231-fil50/audio/vcm/vcm_train_gap000276.wav,2.080,7.461,ok,,
vcm_train_gap000278,vcm,train,ref_tagalog2,Pause song,PAUSE,,0,out/conversions/v2/ai231-fil50/audio/vcm/vcm_train_gap000278.wav,1.480,4.872,ok,,
vcm_train_gap000280,vcm,train,ref_tagalog4,Pause song,PAUSE,,0,out/conversions/v2/ai231-fil50/audio/vcm/vcm_train_gap000280.wav,1.360,5.761,ok,,
vcm_train_gap000282,vcm,train,ref_tagalog14,Pause song,PAUSE,,0,out/conversions/v2/ai231-fil50/audio/vcm/vcm_train_gap000282.wav,1.960,5.992,ok,,
vcm_train_gap000284,vcm,train,ref_tagalog16,Pause song,PAUSE,,0,out/conversions/v2/ai231-fil50/audio/vcm/vcm_train_gap000284.wav,1.240,6.003,ok,,
vcm_train_gap000286,vcm,train,ref_ilonggo1,Pause song,PAUSE,,0,out/conversions/v2/ai231-fil50/audio/vcm/vcm_train_gap000286.wav,1.520,6.973,ok,,
vcm_train_gap000288,vcm,train,ref_tagalog5,Pause song,PAUSE,,0,out/conversions/v2/ai231-fil50/audio/vcm/vcm_train_gap000288.wav,2.400,8.166,ok,,
vcm_train_gap000290,vcm,train,ref_tagalog7,Pause song,PAUSE,,0,out/conversions/v2/ai231-fil50/audio/vcm/vcm_train_gap000290.wav,1.520,6.946,ok,,
vcm_train_gap000292,vcm,train,ref_tagalog9,Pause song,PAUSE,,0,out/conversions/v2/ai231-fil50/audio/vcm/vcm_train_gap000292.wav,1.560,6.259,ok,,
vcm_train_gap000294,vcm,train,ref_tagalog1,Pause song,PAUSE,,0,out/conversions/v2/ai231-fil50/audio/vcm/vcm_train_gap000294.wav,1.120,7.144,ok,,
vcm_train_gap000296,vcm,train,ref_tagalog13,Pause song,PAUSE,,0,out/conversions/v2/ai231-fil50/audio/vcm/vcm_train_gap000296.wav,1.720,6.640,ok,,
vcm_train_gap000298,vcm,train,ref_tagalog8,Pause song,PAUSE,,0,out/conversions/v2/ai231-fil50/audio/vcm/vcm_train_gap000298.wav,2.320,8.115,ok,,
vcm_train_gap000300,vcm,train,ref_tagalog15,Pause song,PAUSE,,0,out/conversions/v2/ai231-fil50/audio/vcm/vcm_train_gap000300.wav,1.880,6.951,ok,,
vcm_train_gap000302,vcm,train,ref_tagalog12,Pause song,PAUSE,,0,out/conversions/v2/ai231-fil50/audio/vcm/vcm_train_gap000302.wav,1.280,7.018,ok,,
vcm_train_gap000304,vcm,train,ref_tagalog6,Pause song,PAUSE,,0,out/conversions/v2/ai231-fil50/audio/vcm/vcm_train_gap000304.wav,1.760,6.108,ok,,
vcm_train_gap000306,vcm,train,ref_tagalog10,Pause song,PAUSE,,0,out/conversions/v2/ai231-fil50/audio/vcm/vcm_train_gap000306.wav,2.400,9.248,ok,,
vcm_train_gap000308,vcm,train,ref_tagalog11,Pause song,PAUSE,,0,out/conversions/v2/ai231-fil50/audio/vcm/vcm_train_gap000308.wav,2.080,6.021,ok,,
vcm_train_gap000310,vcm,train,ref_tagalog3,Pause song,PAUSE,,0,out/conversions/v2/ai231-fil50/audio/vcm/vcm_train_gap000310.wav,2.400,7.795,ok,,
vcm_train_gap000312,vcm,train,ref_tagalog2,Pause song,PAUSE,,0,out/conversions/v2/ai231-fil50/audio/vcm/vcm_train_gap000312.wav,1.440,5.855,ok,,
vcm_train_gap000314,vcm,train,ref_tagalog4,Pause song,PAUSE,,0,out/conversions/v2/ai231-fil50/audio/vcm/vcm_train_gap000314.wav,1.440,6.325,ok,,
vcm_train_gap000316,vcm,train,ref_tagalog14,Pause song,PAUSE,,0,out/conversions/v2/ai231-fil50/audio/vcm/vcm_train_gap000316.wav,1.360,4.671,ok,,
vcm_train_gap000318,vcm,train,ref_tagalog16,Pause song,PAUSE,,0,out/conversions/v2/ai231-fil50/audio/vcm/vcm_train_gap000318.wav,1.080,5.948,ok,,
vcm_train_gap000320,vcm,train,ref_ilonggo1,Pause song,PAUSE,,0,out/conversions/v2/ai231-fil50/audio/vcm/vcm_train_gap000320.wav,2.080,8.397,ok,,
vcm_train_gap000322,vcm,train,ref_tagalog5,Pause song,PAUSE,,0,out/conversions/v2/ai231-fil50/audio/vcm/vcm_train_gap000322.wav,2.120,7.363,ok,,
vcm_train_gap000324,vcm,train,ref_tagalog7,Pause song,PAUSE,,0,out/conversions/v2/ai231-fil50/audio/vcm/vcm_train_gap000324.wav,1.400,7.957,ok,,
vcm_train_gap000326,vcm,train,ref_tagalog9,Pause song,PAUSE,,0,out/conversions/v2/ai231-fil50/audio/vcm/vcm_train_gap000326.wav,1.120,5.843,ok,,
vcm_train_gap000328,vcm,train,ref_tagalog1,Pause song,PAUSE,,0,out/conversions/v2/ai231-fil50/audio/vcm/vcm_train_gap000328.wav,0.800,4.978,ok,,
vcm_train_gap000330,vcm,train,ref_tagalog13,Pause song,PAUSE,,0,out/conversions/v2/ai231-fil50/audio/vcm/vcm_train_gap000330.wav,1.480,7.556,ok,,
vcm_train_gap000332,vcm,train,ref_tagalog8,Pause song,PAUSE,,0,out/conversions/v2/ai231-fil50/audio/vcm/vcm_train_gap000332.wav,2.040,6.174,ok,,
vcm_train_gap000334,vcm,train,ref_tagalog15,Pause song,PAUSE,,0,out/conversions/v2/ai231-fil50/audio/vcm/vcm_train_gap000334.wav,1.800,4.844,ok,,
vcm_train_gap000336,vcm,train,ref_tagalog12,End playback,STOP,,0,out/conversions/v2/ai231-fil50/audio/vcm/vcm_train_gap000336.wav,1.680,5.119,ok,,
vcm_train_gap000338,vcm,train,ref_tagalog6,End playback,STOP,,0,out/conversions/v2/ai231-fil50/audio/vcm/vcm_train_gap000338.wav,1.600,5.183,ok,,
vcm_train_gap000340,vcm,train,ref_tagalog10,End playback,STOP,,0,out/conversions/v2/ai231-fil50/audio/vcm/vcm_train_gap000340.wav,1.400,5.495,ok,,
vcm_train_gap000342,vcm,train,ref_tagalog11,End playback,STOP,,0,out/conversions/v2/ai231-fil50/audio/vcm/vcm_train_gap000342.wav,2.040,6.921,ok,,
vcm_train_gap000344,vcm,train,ref_tagalog3,End playback,STOP,,0,out/conversions/v2/ai231-fil50/audio/vcm/vcm_train_gap000344.wav,1.720,6.899,ok,,
vcm_train_gap000346,vcm,train,ref_tagalog2,End playback,STOP,,0,out/conversions/v2/ai231-fil50/audio/vcm/vcm_train_gap000346.wav,1.600,6.518,ok,,
vcm_train_gap000348,vcm,train,ref_tagalog4,End playback,STOP,,0,out/conversions/v2/ai231-fil50/audio/vcm/vcm_train_gap000348.wav,1.480,6.344,ok,,
vcm_train_gap000350,vcm,train,ref_tagalog14,End playback,STOP,,0,out/conversions/v2/ai231-fil50/audio/vcm/vcm_train_gap000350.wav,1.560,6.265,ok,,
vcm_train_gap000352,vcm,train,ref_tagalog16,End playback,STOP,,0,out/conversions/v2/ai231-fil50/audio/vcm/vcm_train_gap000352.wav,1.920,6.567,ok,,
vcm_train_gap000354,vcm,train,ref_ilonggo1,End playback,STOP,,0,out/conversions/v2/ai231-fil50/audio/vcm/vcm_train_gap000354.wav,2.200,6.406,ok,,
vcm_train_gap000356,vcm,train,ref_tagalog5,Skip song,NEXT,,0,out/conversions/v2/ai231-fil50/audio/vcm/vcm_train_gap000356.wav,1.560,5.889,ok,,
vcm_train_gap000358,vcm,train,ref_tagalog7,Skip song,NEXT,,0,out/conversions/v2/ai231-fil50/audio/vcm/vcm_train_gap000358.wav,1.520,6.077,ok,,
vcm_train_gap000360,vcm,train,ref_tagalog9,Skip song,NEXT,,0,out/conversions/v2/ai231-fil50/audio/vcm/vcm_train_gap000360.wav,1.520,7.147,ok,,
vcm_train_gap000362,vcm,train,ref_tagalog1,Skip song,NEXT,,0,out/conversions/v2/ai231-fil50/audio/vcm/vcm_train_gap000362.wav,0.960,4.857,ok,,
vcm_train_gap000364,vcm,train,ref_tagalog13,Skip song,NEXT,,0,out/conversions/v2/ai231-fil50/audio/vcm/vcm_train_gap000364.wav,1.920,6.072,ok,,
vcm_train_gap000366,vcm,train,ref_tagalog8,Play next song,NEXT,,0,out/conversions/v2/ai231-fil50/audio/vcm/vcm_train_gap000366.wav,2.080,5.941,ok,,
vcm_train_gap000368,vcm,train,ref_tagalog15,Play next song,NEXT,,0,out/conversions/v2/ai231-fil50/audio/vcm/vcm_train_gap000368.wav,2.240,6.788,ok,,
vcm_train_gap000370,vcm,train,ref_tagalog12,Play next song,NEXT,,0,out/conversions/v2/ai231-fil50/audio/vcm/vcm_train_gap000370.wav,2.400,5.931,ok,,
vcm_train_gap000372,vcm,train,ref_tagalog6,Play next song,NEXT,,0,out/conversions/v2/ai231-fil50/audio/vcm/vcm_train_gap000372.wav,1.400,4.720,ok,,
vcm_train_gap000374,vcm,train,ref_tagalog10,Play next song,NEXT,,0,out/conversions/v2/ai231-fil50/audio/vcm/vcm_train_gap000374.wav,1.800,6.156,ok,,
vcm_train_gap000376,vcm,train,ref_tagalog11,Play next song,NEXT,,0,out/conversions/v2/ai231-fil50/audio/vcm/vcm_train_gap000376.wav,2.120,6.199,ok,,
vcm_train_gap000378,vcm,train,ref_tagalog3,Volume up,VOLUME_UP,,0,out/conversions/v2/ai231-fil50/audio/vcm/vcm_train_gap000378.wav,1.680,7.886,ok,,
vcm_train_gap000380,vcm,train,ref_tagalog2,Volume up,VOLUME_UP,,0,out/conversions/v2/ai231-fil50/audio/vcm/vcm_train_gap000380.wav,1.400,5.029,ok,,
vcm_train_gap000382,vcm,train,ref_tagalog4,Volume up,VOLUME_UP,,0,out/conversions/v2/ai231-fil50/audio/vcm/vcm_train_gap000382.wav,1.240,4.732,ok,,
vcm_train_gap000384,vcm,train,ref_tagalog14,Volume up,VOLUME_UP,,0,out/conversions/v2/ai231-fil50/audio/vcm/vcm_train_gap000384.wav,1.120,4.992,ok,,
vcm_train_gap000386,vcm,train,ref_tagalog16,Volume up,VOLUME_UP,,0,out/conversions/v2/ai231-fil50/audio/vcm/vcm_train_gap000386.wav,1.120,4.745,ok,,
vcm_train_gap000388,vcm,train,ref_ilonggo1,Volume up,VOLUME_UP,,0,out/conversions/v2/ai231-fil50/audio/vcm/vcm_train_gap000388.wav,1.920,6.596,ok,,
vcm_train_gap000390,vcm,train,ref_tagalog5,Volume down,VOLUME_DOWN,,0,out/conversions/v2/ai231-fil50/audio/vcm/vcm_train_gap000390.wav,1.680,6.532,ok,,
vcm_train_gap000392,vcm,train,ref_tagalog7,Volume down,VOLUME_DOWN,,0,out/conversions/v2/ai231-fil50/audio/vcm/vcm_train_gap000392.wav,1.440,5.245,ok,,
vcm_train_gap000394,vcm,train,ref_tagalog9,Volume down,VOLUME_DOWN,,0,out/conversions/v2/ai231-fil50/audio/vcm/vcm_train_gap000394.wav,1.240,5.041,ok,,
vcm_train_gap000396,vcm,train,ref_tagalog1,Volume down,VOLUME_DOWN,,0,out/conversions/v2/ai231-fil50/audio/vcm/vcm_train_gap000396.wav,0.960,4.603,ok,,
vcm_train_gap000398,vcm,train,ref_tagalog13,Volume down,VOLUME_DOWN,,0,out/conversions/v2/ai231-fil50/audio/vcm/vcm_train_gap000398.wav,1.800,7.603,ok,,
vcm_train_gap000400,vcm,train,ref_tagalog8,Volume down,VOLUME_DOWN,,0,out/conversions/v2/ai231-fil50/audio/vcm/vcm_train_gap000400.wav,1.720,6.921,ok,,
vcm_train_gap000402,vcm,train,ref_tagalog15,Volume down,VOLUME_DOWN,,0,out/conversions/v2/ai231-fil50/audio/vcm/vcm_train_gap000402.wav,1.360,5.436,ok,,
vcm_train_gap000404,vcm,train,ref_tagalog12,Volume down,VOLUME_DOWN,,0,out/conversions/v2/ai231-fil50/audio/vcm/vcm_train_gap000404.wav,2.160,4.714,ok,,
vcm_train_gap000406,vcm,train,ref_tagalog6,Volume down,VOLUME_DOWN,,0,out/conversions/v2/ai231-fil50/audio/vcm/vcm_train_gap000406.wav,1.400,6.174,ok,,
vcm_train_gap000408,vcm,train,ref_tagalog10,Volume down,VOLUME_DOWN,,0,out/conversions/v2/ai231-fil50/audio/vcm/vcm_train_gap000408.wav,1.720,6.814,ok,,
vcm_train_gap000410,vcm,train,ref_tagalog11,Volume down,VOLUME_DOWN,,0,out/conversions/v2/ai231-fil50/audio/vcm/vcm_train_gap000410.wav,2.160,6.653,ok,,
vcm_train_gap000412,vcm,train,ref_tagalog3,Volume down,VOLUME_DOWN,,0,out/conversions/v2/ai231-fil50/audio/vcm/vcm_train_gap000412.wav,1.720,7.182,ok,,
vcm_train_gap000414,vcm,train,ref_tagalog2,Volume down,VOLUME_DOWN,,0,out/conversions/v2/ai231-fil50/audio/vcm/vcm_train_gap000414.wav,1.200,6.256,ok,,
vcm_train_gap000416,vcm,train,ref_tagalog4,Volume down,VOLUME_DOWN,,0,out/conversions/v2/ai231-fil50/audio/vcm/vcm_train_gap000416.wav,1.720,6.515,ok,,
vcm_train_gap000418,vcm,train,ref_tagalog14,Volume down,VOLUME_DOWN,,0,out/conversions/v2/ai231-fil50/audio/vcm/vcm_train_gap000418.wav,1.160,6.221,ok,,
vcm_train_gap000420,vcm,train,ref_tagalog16,Volume down,VOLUME_DOWN,,0,out/conversions/v2/ai231-fil50/audio/vcm/vcm_train_gap000420.wav,0.960,5.350,ok,,
vcm_train_gap000422,vcm,train,ref_ilonggo1,Volume down,VOLUME_DOWN,,0,out/conversions/v2/ai231-fil50/audio/vcm/vcm_train_gap000422.wav,1.720,6.517,ok,,
vcm_train_gap000424,vcm,train,ref_tagalog5,Volume down,VOLUME_DOWN,,0,out/conversions/v2/ai231-fil50/audio/vcm/vcm_train_gap000424.wav,1.520,4.223,ok,,
vcm_train_gap000426,vcm,train,ref_tagalog7,Call,CALL,,0,out/conversions/v2/ai231-fil50/audio/vcm/vcm_train_gap000426.wav,1.040,5.387,ok,,
vcm_train_gap000428,vcm,train,ref_tagalog9,Call,CALL,,0,out/conversions/v2/ai231-fil50/audio/vcm/vcm_train_gap000428.wav,0.840,5.741,ok,,
vcm_train_gap000430,vcm,train,ref_tagalog1,Call,CALL,,0,out/conversions/v2/ai231-fil50/audio/vcm/vcm_train_gap000430.wav,0.800,5.312,ok,,
vcm_train_gap000432,vcm,train,ref_tagalog13,Call,CALL,,0,out/conversions/v2/ai231-fil50/audio/vcm/vcm_train_gap000432.wav,1.600,5.992,ok,,
vcm_train_gap000434,vcm,train,ref_tagalog8,Call,CALL,,0,out/conversions/v2/ai231-fil50/audio/vcm/vcm_train_gap000434.wav,1.600,5.018,ok,,
vcm_train_gap000436,vcm,train,ref_tagalog15,Call,CALL,,0,out/conversions/v2/ai231-fil50/audio/vcm/vcm_train_gap000436.wav,1.120,4.242,ok,,
vcm_train_gap000438,vcm,train,ref_tagalog12,Call,CALL,,0,out/conversions/v2/ai231-fil50/audio/vcm/vcm_train_gap000438.wav,1.160,3.771,ok,,
vcm_train_gap000440,vcm,train,ref_tagalog6,Call,CALL,,0,out/conversions/v2/ai231-fil50/audio/vcm/vcm_train_gap000440.wav,1.000,4.652,ok,,
vcm_train_gap000442,vcm,train,ref_tagalog10,Call,CALL,,0,out/conversions/v2/ai231-fil50/audio/vcm/vcm_train_gap000442.wav,1.240,5.688,ok,,
vcm_train_gap000444,vcm,train,ref_tagalog11,Call,CALL,,0,out/conversions/v2/ai231-fil50/audio/vcm/vcm_train_gap000444.wav,1.320,5.495,ok,,
vcm_train_gap000446,vcm,train,ref_tagalog3,Call,CALL,,0,out/conversions/v2/ai231-fil50/audio/vcm/vcm_train_gap000446.wav,1.160,5.329,ok,,
vcm_train_gap000448,vcm,train,ref_tagalog2,Call,CALL,,0,out/conversions/v2/ai231-fil50/audio/vcm/vcm_train_gap000448.wav,0.880,5.014,ok,,
vcm_train_gap000450,vcm,train,ref_tagalog4,Call,CALL,,0,out/conversions/v2/ai231-fil50/audio/vcm/vcm_train_gap000450.wav,0.880,4.540,ok,,
vcm_train_gap000452,vcm,train,ref_tagalog14,Call,CALL,,0,out/conversions/v2/ai231-fil50/audio/vcm/vcm_train_gap000452.wav,0.400,5.061,ok,,
vcm_train_gap000454,vcm,train,ref_tagalog16,Call,CALL,,0,out/conversions/v2/ai231-fil50/audio/vcm/vcm_train_gap000454.wav,1.360,5.819,ok,,
vcm_train_gap000456,vcm,train,ref_ilonggo1,Call,CALL,,0,out/conversions/v2/ai231-fil50/audio/vcm/vcm_train_gap000456.wav,1.320,5.496,ok,,
vcm_train_gap000458,vcm,train,ref_tagalog5,Call,CALL,,0,out/conversions/v2/ai231-fil50/audio/vcm/vcm_train_gap000458.wav,1.600,5.969,ok,,
vcm_train_gap000460,vcm,train,ref_tagalog7,Call,CALL,,0,out/conversions/v2/ai231-fil50/audio/vcm/vcm_train_gap000460.wav,1.240,6.659,ok,,
vcm_train_gap000462,vcm,train,ref_tagalog9,Call,CALL,,0,out/conversions/v2/ai231-fil50/audio/vcm/vcm_train_gap000462.wav,0.840,4.106,ok,,
vcm_train_gap000464,vcm,train,ref_tagalog1,Call,CALL,,0,out/conversions/v2/ai231-fil50/audio/vcm/vcm_train_gap000464.wav,0.400,5.081,ok,,
vcm_train_gap000466,vcm,train,ref_tagalog13,Call,CALL,,0,out/conversions/v2/ai231-fil50/audio/vcm/vcm_train_gap000466.wav,1.080,5.400,ok,,
vcm_train_gap000468,vcm,train,ref_tagalog8,Call,CALL,,0,out/conversions/v2/ai231-fil50/audio/vcm/vcm_train_gap000468.wav,1.600,5.848,ok,,
vcm_train_gap000470,vcm,train,ref_tagalog15,Call,CALL,,0,out/conversions/v2/ai231-fil50/audio/vcm/vcm_train_gap000470.wav,0.800,4.509,ok,,
vcm_train_gap000472,vcm,train,ref_tagalog12,Call,CALL,,0,out/conversions/v2/ai231-fil50/audio/vcm/vcm_train_gap000472.wav,1.600,4.227,ok,,
vcm_train_gap000474,vcm,train,ref_tagalog6,Call,CALL,,0,out/conversions/v2/ai231-fil50/audio/vcm/vcm_train_gap000474.wav,0.960,4.186,ok,,
vcm_train_gap000476,vcm,train,ref_tagalog10,Call,CALL,,0,out/conversions/v2/ai231-fil50/audio/vcm/vcm_train_gap000476.wav,1.120,6.419,ok,,
vcm_train_gap000478,vcm,train,ref_tagalog11,Call,CALL,,0,out/conversions/v2/ai231-fil50/audio/vcm/vcm_train_gap000478.wav,0.680,4.915,ok,,
vcm_train_gap000480,vcm,train,ref_tagalog3,Call,CALL,,0,out/conversions/v2/ai231-fil50/audio/vcm/vcm_train_gap000480.wav,1.600,8.208,ok,,
vcm_train_gap000482,vcm,train,ref_tagalog2,Call,CALL,,0,out/conversions/v2/ai231-fil50/audio/vcm/vcm_train_gap000482.wav,0.800,4.491,ok,,
vcm_train_gap000484,vcm,train,ref_tagalog4,Call,CALL,,0,out/conversions/v2/ai231-fil50/audio/vcm/vcm_train_gap000484.wav,0.920,3.455,ok,,
vcm_train_gap000486,vcm,train,ref_tagalog14,Call,CALL,,0,out/conversions/v2/ai231-fil50/audio/vcm/vcm_train_gap000486.wav,1.280,6.476,ok,,
vcm_train_gap000488,vcm,train,ref_tagalog16,Call,CALL,,0,out/conversions/v2/ai231-fil50/audio/vcm/vcm_train_gap000488.wav,0.600,4.350,ok,,
vcm_train_gap000490,vcm,train,ref_ilonggo1,Call,CALL,,0,out/conversions/v2/ai231-fil50/audio/vcm/vcm_train_gap000490.wav,1.600,6.672,ok,,
vcm_train_gap000492,vcm,train,ref_tagalog5,Call,CALL,,0,out/conversions/v2/ai231-fil50/audio/vcm/vcm_train_gap000492.wav,1.280,6.548,ok,,
vcm_train_gap000494,vcm,train,ref_tagalog7,Call,CALL,,0,out/conversions/v2/ai231-fil50/audio/vcm/vcm_train_gap000494.wav,0.960,5.476,ok,,
vcm_train_gap000496,vcm,train,ref_tagalog9,Call,CALL,,0,out/conversions/v2/ai231-fil50/audio/vcm/vcm_train_gap000496.wav,0.840,4.646,ok,,
vcm_train_gap000498,vcm,train,ref_tagalog1,Call,CALL,,0,out/conversions/v2/ai231-fil50/audio/vcm/vcm_train_gap000498.wav,0.640,3.271,ok,,
vcm_train_gap000500,vcm,train,ref_tagalog13,Call,CALL,,0,out/conversions/v2/ai231-fil50/audio/vcm/vcm_train_gap000500.wav,1.000,6.566,ok,,
vcm_train_gap000502,vcm,train,ref_tagalog8,Make a call,CALL,,0,out/conversions/v2/ai231-fil50/audio/vcm/vcm_train_gap000502.wav,1.880,5.201,ok,,
vcm_train_gap000504,vcm,train,ref_tagalog15,Make a call,CALL,,0,out/conversions/v2/ai231-fil50/audio/vcm/vcm_train_gap000504.wav,1.960,5.482,ok,,
vcm_train_gap000506,vcm,train,ref_tagalog12,Make a call,CALL,,0,out/conversions/v2/ai231-fil50/audio/vcm/vcm_train_gap000506.wav,1.320,5.180,ok,,
vcm_train_gap000508,vcm,train,ref_tagalog6,Make a call,CALL,,0,out/conversions/v2/ai231-fil50/audio/vcm/vcm_train_gap000508.wav,1.360,5.993,ok,,
vcm_train_gap000510,vcm,train,ref_tagalog10,Make a call,CALL,,0,out/conversions/v2/ai231-fil50/audio/vcm/vcm_train_gap000510.wav,1.360,5.594,ok,,
vcm_train_gap000512,vcm,train,ref_tagalog11,Make a call,CALL,,0,out/conversions/v2/ai231-fil50/audio/vcm/vcm_train_gap000512.wav,1.360,3.786,ok,,
vcm_train_gap000514,vcm,train,ref_tagalog3,Make a call,CALL,,0,out/conversions/v2/ai231-fil50/audio/vcm/vcm_train_gap000514.wav,1.440,4.832,ok,,
vcm_train_gap000516,vcm,train,ref_tagalog2,Make a call,CALL,,0,out/conversions/v2/ai231-fil50/audio/vcm/vcm_train_gap000516.wav,1.480,6.237,ok,,
vcm_train_gap000518,vcm,train,ref_tagalog4,Make a call,CALL,,0,out/conversions/v2/ai231-fil50/audio/vcm/vcm_train_gap000518.wav,1.120,4.587,ok,,
vcm_train_gap000520,vcm,train,ref_tagalog14,Make a call,CALL,,0,out/conversions/v2/ai231-fil50/audio/vcm/vcm_train_gap000520.wav,1.440,5.054,ok,,
vcm_train_gap000522,vcm,train,ref_tagalog16,Make a call,CALL,,0,out/conversions/v2/ai231-fil50/audio/vcm/vcm_train_gap000522.wav,2.080,7.812,ok,,
vcm_train_gap000524,vcm,train,ref_ilonggo1,Make a call,CALL,,0,out/conversions/v2/ai231-fil50/audio/vcm/vcm_train_gap000524.wav,1.760,7.000,ok,,
vcm_train_gap000526,vcm,train,ref_tagalog5,Make a call,CALL,,0,out/conversions/v2/ai231-fil50/audio/vcm/vcm_train_gap000526.wav,1.360,5.730,ok,,
vcm_train_gap000528,vcm,train,ref_tagalog7,Make a call,CALL,,0,out/conversions/v2/ai231-fil50/audio/vcm/vcm_train_gap000528.wav,1.440,6.325,ok,,
vcm_train_gap000530,vcm,train,ref_tagalog9,Make a call,CALL,,0,out/conversions/v2/ai231-fil50/audio/vcm/vcm_train_gap000530.wav,1.240,4.745,ok,,
vcm_train_gap000532,vcm,train,ref_tagalog1,Make a call,CALL,,0,out/conversions/v2/ai231-fil50/audio/vcm/vcm_train_gap000532.wav,1.320,7.231,ok,,
vcm_train_gap000534,vcm,train,ref_tagalog13,Make a call,CALL,,0,out/conversions/v2/ai231-fil50/audio/vcm/vcm_train_gap000534.wav,2.240,7.176,ok,,
vcm_train_gap000536,vcm,train,ref_tagalog8,Make a call,CALL,,0,out/conversions/v2/ai231-fil50/audio/vcm/vcm_train_gap000536.wav,2.080,5.995,ok,,
vcm_train_gap000538,vcm,train,ref_tagalog15,Make a call,CALL,,0,out/conversions/v2/ai231-fil50/audio/vcm/vcm_train_gap000538.wav,1.480,5.625,ok,,
vcm_train_gap000540,vcm,train,ref_tagalog12,Make a call,CALL,,0,out/conversions/v2/ai231-fil50/audio/vcm/vcm_train_gap000540.wav,1.720,6.805,ok,,
vcm_train_gap000542,vcm,train,ref_tagalog6,Make a call,CALL,,0,out/conversions/v2/ai231-fil50/audio/vcm/vcm_train_gap000542.wav,1.160,4.158,ok,,
vcm_train_gap000544,vcm,train,ref_tagalog10,Make a call,CALL,,0,out/conversions/v2/ai231-fil50/audio/vcm/vcm_train_gap000544.wav,1.440,6.478,ok,,
vcm_train_gap000546,vcm,train,ref_tagalog11,Make a call,CALL,,0,out/conversions/v2/ai231-fil50/audio/vcm/vcm_train_gap000546.wav,1.480,6.784,ok,,
vcm_train_gap000548,vcm,train,ref_tagalog3,Make a call,CALL,,0,out/conversions/v2/ai231-fil50/audio/vcm/vcm_train_gap000548.wav,1.440,6.004,ok,,
vcm_train_gap000550,vcm,train,ref_tagalog2,Make a call,CALL,,0,out/conversions/v2/ai231-fil50/audio/vcm/vcm_train_gap000550.wav,1.200,6.518,ok,,
vcm_train_gap000552,vcm,train,ref_tagalog4,Make a call,CALL,,0,out/conversions/v2/ai231-fil50/audio/vcm/vcm_train_gap000552.wav,1.280,6.032,ok,,
vcm_train_gap000554,vcm,train,ref_tagalog14,Make a call,CALL,,0,out/conversions/v2/ai231-fil50/audio/vcm/vcm_train_gap000554.wav,1.160,4.816,ok,,
vcm_train_gap000556,vcm,train,ref_tagalog16,Make a call,CALL,,0,out/conversions/v2/ai231-fil50/audio/vcm/vcm_train_gap000556.wav,1.240,5.365,ok,,
vcm_train_gap000558,vcm,train,ref_ilonggo1,Make a call,CALL,,0,out/conversions/v2/ai231-fil50/audio/vcm/vcm_train_gap000558.wav,1.760,6.690,ok,,
vcm_train_gap000560,vcm,train,ref_tagalog5,Make a call,CALL,,0,out/conversions/v2/ai231-fil50/audio/vcm/vcm_train_gap000560.wav,1.760,7.445,ok,,
vcm_train_gap000562,vcm,train,ref_tagalog7,Make a call,CALL,,0,out/conversions/v2/ai231-fil50/audio/vcm/vcm_train_gap000562.wav,1.520,4.212,ok,,
vcm_train_gap000564,vcm,train,ref_tagalog9,Make a call,CALL,,0,out/conversions/v2/ai231-fil50/audio/vcm/vcm_train_gap000564.wav,1.160,5.568,ok,,
vcm_train_gap000566,vcm,train,ref_tagalog1,Make a call,CALL,,0,out/conversions/v2/ai231-fil50/audio/vcm/vcm_train_gap000566.wav,1.480,6.508,ok,,
vcm_train_gap000568,vcm,train,ref_tagalog13,Make a call,CALL,,0,out/conversions/v2/ai231-fil50/audio/vcm/vcm_train_gap000568.wav,2.040,7.444,ok,,
vcm_train_gap000570,vcm,train,ref_tagalog8,Make a call,CALL,,0,out/conversions/v2/ai231-fil50/audio/vcm/vcm_train_gap000570.wav,1.200,3.650,ok,,
vcm_train_gap000572,vcm,train,ref_tagalog15,Make a call,CALL,,0,out/conversions/v2/ai231-fil50/audio/vcm/vcm_train_gap000572.wav,1.720,6.828,ok,,
vcm_train_gap000574,vcm,train,ref_tagalog12,Make a call,CALL,,0,out/conversions/v2/ai231-fil50/audio/vcm/vcm_train_gap000574.wav,1.480,6.162,ok,,
vcm_train_gap000576,vcm,train,ref_tagalog6,Make a call,CALL,,0,out/conversions/v2/ai231-fil50/audio/vcm/vcm_train_gap000576.wav,1.040,6.250,ok,,
vcm_train_gap000578,vcm,train,ref_tagalog10,Make a call,CALL,,0,out/conversions/v2/ai231-fil50/audio/vcm/vcm_train_gap000578.wav,1.360,5.502,ok,,
vcm_train_gap000580,vcm,train,ref_tagalog11,Make a call,CALL,,0,out/conversions/v2/ai231-fil50/audio/vcm/vcm_train_gap000580.wav,2.040,6.662,ok,,
vcm_train_gap000582,vcm,train,ref_tagalog3,Make a call,CALL,,0,out/conversions/v2/ai231-fil50/audio/vcm/vcm_train_gap000582.wav,1.600,5.783,ok,,
vcm_train_gap000584,vcm,train,ref_tagalog2,Make a call,CALL,,0,out/conversions/v2/ai231-fil50/audio/vcm/vcm_train_gap000584.wav,1.160,6.477,ok,,
vcm_train_gap000586,vcm,train,ref_tagalog4,Make a call,CALL,,0,out/conversions/v2/ai231-fil50/audio/vcm/vcm_train_gap000586.wav,1.160,4.730,ok,,
vcm_train_gap000588,vcm,train,ref_tagalog14,Make a call,CALL,,0,out/conversions/v2/ai231-fil50/audio/vcm/vcm_train_gap000588.wav,1.240,6.124,ok,,
vcm_train_gap000590,vcm,train,ref_tagalog16,Make a call,CALL,,0,out/conversions/v2/ai231-fil50/audio/vcm/vcm_train_gap000590.wav,1.680,5.029,ok,,
vcm_train_gap000592,vcm,train,ref_ilonggo1,Make a call,CALL,,0,out/conversions/v2/ai231-fil50/audio/vcm/vcm_train_gap000592.wav,1.440,4.782,ok,,
vcm_train_gap000594,vcm,train,ref_tagalog5,Make a call,CALL,,0,out/conversions/v2/ai231-fil50/audio/vcm/vcm_train_gap000594.wav,1.680,5.492,ok,,
vcm_train_gap000596,vcm,train,ref_tagalog7,Make a call,CALL,,0,out/conversions/v2/ai231-fil50/audio/vcm/vcm_train_gap000596.wav,1.240,4.412,ok,,
vcm_train_gap000598,vcm,train,ref_tagalog9,Make a call,CALL,,0,out/conversions/v2/ai231-fil50/audio/vcm/vcm_train_gap000598.wav,1.520,6.604,ok,,
vcm_train_gap000600,vcm,train,ref_tagalog1,Make a call,CALL,,0,out/conversions/v2/ai231-fil50/audio/vcm/vcm_train_gap000600.wav,1.120,5.097,ok,,
vcm_train_gap000602,vcm,train,ref_tagalog13,Make a call,CALL,,0,out/conversions/v2/ai231-fil50/audio/vcm/vcm_train_gap000602.wav,1.600,6.228,ok,,
vcm_train_gap000604,vcm,train,ref_tagalog8,Make a call,CALL,,0,out/conversions/v2/ai231-fil50/audio/vcm/vcm_train_gap000604.wav,1.680,6.265,ok,,
vcm_train_gap000606,vcm,train,ref_tagalog15,Make a call,CALL,,0,out/conversions/v2/ai231-fil50/audio/vcm/vcm_train_gap000606.wav,1.560,5.858,ok,,
vcm_train_gap000608,vcm,train,ref_tagalog12,Make a call,CALL,,0,out/conversions/v2/ai231-fil50/audio/vcm/vcm_train_gap000608.wav,1.720,6.224,ok,,
vcm_train_gap000610,vcm,train,ref_tagalog6,Make a call,CALL,,0,out/conversions/v2/ai231-fil50/audio/vcm/vcm_train_gap000610.wav,1.520,4.476,ok,,
vcm_train_gap000612,vcm,train,ref_tagalog10,Make a call,CALL,,0,out/conversions/v2/ai231-fil50/audio/vcm/vcm_train_gap000612.wav,1.480,6.277,ok,,
vcm_train_gap000614,vcm,train,ref_tagalog11,Make a call,CALL,,0,out/conversions/v2/ai231-fil50/audio/vcm/vcm_train_gap000614.wav,2.080,6.013,ok,,
vcm_train_gap000616,vcm,train,ref_tagalog3,Make a call,CALL,,0,out/conversions/v2/ai231-fil50/audio/vcm/vcm_train_gap000616.wav,1.400,6.237,ok,,
vcm_train_gap000618,vcm,train,ref_tagalog2,Make a call,CALL,,0,out/conversions/v2/ai231-fil50/audio/vcm/vcm_train_gap000618.wav,1.120,4.519,ok,,
vcm_train_gap000620,vcm,train,ref_tagalog4,Message,MESSAGE,,0,out/conversions/v2/ai231-fil50/audio/vcm/vcm_train_gap000620.wav,1.280,4.685,ok,,
vcm_train_gap000622,vcm,train,ref_tagalog14,Message,MESSAGE,,0,out/conversions/v2/ai231-fil50/audio/vcm/vcm_train_gap000622.wav,1.200,4.684,ok,,
vcm_train_gap000624,vcm,train,ref_tagalog16,Message,MESSAGE,,0,out/conversions/v2/ai231-fil50/audio/vcm/vcm_train_gap000624.wav,1.360,3.953,ok,,
vcm_train_gap000626,vcm,train,ref_ilonggo1,Message,MESSAGE,,0,out/conversions/v2/ai231-fil50/audio/vcm/vcm_train_gap000626.wav,1.320,4.400,ok,,
vcm_train_gap000628,vcm,train,ref_tagalog5,Message,MESSAGE,,0,out/conversions/v2/ai231-fil50/audio/vcm/vcm_train_gap000628.wav,1.480,5.379,ok,,
vcm_train_gap000630,vcm,train,ref_tagalog7,Message,MESSAGE,,0,out/conversions/v2/ai231-fil50/audio/vcm/vcm_train_gap000630.wav,1.280,5.074,ok,,
vcm_train_gap000632,vcm,train,ref_tagalog9,Message,MESSAGE,,0,out/conversions/v2/ai231-fil50/audio/vcm/vcm_train_gap000632.wav,1.320,5.423,ok,,
vcm_train_gap000634,vcm,train,ref_tagalog1,Message,MESSAGE,,0,out/conversions/v2/ai231-fil50/audio/vcm/vcm_train_gap000634.wav,0.840,4.461,ok,,
vcm_train_gap000636,vcm,train,ref_tagalog13,Message,MESSAGE,,0,out/conversions/v2/ai231-fil50/audio/vcm/vcm_train_gap000636.wav,1.600,6.052,ok,,
vcm_train_gap000638,vcm,train,ref_tagalog8,Message,MESSAGE,,0,out/conversions/v2/ai231-fil50/audio/vcm/vcm_train_gap000638.wav,1.600,5.541,ok,,
vcm_train_gap000640,vcm,train,ref_tagalog15,Message,MESSAGE,,0,out/conversions/v2/ai231-fil50/audio/vcm/vcm_train_gap000640.wav,1.160,5.449,ok,,
vcm_train_gap000642,vcm,train,ref_tagalog12,Message,MESSAGE,,0,out/conversions/v2/ai231-fil50/audio/vcm/vcm_train_gap000642.wav,1.600,4.329,ok,,
vcm_train_gap000644,vcm,train,ref_tagalog6,Message,MESSAGE,,0,out/conversions/v2/ai231-fil50/audio/vcm/vcm_train_gap000644.wav,1.200,5.400,ok,,
vcm_train_gap000646,vcm,train,ref_tagalog10,Message,MESSAGE,,0,out/conversions/v2/ai231-fil50/audio/vcm/vcm_train_gap000646.wav,1.120,5.381,ok,,
vcm_train_gap000648,vcm,train,ref_tagalog11,Message,MESSAGE,,0,out/conversions/v2/ai231-fil50/audio/vcm/vcm_train_gap000648.wav,1.600,5.351,ok,,
vcm_train_gap000650,vcm,train,ref_tagalog3,Message,MESSAGE,,0,out/conversions/v2/ai231-fil50/audio/vcm/vcm_train_gap000650.wav,1.120,6.699,ok,,
vcm_train_gap000652,vcm,train,ref_tagalog2,Message,MESSAGE,,0,out/conversions/v2/ai231-fil50/audio/vcm/vcm_train_gap000652.wav,0.960,3.892,ok,,
vcm_train_gap000654,vcm,train,ref_tagalog4,Message,MESSAGE,,0,out/conversions/v2/ai231-fil50/audio/vcm/vcm_train_gap000654.wav,1.000,6.137,ok,,
vcm_train_gap000656,vcm,train,ref_tagalog14,Message,MESSAGE,,0,out/conversions/v2/ai231-fil50/audio/vcm/vcm_train_gap000656.wav,1.320,3.740,ok,,
vcm_train_gap000658,vcm,train,ref_tagalog16,Message,MESSAGE,,0,out/conversions/v2/ai231-fil50/audio/vcm/vcm_train_gap000658.wav,1.400,4.291,ok,,
vcm_train_gap000660,vcm,train,ref_ilonggo1,Message,MESSAGE,,0,out/conversions/v2/ai231-fil50/audio/vcm/vcm_train_gap000660.wav,1.280,5.834,ok,,
vcm_train_gap000662,vcm,train,ref_tagalog5,Message,MESSAGE,,0,out/conversions/v2/ai231-fil50/audio/vcm/vcm_train_gap000662.wav,1.600,4.837,ok,,
vcm_train_gap000664,vcm,train,ref_tagalog7,Message,MESSAGE,,0,out/conversions/v2/ai231-fil50/audio/vcm/vcm_train_gap000664.wav,1.480,5.528,ok,,
vcm_train_gap000666,vcm,train,ref_tagalog9,Message,MESSAGE,,0,out/conversions/v2/ai231-fil50/audio/vcm/vcm_train_gap000666.wav,1.200,4.937,ok,,
vcm_train_gap000668,vcm,train,ref_tagalog1,Message,MESSAGE,,0,out/conversions/v2/ai231-fil50/audio/vcm/vcm_train_gap000668.wav,1.080,4.684,ok,,
vcm_train_gap000670,vcm,train,ref_tagalog13,Send a message,MESSAGE,,0,out/conversions/v2/ai231-fil50/audio/vcm/vcm_train_gap000670.wav,2.080,6.776,ok,,
vcm_train_gap000672,vcm,train,ref_tagalog8,Send a message,MESSAGE,,0,out/conversions/v2/ai231-fil50/audio/vcm/vcm_train_gap000672.wav,1.720,5.933,ok,,
vcm_train_gap000674,vcm,train,ref_tagalog15,Send a message,MESSAGE,,0,out/conversions/v2/ai231-fil50/audio/vcm/vcm_train_gap000674.wav,1.640,5.407,ok,,
vcm_train_gap000676,vcm,train,ref_tagalog12,Send a message,MESSAGE,,0,out/conversions/v2/ai231-fil50/audio/vcm/vcm_train_gap000676.wav,1.800,4.699,ok,,
vcm_train_gap000678,vcm,train,ref_tagalog6,Send a message,MESSAGE,,0,out/conversions/v2/ai231-fil50/audio/vcm/vcm_train_gap000678.wav,1.600,5.858,ok,,
vcm_train_gap000680,vcm,train,ref_tagalog10,Send a message,MESSAGE,,0,out/conversions/v2/ai231-fil50/audio/vcm/vcm_train_gap000680.wav,1.880,6.136,ok,,
vcm_train_gap000682,vcm,train,ref_tagalog11,Send a message,MESSAGE,,0,out/conversions/v2/ai231-fil50/audio/vcm/vcm_train_gap000682.wav,2.040,5.408,ok,,
vcm_train_gap000684,vcm,train,ref_tagalog3,Send a message,MESSAGE,,0,out/conversions/v2/ai231-fil50/audio/vcm/vcm_train_gap000684.wav,2.480,5.906,ok,,
vcm_train_gap000686,vcm,train,ref_tagalog2,Send a message,MESSAGE,,0,out/conversions/v2/ai231-fil50/audio/vcm/vcm_train_gap000686.wav,1.400,4.944,ok,,
vcm_train_gap000688,vcm,train,ref_tagalog4,Send a message,MESSAGE,,0,out/conversions/v2/ai231-fil50/audio/vcm/vcm_train_gap000688.wav,1.960,6.151,ok,,
vcm_train_gap000690,vcm,train,ref_tagalog14,Reminders,LIST_REMINDERS,,0,out/conversions/v2/ai231-fil50/audio/vcm/vcm_train_gap000690.wav,1.720,4.374,ok,,
vcm_train_gap000692,vcm,train,ref_tagalog16,Reminders,LIST_REMINDERS,,0,out/conversions/v2/ai231-fil50/audio/vcm/vcm_train_gap000692.wav,1.480,4.263,ok,,
vcm_train_gap000694,vcm,train,ref_ilonggo1,Reminders,LIST_REMINDERS,,0,out/conversions/v2/ai231-fil50/audio/vcm/vcm_train_gap000694.wav,2.000,6.848,ok,,
vcm_train_gap000696,vcm,train,ref_tagalog5,Reminders,LIST_REMINDERS,,0,out/conversions/v2/ai231-fil50/audio/vcm/vcm_train_gap000696.wav,1.760,5.201,ok,,
vcm_train_gap000698,vcm,train,ref_tagalog7,Reminders,LIST_REMINDERS,,0,out/conversions/v2/ai231-fil50/audio/vcm/vcm_train_gap000698.wav,1.440,5.826,ok,,
vcm_train_gap000700,vcm,train,ref_tagalog9,Reminders,LIST_REMINDERS,,0,out/conversions/v2/ai231-fil50/audio/vcm/vcm_train_gap000700.wav,1.440,5.893,ok,,
vcm_train_gap000702,vcm,train,ref_tagalog1,Reminders,LIST_REMINDERS,,0,out/conversions/v2/ai231-fil50/audio/vcm/vcm_train_gap000702.wav,1.840,7.069,ok,,
vcm_train_gap000704,vcm,train,ref_tagalog13,Reminders,LIST_REMINDERS,,0,out/conversions/v2/ai231-fil50/audio/vcm/vcm_train_gap000704.wav,1.600,4.764,ok,,
vcm_train_gap000706,vcm,train,ref_tagalog8,Reminders,LIST_REMINDERS,,0,out/conversions/v2/ai231-fil50/audio/vcm/vcm_train_gap000706.wav,1.600,5.715,ok,,
vcm_train_gap000708,vcm,train,ref_tagalog15,Reminders,LIST_REMINDERS,,0,out/conversions/v2/ai231-fil50/audio/vcm/vcm_train_gap000708.wav,1.360,6.262,ok,,
vcm_train_gap000710,vcm,train,ref_tagalog12,Reminders,LIST_REMINDERS,,0,out/conversions/v2/ai231-fil50/audio/vcm/vcm_train_gap000710.wav,1.720,6.317,ok,,
vcm_train_gap000712,vcm,train,ref_tagalog6,Reminders,LIST_REMINDERS,,0,out/conversions/v2/ai231-fil50/audio/vcm/vcm_train_gap000712.wav,1.520,4.953,ok,,
vcm_train_gap000714,vcm,train,ref_tagalog10,Reminders,LIST_REMINDERS,,0,out/conversions/v2/ai231-fil50/audio/vcm/vcm_train_gap000714.wav,1.800,5.376,ok,,
vcm_train_gap000716,vcm,train,ref_tagalog11,Reminders,LIST_REMINDERS,,0,out/conversions/v2/ai231-fil50/audio/vcm/vcm_train_gap000716.wav,2.240,6.686,ok,,
vcm_train_gap000718,vcm,train,ref_tagalog3,Show my reminders,LIST_REMINDERS,,0,out/conversions/v2/ai231-fil50/audio/vcm/vcm_train_gap000718.wav,2.160,4.422,ok,,
vcm_train_gap000720,vcm,train,ref_tagalog2,Show my reminders,LIST_REMINDERS,,0,out/conversions/v2/ai231-fil50/audio/vcm/vcm_train_gap000720.wav,1.680,4.298,ok,,
vcm_train_gap000722,vcm,train,ref_tagalog4,Show my reminders,LIST_REMINDERS,,0,out/conversions/v2/ai231-fil50/audio/vcm/vcm_train_gap000722.wav,1.760,5.743,ok,,
vcm_train_gap000724,vcm,train,ref_tagalog14,Show my reminders,LIST_REMINDERS,,0,out/conversions/v2/ai231-fil50/audio/vcm/vcm_train_gap000724.wav,2.440,6.672,ok,,
vcm_train_gap000726,vcm,train,ref_tagalog16,Show my reminders,LIST_REMINDERS,,0,out/conversions/v2/ai231-fil50/audio/vcm/vcm_train_gap000726.wav,2.680,7.240,ok,,
vcm_train_gap000728,vcm,train,ref_ilonggo1,Show my reminders,LIST_REMINDERS,,0,out/conversions/v2/ai231-fil50/audio/vcm/vcm_train_gap000728.wav,2.040,6.295,ok,,
vcm_train_gap000730,vcm,train,ref_tagalog5,Show my reminders,LIST_REMINDERS,,0,out/conversions/v2/ai231-fil50/audio/vcm/vcm_train_gap000730.wav,2.440,6.871,ok,,
vcm_train_gap000732,vcm,train,ref_tagalog7,Show my reminders,LIST_REMINDERS,,0,out/conversions/v2/ai231-fil50/audio/vcm/vcm_train_gap000732.wav,2.000,5.937,ok,,
vcm_train_gap000734,vcm,train,ref_tagalog9,Show my reminders,LIST_REMINDERS,,0,out/conversions/v2/ai231-fil50/audio/vcm/vcm_train_gap000734.wav,1.680,5.645,ok,,
vcm_train_gap000736,vcm,train,ref_tagalog1,Show my reminders,LIST_REMINDERS,,0,out/conversions/v2/ai231-fil50/audio/vcm/vcm_train_gap000736.wav,1.960,7.655,ok,,
vcm_train_gap000738,vcm,train,ref_tagalog13,List my reminders,LIST_REMINDERS,,0,out/conversions/v2/ai231-fil50/audio/vcm/vcm_train_gap000738.wav,2.720,9.256,ok,,
vcm_train_gap000740,vcm,train,ref_tagalog8,List my reminders,LIST_REMINDERS,,0,out/conversions/v2/ai231-fil50/audio/vcm/vcm_train_gap000740.wav,2.760,8.013,ok,,
vcm_train_gap000742,vcm,train,ref_tagalog15,List my reminders,LIST_REMINDERS,,0,out/conversions/v2/ai231-fil50/audio/vcm/vcm_train_gap000742.wav,2.240,5.770,ok,,
vcm_train_gap000744,vcm,train,ref_tagalog12,List my reminders,LIST_REMINDERS,,0,out/conversions/v2/ai231-fil50/audio/vcm/vcm_train_gap000744.wav,2.280,4.393,ok,,
vcm_train_gap000746,vcm,train,ref_tagalog6,Timer 10 seconds,TIMER,,0,out/conversions/v2/ai231-fil50/audio/vcm/vcm_train_gap000746.wav,2.120,6.439,ok,,
vcm_train_gap000748,vcm,train,ref_tagalog10,Timer 10 seconds,TIMER,,0,out/conversions/v2/ai231-fil50/audio/vcm/vcm_train_gap000748.wav,2.440,7.687,ok,,
vcm_train_gap000750,vcm,train,ref_tagalog11,Timer 10 seconds,TIMER,,0,out/conversions/v2/ai231-fil50/audio/vcm/vcm_train_gap000750.wav,2.320,7.290,ok,,
vcm_train_gap000752,vcm,train,ref_tagalog3,Timer 10 seconds,TIMER,,0,out/conversions/v2/ai231-fil50/audio/vcm/vcm_train_gap000752.wav,2.560,7.738,ok,,
vcm_train_gap000754,vcm,train,ref_tagalog2,Timer 10 seconds,TIMER,,0,out/conversions/v2/ai231-fil50/audio/vcm/vcm_train_gap000754.wav,2.360,10.334,ok,,
vcm_train_gap000756,vcm,train,ref_tagalog4,Timer 1 minute,TIMER,,0,out/conversions/v2/ai231-fil50/audio/vcm/vcm_train_gap000756.wav,1.600,5.715,ok,,
vcm_train_gap000758,vcm,train,ref_tagalog14,Timer 1 minute,TIMER,,0,out/conversions/v2/ai231-fil50/audio/vcm/vcm_train_gap000758.wav,1.800,5.650,ok,,
vcm_train_gap000760,vcm,train,ref_tagalog16,Timer 1 minute,TIMER,,0,out/conversions/v2/ai231-fil50/audio/vcm/vcm_train_gap000760.wav,1.640,5.703,ok,,
vcm_train_gap000762,vcm,train,ref_ilonggo1,Timer 1 minute,TIMER,,0,out/conversions/v2/ai231-fil50/audio/vcm/vcm_train_gap000762.wav,1.760,6.379,ok,,
vcm_train_gap000764,vcm,train,ref_tagalog5,Timer 1 minute,TIMER,,0,out/conversions/v2/ai231-fil50/audio/vcm/vcm_train_gap000764.wav,1.560,4.895,ok,,
vcm_train_gap000766,vcm,train,ref_tagalog7,Timer 1 minute,TIMER,,0,out/conversions/v2/ai231-fil50/audio/vcm/vcm_train_gap000766.wav,1.760,6.856,ok,,
vcm_train_gap000768,vcm,train,ref_tagalog9,Timer 1 minute,TIMER,,0,out/conversions/v2/ai231-fil50/audio/vcm/vcm_train_gap000768.wav,1.680,4.921,ok,,
vcm_train_gap000770,vcm,train,ref_tagalog1,Timer 1 minute,TIMER,,0,out/conversions/v2/ai231-fil50/audio/vcm/vcm_train_gap000770.wav,1.520,4.634,ok,,
vcm_train_gap000772,vcm,train,ref_tagalog13,Timer 1 minute,TIMER,,0,out/conversions/v2/ai231-fil50/audio/vcm/vcm_train_gap000772.wav,2.880,9.532,ok,,
vcm_train_gap000774,vcm,train,ref_tagalog8,Timer 1 minute,TIMER,,0,out/conversions/v2/ai231-fil50/audio/vcm/vcm_train_gap000774.wav,1.680,6.379,ok,,
vcm_train_gap000776,vcm,train,ref_tagalog15,Timer 1 minute,TIMER,,0,out/conversions/v2/ai231-fil50/audio/vcm/vcm_train_gap000776.wav,2.120,6.679,ok,,
vcm_train_gap000778,vcm,train,ref_tagalog12,Timer 1 minute,TIMER,,0,out/conversions/v2/ai231-fil50/audio/vcm/vcm_train_gap000778.wav,2.360,8.517,ok,,
vcm_train_gap000780,vcm,train,ref_tagalog6,Timer 1 minute,TIMER,,0,out/conversions/v2/ai231-fil50/audio/vcm/vcm_train_gap000780.wav,2.040,6.655,ok,,
vcm_train_gap000782,vcm,train,ref_tagalog10,Timer 1 minute,TIMER,,0,out/conversions/v2/ai231-fil50/audio/vcm/vcm_train_gap000782.wav,1.800,8.267,ok,,
vcm_train_gap000784,vcm,train,ref_tagalog11,Timer 1 minute,TIMER,,0,out/conversions/v2/ai231-fil50/audio/vcm/vcm_train_gap000784.wav,2.080,6.298,ok,,
vcm_train_gap000786,vcm,train,ref_tagalog3,Timer 1 minute,TIMER,,0,out/conversions/v2/ai231-fil50/audio/vcm/vcm_train_gap000786.wav,1.880,7.071,ok,,
vcm_train_gap000788,vcm,train,ref_tagalog2,Timer 1 minute,TIMER,,0,out/conversions/v2/ai231-fil50/audio/vcm/vcm_train_gap000788.wav,1.880,6.597,ok,,
vcm_train_gap000790,vcm,train,ref_tagalog4,Timer 1 minute,TIMER,,0,out/conversions/v2/ai231-fil50/audio/vcm/vcm_train_gap000790.wav,1.520,6.713,ok,,
vcm_train_gap000792,vcm,train,ref_tagalog14,Timer 1 minute,TIMER,,0,out/conversions/v2/ai231-fil50/audio/vcm/vcm_train_gap000792.wav,1.920,6.068,ok,,
vcm_train_gap000794,vcm,train,ref_tagalog16,Timer 1 minute,TIMER,,0,out/conversions/v2/ai231-fil50/audio/vcm/vcm_train_gap000794.wav,1.400,4.016,ok,,
vcm_train_gap000796,vcm,train,ref_ilonggo1,Timer 1 minute,TIMER,,0,out/conversions/v2/ai231-fil50/audio/vcm/vcm_train_gap000796.wav,2.240,5.413,ok,,
vcm_train_gap000798,vcm,train,ref_tagalog5,Timer 1 minute,TIMER,,0,out/conversions/v2/ai231-fil50/audio/vcm/vcm_train_gap000798.wav,1.840,6.963,ok,,
vcm_train_gap000800,vcm,train,ref_tagalog7,Timer 1 minute,TIMER,,0,out/conversions/v2/ai231-fil50/audio/vcm/vcm_train_gap000800.wav,2.040,6.301,ok,,
vcm_train_gap000802,vcm,train,ref_tagalog9,Timer 1 minute,TIMER,,0,out/conversions/v2/ai231-fil50/audio/vcm/vcm_train_gap000802.wav,1.280,4.777,ok,,
vcm_train_gap000804,vcm,train,ref_tagalog1,Timer 1 minute,TIMER,,0,out/conversions/v2/ai231-fil50/audio/vcm/vcm_train_gap000804.wav,1.400,5.116,ok,,
vcm_train_gap000806,vcm,train,ref_tagalog13,Timer 1 minute,TIMER,,0,out/conversions/v2/ai231-fil50/audio/vcm/vcm_train_gap000806.wav,2.600,8.264,ok,,
vcm_train_gap000808,vcm,train,ref_tagalog8,Timer 1 minute,TIMER,,0,out/conversions/v2/ai231-fil50/audio/vcm/vcm_train_gap000808.wav,1.440,6.492,ok,,
vcm_train_gap000810,vcm,train,ref_tagalog15,Countdown for 1 minute,TIMER,,0,out/conversions/v2/ai231-fil50/audio/vcm/vcm_train_gap000810.wav,2.320,8.572,ok,,
vcm_train_gap000812,vcm,train,ref_tagalog12,Countdown for 1 minute,TIMER,,0,out/conversions/v2/ai231-fil50/audio/vcm/vcm_train_gap000812.wav,2.520,7.044,ok,,
vcm_train_gap000814,vcm,train,ref_tagalog6,Countdown for 1 minute,TIMER,,0,out/conversions/v2/ai231-fil50/audio/vcm/vcm_train_gap000814.wav,2.280,6.709,ok,,
vcm_train_gap000816,vcm,train,ref_tagalog10,Countdown for 1 minute,TIMER,,0,out/conversions/v2/ai231-fil50/audio/vcm/vcm_train_gap000816.wav,2.480,7.119,ok,,
vcm_train_gap000818,vcm,train,ref_tagalog11,Countdown for 1 minute,TIMER,,0,out/conversions/v2/ai231-fil50/audio/vcm/vcm_train_gap000818.wav,2.280,5.328,ok,,
vcm_train_gap000820,vcm,train,ref_tagalog3,Countdown for 1 minute,TIMER,,0,out/conversions/v2/ai231-fil50/audio/vcm/vcm_train_gap000820.wav,2.160,5.733,ok,,
vcm_train_gap000822,vcm,train,ref_tagalog2,Countdown for 1 minute,TIMER,,0,out/conversions/v2/ai231-fil50/audio/vcm/vcm_train_gap000822.wav,2.360,7.166,ok,,
vcm_train_gap000824,vcm,train,ref_tagalog4,Countdown for 1 minute,TIMER,,0,out/conversions/v2/ai231-fil50/audio/vcm/vcm_train_gap000824.wav,1.800,6.009,ok,,
vcm_train_gap000826,vcm,train,ref_tagalog14,Countdown for 1 minute,TIMER,,0,out/conversions/v2/ai231-fil50/audio/vcm/vcm_train_gap000826.wav,2.000,5.759,ok,,
vcm_train_gap000828,vcm,train,ref_tagalog16,Countdown for 1 minute,TIMER,,0,out/conversions/v2/ai231-fil50/audio/vcm/vcm_train_gap000828.wav,1.840,6.463,ok,,
vcm_train_gap000830,vcm,train,ref_ilonggo1,Countdown for 1 minute,TIMER,,0,out/conversions/v2/ai231-fil50/audio/vcm/vcm_train_gap000830.wav,2.240,8.148,ok,,
vcm_train_gap000832,vcm,train,ref_tagalog5,Countdown for 1 minute,TIMER,,0,out/conversions/v2/ai231-fil50/audio/vcm/vcm_train_gap000832.wav,1.920,4.954,ok,,
vcm_train_gap000834,vcm,train,ref_tagalog7,Countdown for 1 minute,TIMER,,0,out/conversions/v2/ai231-fil50/audio/vcm/vcm_train_gap000834.wav,2.080,5.912,ok,,
vcm_train_gap000836,vcm,train,ref_tagalog9,Countdown for 1 minute,TIMER,,0,out/conversions/v2/ai231-fil50/audio/vcm/vcm_train_gap000836.wav,2.360,6.381,ok,,
vcm_train_gap000838,vcm,train,ref_tagalog1,Countdown for 1 minute,TIMER,,0,out/conversions/v2/ai231-fil50/audio/vcm/vcm_train_gap000838.wav,1.600,4.905,ok,,
vcm_train_gap000840,vcm,train,ref_tagalog13,Countdown for 1 minute,TIMER,,0,out/conversions/v2/ai231-fil50/audio/vcm/vcm_train_gap000840.wav,3.440,8.497,ok,,
vcm_train_gap000842,vcm,train,ref_tagalog8,Countdown for 1 minute,TIMER,,0,out/conversions/v2/ai231-fil50/audio/vcm/vcm_train_gap000842.wav,2.680,8.686,ok,,
vcm_train_gap000844,vcm,train,ref_tagalog15,Countdown for 1 minute,TIMER,,0,out/conversions/v2/ai231-fil50/audio/vcm/vcm_train_gap000844.wav,2.680,8.790,ok,,
vcm_train_gap000846,vcm,train,ref_tagalog12,Start a timer for 30 seconds,TIMER,,0,out/conversions/v2/ai231-fil50/audio/vcm/vcm_train_gap000846.wav,3.240,8.522,ok,,
vcm_train_gap000848,vcm,train,ref_tagalog6,Start a timer for 1 minute,TIMER,,0,out/conversions/v2/ai231-fil50/audio/vcm/vcm_train_gap000848.wav,2.200,6.992,ok,,
vcm_train_gap000850,vcm,train,ref_tagalog10,Alarm 6 AM,ALARM,,0,out/conversions/v2/ai231-fil50/audio/vcm/vcm_train_gap000850.wav,2.440,9.677,ok,,
vcm_train_gap000852,vcm,train,ref_tagalog11,Alarm 6 AM,ALARM,,0,out/conversions/v2/ai231-fil50/audio/vcm/vcm_train_gap000852.wav,2.760,8.775,ok,,
vcm_train_gap000854,vcm,train,ref_tagalog3,Alarm 6 AM,ALARM,,0,out/conversions/v2/ai231-fil50/audio/vcm/vcm_train_gap000854.wav,2.360,7.915,ok,,
vcm_train_gap000856,vcm,train,ref_tagalog2,Alarm 6 AM,ALARM,,0,out/conversions/v2/ai231-fil50/audio/vcm/vcm_train_gap000856.wav,2.040,7.174,ok,,
vcm_train_gap000858,vcm,train,ref_tagalog4,Alarm 6 AM,ALARM,,0,out/conversions/v2/ai231-fil50/audio/vcm/vcm_train_gap000858.wav,2.040,7.041,ok,,
vcm_train_gap000860,vcm,train,ref_tagalog14,Alarm 6 AM,ALARM,,0,out/conversions/v2/ai231-fil50/audio/vcm/vcm_train_gap000860.wav,2.800,7.313,ok,,
vcm_train_gap000862,vcm,train,ref_tagalog16,Alarm 6 AM,ALARM,,0,out/conversions/v2/ai231-fil50/audio/vcm/vcm_train_gap000862.wav,2.320,6.897,ok,,
vcm_train_gap000864,vcm,train,ref_ilonggo1,Alarm 6 AM,ALARM,,0,out/conversions/v2/ai231-fil50/audio/vcm/vcm_train_gap000864.wav,2.560,6.789,ok,,
vcm_train_gap000866,vcm,train,ref_tagalog5,Alarm 6 AM,ALARM,,0,out/conversions/v2/ai231-fil50/audio/vcm/vcm_train_gap000866.wav,2.800,6.871,ok,,
vcm_train_gap000868,vcm,train,ref_tagalog7,Alarm 6 AM,ALARM,,0,out/conversions/v2/ai231-fil50/audio/vcm/vcm_train_gap000868.wav,2.560,7.264,ok,,
vcm_train_gap000870,vcm,train,ref_tagalog9,Alarm 6 AM,ALARM,,0,out/conversions/v2/ai231-fil50/audio/vcm/vcm_train_gap000870.wav,1.480,6.138,ok,,
vcm_train_gap000872,vcm,train,ref_tagalog1,Alarm 6 AM,ALARM,,0,out/conversions/v2/ai231-fil50/audio/vcm/vcm_train_gap000872.wav,2.000,5.729,ok,,
vcm_train_gap000874,vcm,train,ref_tagalog13,Alarm 8 AM,ALARM,,0,out/conversions/v2/ai231-fil50/audio/vcm/vcm_train_gap000874.wav,3.200,6.609,ok,,
vcm_train_gap000876,vcm,train,ref_tagalog8,Alarm 8 AM,ALARM,,0,out/conversions/v2/ai231-fil50/audio/vcm/vcm_train_gap000876.wav,2.160,6.792,ok,,
vcm_train_gap000878,vcm,train,ref_tagalog15,Alarm 8 AM,ALARM,,0,out/conversions/v2/ai231-fil50/audio/vcm/vcm_train_gap000878.wav,2.320,8.287,ok,,
vcm_train_gap000880,vcm,train,ref_tagalog12,Alarm 8 AM,ALARM,,0,out/conversions/v2/ai231-fil50/audio/vcm/vcm_train_gap000880.wav,2.680,7.123,ok,,
vcm_train_gap000882,vcm,train,ref_tagalog6,Alarm 8 AM,ALARM,,0,out/conversions/v2/ai231-fil50/audio/vcm/vcm_train_gap000882.wav,2.200,8.017,ok,,
vcm_train_gap000884,vcm,train,ref_tagalog10,Alarm 8 AM,ALARM,,0,out/conversions/v2/ai231-fil50/audio/vcm/vcm_train_gap000884.wav,2.120,8.611,ok,,
vcm_train_gap000886,vcm,train,ref_tagalog11,Alarm 8 AM,ALARM,,0,out/conversions/v2/ai231-fil50/audio/vcm/vcm_train_gap000886.wav,2.600,7.891,ok,,
vcm_train_gap000888,vcm,train,ref_tagalog3,Alarm 8 AM,ALARM,,0,out/conversions/v2/ai231-fil50/audio/vcm/vcm_train_gap000888.wav,2.720,8.082,ok,,
vcm_train_gap000890,vcm,train,ref_tagalog2,Alarm 9 PM,ALARM,,0,out/conversions/v2/ai231-fil50/audio/vcm/vcm_train_gap000890.wav,1.800,5.877,ok,,
vcm_train_gap000892,vcm,train,ref_tagalog4,Alarm 9 PM,ALARM,,0,out/conversions/v2/ai231-fil50/audio/vcm/vcm_train_gap000892.wav,2.080,8.014,ok,,
vcm_train_gap000894,vcm,train,ref_tagalog14,Alarm 9 PM,ALARM,,0,out/conversions/v2/ai231-fil50/audio/vcm/vcm_train_gap000894.wav,3.200,7.268,ok,,
vcm_train_gap000896,vcm,train,ref_tagalog16,Alarm 9 PM,ALARM,,0,out/conversions/v2/ai231-fil50/audio/vcm/vcm_train_gap000896.wav,2.040,5.763,ok,,
vcm_train_gap000898,vcm,train,ref_ilonggo1,Alarm 9 PM,ALARM,,0,out/conversions/v2/ai231-fil50/audio/vcm/vcm_train_gap000898.wav,2.120,3.983,ok,,
vcm_train_gap000900,vcm,train,ref_tagalog5,Alarm 9 PM,ALARM,,0,out/conversions/v2/ai231-fil50/audio/vcm/vcm_train_gap000900.wav,1.680,3.081,ok,,
vcm_train_gap000902,vcm,train,ref_tagalog7,Alarm 9 PM,ALARM,,0,out/conversions/v2/ai231-fil50/audio/vcm/vcm_train_gap000902.wav,2.120,5.246,ok,,
vcm_train_gap000904,vcm,train,ref_tagalog9,Alarm 9 PM,ALARM,,0,out/conversions/v2/ai231-fil50/audio/vcm/vcm_train_gap000904.wav,2.480,8.303,ok,,
vcm_train_gap000906,vcm,train,ref_tagalog1,Alarm 9 PM,ALARM,,0,out/conversions/v2/ai231-fil50/audio/vcm/vcm_train_gap000906.wav,2.120,6.541,ok,,
vcm_train_gap000908,vcm,train,ref_tagalog13,Alarm 9 PM,ALARM,,0,out/conversions/v2/ai231-fil50/audio/vcm/vcm_train_gap000908.wav,3.200,8.888,ok,,
vcm_train_gap000910,vcm,train,ref_tagalog8,Alarm 9 PM,ALARM,,0,out/conversions/v2/ai231-fil50/audio/vcm/vcm_train_gap000910.wav,2.040,6.518,ok,,
vcm_train_gap000912,vcm,train,ref_tagalog15,Alarm 9 PM,ALARM,,0,out/conversions/v2/ai231-fil50/audio/vcm/vcm_train_gap000912.wav,1.840,6.182,ok,,
vcm_train_gap000914,vcm,train,ref_tagalog12,Alarm 9 PM,ALARM,,0,out/conversions/v2/ai231-fil50/audio/vcm/vcm_train_gap000914.wav,2.400,7.271,ok,,
vcm_train_gap000916,vcm,train,ref_tagalog6,Alarm 9 PM,ALARM,,0,out/conversions/v2/ai231-fil50/audio/vcm/vcm_train_gap000916.wav,2.200,6.477,ok,,
vcm_train_gap000918,vcm,train,ref_tagalog10,Alarm 9 PM,ALARM,,0,out/conversions/v2/ai231-fil50/audio/vcm/vcm_train_gap000918.wav,2.440,6.983,ok,,
vcm_train_gap000920,vcm,train,ref_tagalog11,Alarm 9 PM,ALARM,,0,out/conversions/v2/ai231-fil50/audio/vcm/vcm_train_gap000920.wav,1.960,4.745,ok,,
vcm_train_gap000922,vcm,train,ref_tagalog3,Alarm 9 PM,ALARM,,0,out/conversions/v2/ai231-fil50/audio/vcm/vcm_train_gap000922.wav,2.360,5.200,ok,,
vcm_train_gap000924,vcm,train,ref_tagalog2,Wake me up at 6 AM,ALARM,,0,out/conversions/v2/ai231-fil50/audio/vcm/vcm_train_gap000924.wav,2.200,6.087,ok,,
vcm_train_gap000926,vcm,train,ref_tagalog4,Wake me up at 6 AM,ALARM,,0,out/conversions/v2/ai231-fil50/audio/vcm/vcm_train_gap000926.wav,1.920,7.514,ok,,
vcm_train_gap000928,vcm,train,ref_tagalog14,Wake me up at 6 AM,ALARM,,0,out/conversions/v2/ai231-fil50/audio/vcm/vcm_train_gap000928.wav,2.640,7.417,ok,,
vcm_train_gap000930,vcm,train,ref_tagalog16,Wake me up at 6 AM,ALARM,,0,out/conversions/v2/ai231-fil50/audio/vcm/vcm_train_gap000930.wav,2.520,8.366,ok,,
vcm_train_gap000932,vcm,train,ref_ilonggo1,Wake me up at 6 AM,ALARM,,0,out/conversions/v2/ai231-fil50/audio/vcm/vcm_train_gap000932.wav,2.000,8.379,ok,,
vcm_train_gap000934,vcm,train,ref_tagalog5,Wake me up at 6 AM,ALARM,,0,out/conversions/v2/ai231-fil50/audio/vcm/vcm_train_gap000934.wav,2.680,8.509,ok,,
vcm_train_gap000936,vcm,train,ref_tagalog7,Wake me up at 6 AM,ALARM,,0,out/conversions/v2/ai231-fil50/audio/vcm/vcm_train_gap000936.wav,1.920,7.309,ok,,
vcm_train_gap000938,vcm,train,ref_tagalog9,Wake me up at 6 AM,ALARM,,0,out/conversions/v2/ai231-fil50/audio/vcm/vcm_train_gap000938.wav,1.920,6.240,ok,,
vcm_train_gap000940,vcm,train,ref_tagalog1,Wake me up at 6 AM,ALARM,,0,out/conversions/v2/ai231-fil50/audio/vcm/vcm_train_gap000940.wav,1.720,6.776,ok,,
vcm_train_gap000942,vcm,train,ref_tagalog13,Wake me up at 6 AM,ALARM,,0,out/conversions/v2/ai231-fil50/audio/vcm/vcm_train_gap000942.wav,3.480,8.710,ok,,
vcm_train_gap000944,vcm,train,ref_tagalog8,Wake me up at 6 AM,ALARM,,0,out/conversions/v2/ai231-fil50/audio/vcm/vcm_train_gap000944.wav,2.600,6.286,ok,,
vcm_train_gap000946,vcm,train,ref_tagalog15,Wake me up at 6 AM,ALARM,,0,out/conversions/v2/ai231-fil50/audio/vcm/vcm_train_gap000946.wav,3.120,5.565,ok,,
vcm_train_gap000948,vcm,train,ref_tagalog12,Wake me up at 6 AM,ALARM,,0,out/conversions/v2/ai231-fil50/audio/vcm/vcm_train_gap000948.wav,2.800,6.797,ok,,
vcm_train_gap000950,vcm,train,ref_tagalog6,Wake me up at 6 AM,ALARM,,0,out/conversions/v2/ai231-fil50/audio/vcm/vcm_train_gap000950.wav,2.160,7.688,ok,,
vcm_train_gap000952,vcm,train,ref_tagalog10,Wake me up at 9 PM,ALARM,,0,out/conversions/v2/ai231-fil50/audio/vcm/vcm_train_gap000952.wav,2.400,9.248,ok,,
vcm_train_gap000954,vcm,train,ref_tagalog11,Wake me up at 9 PM,ALARM,,0,out/conversions/v2/ai231-fil50/audio/vcm/vcm_train_gap000954.wav,2.800,8.105,ok,,
vcm_train_gap000956,vcm,train,ref_tagalog3,Wake me up at 9 PM,ALARM,,0,out/conversions/v2/ai231-fil50/audio/vcm/vcm_train_gap000956.wav,2.360,8.114,ok,,
vcm_train_gap000958,vcm,train,ref_tagalog2,Wake me up at 9 PM,ALARM,,0,out/conversions/v2/ai231-fil50/audio/vcm/vcm_train_gap000958.wav,2.120,8.479,ok,,
vcm_train_gap000960,vcm,train,ref_tagalog4,Wake me up at 9 PM,ALARM,,0,out/conversions/v2/ai231-fil50/audio/vcm/vcm_train_gap000960.wav,1.800,7.742,ok,,
vcm_train_gap000962,vcm,train,ref_tagalog14,Wake me up at 9 PM,ALARM,,0,out/conversions/v2/ai231-fil50/audio/vcm/vcm_train_gap000962.wav,2.520,8.240,ok,,
vcm_train_gap000964,vcm,train,ref_tagalog16,Wake me up at 9 PM,ALARM,,0,out/conversions/v2/ai231-fil50/audio/vcm/vcm_train_gap000964.wav,3.120,8.174,ok,,
vcm_train_gap000966,vcm,train,ref_ilonggo1,Wake me up at 9 PM,ALARM,,0,out/conversions/v2/ai231-fil50/audio/vcm/vcm_train_gap000966.wav,3.120,8.377,ok,,
vcm_train_gap000968,vcm,train,ref_tagalog5,Wake me up at 9 PM,ALARM,,0,out/conversions/v2/ai231-fil50/audio/vcm/vcm_train_gap000968.wav,2.840,5.904,ok,,
vcm_train_gap000970,vcm,train,ref_tagalog7,Wake me up at 9 PM,ALARM,,0,out/conversions/v2/ai231-fil50/audio/vcm/vcm_train_gap000970.wav,2.480,6.550,ok,,
vcm_train_gap000972,vcm,train,ref_tagalog9,Wake me up at 9 PM,ALARM,,0,out/conversions/v2/ai231-fil50/audio/vcm/vcm_train_gap000972.wav,2.160,7.516,ok,,
vcm_train_gap000974,vcm,train,ref_tagalog1,Wake me up at 9 PM,ALARM,,0,out/conversions/v2/ai231-fil50/audio/vcm/vcm_train_gap000974.wav,5.600,12.236,ok,,
vcm_train_gap000976,vcm,train,ref_tagalog13,Wake me up at 9 PM,ALARM,,0,out/conversions/v2/ai231-fil50/audio/vcm/vcm_train_gap000976.wav,4.040,10.801,ok,,
vcm_train_gap000978,vcm,train,ref_tagalog8,Wake me up at 9 PM,ALARM,,0,out/conversions/v2/ai231-fil50/audio/vcm/vcm_train_gap000978.wav,2.760,8.201,ok,,
vcm_train_gap000980,vcm,train,ref_tagalog15,Wake me up at 9 PM,ALARM,,0,out/conversions/v2/ai231-fil50/audio/vcm/vcm_train_gap000980.wav,2.680,7.312,ok,,
vcm_train_gap000982,vcm,train,ref_tagalog12,Wake me up at 9 PM,ALARM,,0,out/conversions/v2/ai231-fil50/audio/vcm/vcm_train_gap000982.wav,2.680,7.699,ok,,
vcm_train_gap000984,vcm,train,ref_tagalog6,Set an alarm for 9 PM,ALARM,,0,out/conversions/v2/ai231-fil50/audio/vcm/vcm_train_gap000984.wav,2.560,7.483,ok,,
vcm_train_gap000986,vcm,train,ref_tagalog10,Set an alarm for 9 PM,ALARM,,0,out/conversions/v2/ai231-fil50/audio/vcm/vcm_train_gap000986.wav,2.400,8.293,ok,,
vcm_train_gap000988,vcm,train,ref_tagalog11,Set an alarm for 9 PM,ALARM,,0,out/conversions/v2/ai231-fil50/audio/vcm/vcm_train_gap000988.wav,2.640,7.586,ok,,
vcm_train_gap000990,vcm,train,ref_tagalog3,Set an alarm for 9 PM,ALARM,,0,out/conversions/v2/ai231-fil50/audio/vcm/vcm_train_gap000990.wav,2.840,5.825,ok,,
vcm_train_gap000992,vcm,train,ref_tagalog2,Temperature 18 degrees,TEMPERATURE,,0,out/conversions/v2/ai231-fil50/audio/vcm/vcm_train_gap000992.wav,2.320,5.538,ok,,
vcm_train_gap000994,vcm,train,ref_tagalog4,Temperature 26 degrees,TEMPERATURE,,0,out/conversions/v2/ai231-fil50/audio/vcm/vcm_train_gap000994.wav,2.120,7.116,ok,,
vcm_train_gap000996,vcm,train,ref_tagalog14,Temperature 26 degrees,TEMPERATURE,,0,out/conversions/v2/ai231-fil50/audio/vcm/vcm_train_gap000996.wav,3.560,9.128,ok,,
vcm_train_gap000998,vcm,train,ref_tagalog16,Temperature 26 degrees,TEMPERATURE,,0,out/conversions/v2/ai231-fil50/audio/vcm/vcm_train_gap000998.wav,1.840,5.981,ok,,
vcm_train_gap001000,vcm,train,ref_ilonggo1,Set the temperature to 18 degrees,TEMPERATURE,,0,out/conversions/v2/ai231-fil50/audio/vcm/vcm_train_gap001000.wav,3.280,10.067,ok,,
vcm_train_gap001002,vcm,train,ref_tagalog5,Set the temperature to 18 degrees,TEMPERATURE,,0,out/conversions/v2/ai231-fil50/audio/vcm/vcm_train_gap001002.wav,3.160,6.967,ok,,
vcm_train_gap001004,vcm,train,ref_tagalog7,Set the temperature to 18 degrees,TEMPERATURE,,0,out/conversions/v2/ai231-fil50/audio/vcm/vcm_train_gap001004.wav,3.000,8.571,ok,,
vcm_train_gap001006,vcm,train,ref_tagalog9,Set the temperature to 18 degrees,TEMPERATURE,,0,out/conversions/v2/ai231-fil50/audio/vcm/vcm_train_gap001006.wav,3.120,10.245,ok,,
vcm_train_gap001008,vcm,train,ref_tagalog1,Set the temperature to 18 degrees,TEMPERATURE,,0,out/conversions/v2/ai231-fil50/audio/vcm/vcm_train_gap001008.wav,2.600,8.016,ok,,
vcm_train_gap001010,vcm,train,ref_tagalog13,Set the temperature to 18 degrees,TEMPERATURE,,0,out/conversions/v2/ai231-fil50/audio/vcm/vcm_train_gap001010.wav,4.400,11.460,ok,,
vcm_train_gap001012,vcm,train,ref_tagalog8,Set the temperature to 18 degrees,TEMPERATURE,,0,out/conversions/v2/ai231-fil50/audio/vcm/vcm_train_gap001012.wav,3.120,6.450,ok,,
vcm_train_gap001014,vcm,train,ref_tagalog15,Set the temperature to 18 degrees,TEMPERATURE,,0,out/conversions/v2/ai231-fil50/audio/vcm/vcm_train_gap001014.wav,3.360,7.945,ok,,
vcm_train_gap001016,vcm,train,ref_tagalog12,Set the temperature to 22 degrees,TEMPERATURE,,0,out/conversions/v2/ai231-fil50/audio/vcm/vcm_train_gap001016.wav,3.880,9.653,ok,,
vcm_train_gap001018,vcm,train,ref_tagalog6,Set the temperature to 22 degrees,TEMPERATURE,,0,out/conversions/v2/ai231-fil50/audio/vcm/vcm_train_gap001018.wav,2.880,7.730,ok,,
vcm_train_gap001020,vcm,train,ref_tagalog10,Set the temperature to 22 degrees,TEMPERATURE,,0,out/conversions/v2/ai231-fil50/audio/vcm/vcm_train_gap001020.wav,2.840,8.243,ok,,
vcm_train_gap001022,vcm,train,ref_tagalog11,Brightness 20 percent,BRIGHTNESS,,0,out/conversions/v2/ai231-fil50/audio/vcm/vcm_train_gap001022.wav,2.720,8.313,ok,,
vcm_train_gap001024,vcm,train,ref_tagalog3,Brightness 20 percent,BRIGHTNESS,,0,out/conversions/v2/ai231-fil50/audio/vcm/vcm_train_gap001024.wav,2.360,6.837,ok,,
vcm_train_gap001026,vcm,train,ref_tagalog2,Brightness 20 percent,BRIGHTNESS,,0,out/conversions/v2/ai231-fil50/audio/vcm/vcm_train_gap001026.wav,2.240,6.245,ok,,
vcm_train_gap001028,vcm,train,ref_tagalog4,Brightness 20 percent,BRIGHTNESS,,0,out/conversions/v2/ai231-fil50/audio/vcm/vcm_train_gap001028.wav,2.120,6.878,ok,,
vcm_train_gap001030,vcm,train,ref_tagalog14,Brightness 20 percent,BRIGHTNESS,,0,out/conversions/v2/ai231-fil50/audio/vcm/vcm_train_gap001030.wav,2.320,8.213,ok,,
vcm_train_gap001032,vcm,train,ref_tagalog16,Brightness 20 percent,BRIGHTNESS,,0,out/conversions/v2/ai231-fil50/audio/vcm/vcm_train_gap001032.wav,1.920,6.325,ok,,
vcm_train_gap001034,vcm,train,ref_ilonggo1,Brightness 20 percent,BRIGHTNESS,,0,out/conversions/v2/ai231-fil50/audio/vcm/vcm_train_gap001034.wav,2.760,5.634,ok,,
vcm_train_gap001036,vcm,train,ref_tagalog5,Brightness 20 percent,BRIGHTNESS,,0,out/conversions/v2/ai231-fil50/audio/vcm/vcm_train_gap001036.wav,2.080,4.626,ok,,
vcm_train_gap001038,vcm,train,ref_tagalog7,Brightness 20 percent,BRIGHTNESS,,0,out/conversions/v2/ai231-fil50/audio/vcm/vcm_train_gap001038.wav,2.080,5.336,ok,,
vcm_train_gap001040,vcm,train,ref_tagalog9,Brightness 20 percent,BRIGHTNESS,,0,out/conversions/v2/ai231-fil50/audio/vcm/vcm_train_gap001040.wav,1.960,7.062,ok,,
vcm_train_gap001042,vcm,train,ref_tagalog1,Brightness 20 percent,BRIGHTNESS,,0,out/conversions/v2/ai231-fil50/audio/vcm/vcm_train_gap001042.wav,1.920,7.107,ok,,
vcm_train_gap001044,vcm,train,ref_tagalog13,Brightness 20 percent,BRIGHTNESS,,0,out/conversions/v2/ai231-fil50/audio/vcm/vcm_train_gap001044.wav,3.080,9.135,ok,,
vcm_train_gap001046,vcm,train,ref_tagalog8,Brightness 20 percent,BRIGHTNESS,,0,out/conversions/v2/ai231-fil50/audio/vcm/vcm_train_gap001046.wav,2.160,7.426,ok,,
vcm_train_gap001048,vcm,train,ref_tagalog15,Brightness 20 percent,BRIGHTNESS,,0,out/conversions/v2/ai231-fil50/audio/vcm/vcm_train_gap001048.wav,2.360,7.353,ok,,
vcm_train_gap001050,vcm,train,ref_tagalog12,Brightness 20 percent,BRIGHTNESS,,0,out/conversions/v2/ai231-fil50/audio/vcm/vcm_train_gap001050.wav,2.600,7.943,ok,,
vcm_train_gap001052,vcm,train,ref_tagalog6,Brightness 20 percent,BRIGHTNESS,,0,out/conversions/v2/ai231-fil50/audio/vcm/vcm_train_gap001052.wav,2.160,6.886,ok,,
vcm_train_gap001054,vcm,train,ref_tagalog10,Brightness 20 percent,BRIGHTNESS,,0,out/conversions/v2/ai231-fil50/audio/vcm/vcm_train_gap001054.wav,2.000,6.696,ok,,
vcm_train_gap001056,vcm,train,ref_tagalog11,Brightness 20 percent,BRIGHTNESS,,0,out/conversions/v2/ai231-fil50/audio/vcm/vcm_train_gap001056.wav,2.320,6.877,ok,,
vcm_train_gap001058,vcm,train,ref_tagalog3,Brightness 20 percent,BRIGHTNESS,,0,out/conversions/v2/ai231-fil50/audio/vcm/vcm_train_gap001058.wav,2.800,7.893,ok,,
vcm_train_gap001060,vcm,train,ref_tagalog2,Brightness 20 percent,BRIGHTNESS,,0,out/conversions/v2/ai231-fil50/audio/vcm/vcm_train_gap001060.wav,1.840,5.205,ok,,
vcm_train_gap001062,vcm,train,ref_tagalog4,Brightness 20 percent,BRIGHTNESS,,0,out/conversions/v2/ai231-fil50/audio/vcm/vcm_train_gap001062.wav,2.240,4.670,ok,,
vcm_train_gap001064,vcm,train,ref_tagalog14,Brightness 20 percent,BRIGHTNESS,,0,out/conversions/v2/ai231-fil50/audio/vcm/vcm_train_gap001064.wav,2.320,7.770,ok,,
vcm_train_gap001066,vcm,train,ref_tagalog16,Brightness 20 percent,BRIGHTNESS,,0,out/conversions/v2/ai231-fil50/audio/vcm/vcm_train_gap001066.wav,1.880,6.013,ok,,
vcm_train_gap001068,vcm,train,ref_ilonggo1,Brightness 20 percent,BRIGHTNESS,,0,out/conversions/v2/ai231-fil50/audio/vcm/vcm_train_gap001068.wav,3.200,7.833,ok,,
vcm_train_gap001070,vcm,train,ref_tagalog5,Brightness 20 percent,BRIGHTNESS,,0,out/conversions/v2/ai231-fil50/audio/vcm/vcm_train_gap001070.wav,2.400,6.503,ok,,
vcm_train_gap001072,vcm,train,ref_tagalog7,Brightness 20 percent,BRIGHTNESS,,0,out/conversions/v2/ai231-fil50/audio/vcm/vcm_train_gap001072.wav,2.200,7.648,ok,,
vcm_train_gap001074,vcm,train,ref_tagalog9,Brightness 20 percent,BRIGHTNESS,,0,out/conversions/v2/ai231-fil50/audio/vcm/vcm_train_gap001074.wav,1.880,6.188,ok,,
vcm_train_gap001076,vcm,train,ref_tagalog1,Brightness 20 percent,BRIGHTNESS,,0,out/conversions/v2/ai231-fil50/audio/vcm/vcm_train_gap001076.wav,1.920,7.608,ok,,
vcm_train_gap001078,vcm,train,ref_tagalog13,Brightness 20 percent,BRIGHTNESS,,0,out/conversions/v2/ai231-fil50/audio/vcm/vcm_train_gap001078.wav,2.520,8.150,ok,,
vcm_train_gap001080,vcm,train,ref_tagalog8,Brightness 20 percent,BRIGHTNESS,,0,out/conversions/v2/ai231-fil50/audio/vcm/vcm_train_gap001080.wav,1.880,6.465,ok,,
vcm_train_gap001082,vcm,train,ref_tagalog15,Brightness 20 percent,BRIGHTNESS,,0,out/conversions/v2/ai231-fil50/audio/vcm/vcm_train_gap001082.wav,2.520,7.541,ok,,
vcm_train_gap001084,vcm,train,ref_tagalog12,Brightness 20 percent,BRIGHTNESS,,0,out/conversions/v2/ai231-fil50/audio/vcm/vcm_train_gap001084.wav,2.720,5.615,ok,,
vcm_train_gap001086,vcm,train,ref_tagalog6,Brightness 20 percent,BRIGHTNESS,,0,out/conversions/v2/ai231-fil50/audio/vcm/vcm_train_gap001086.wav,2.000,4.520,ok,,
vcm_train_gap001088,vcm,train,ref_tagalog10,Brightness 20 percent,BRIGHTNESS,,0,out/conversions/v2/ai231-fil50/audio/vcm/vcm_train_gap001088.wav,2.200,7.048,ok,,
vcm_train_gap001090,vcm,train,ref_tagalog11,Brightness 20 percent,BRIGHTNESS,,0,out/conversions/v2/ai231-fil50/audio/vcm/vcm_train_gap001090.wav,2.080,6.916,ok,,
vcm_train_gap001092,vcm,train,ref_tagalog3,Brightness 20 percent,BRIGHTNESS,,0,out/conversions/v2/ai231-fil50/audio/vcm/vcm_train_gap001092.wav,3.040,8.261,ok,,
vcm_train_gap001094,vcm,train,ref_tagalog2,Brightness 20 percent,BRIGHTNESS,,0,out/conversions/v2/ai231-fil50/audio/vcm/vcm_train_gap001094.wav,2.120,8.039,ok,,
vcm_train_gap001096,vcm,train,ref_tagalog4,Brightness 20 percent,BRIGHTNESS,,0,out/conversions/v2/ai231-fil50/audio/vcm/vcm_train_gap001096.wav,2.320,7.944,ok,,
vcm_train_gap001098,vcm,train,ref_tagalog14,Brightness 20 percent,BRIGHTNESS,,0,out/conversions/v2/ai231-fil50/audio/vcm/vcm_train_gap001098.wav,2.960,8.846,ok,,
vcm_train_gap001100,vcm,train,ref_tagalog16,Brightness 20 percent,BRIGHTNESS,,0,out/conversions/v2/ai231-fil50/audio/vcm/vcm_train_gap001100.wav,1.920,6.480,ok,,
vcm_train_gap001102,vcm,train,ref_ilonggo1,Brightness 20 percent,BRIGHTNESS,,0,out/conversions/v2/ai231-fil50/audio/vcm/vcm_train_gap001102.wav,2.400,6.688,ok,,
vcm_train_gap001104,vcm,train,ref_tagalog5,Brightness 20 percent,BRIGHTNESS,,0,out/conversions/v2/ai231-fil50/audio/vcm/vcm_train_gap001104.wav,2.120,5.889,ok,,
vcm_train_gap001106,vcm,train,ref_tagalog7,Brightness 20 percent,BRIGHTNESS,,0,out/conversions/v2/ai231-fil50/audio/vcm/vcm_train_gap001106.wav,2.200,7.153,ok,,
vcm_train_gap001108,vcm,train,ref_tagalog9,Brightness 20 percent,BRIGHTNESS,,0,out/conversions/v2/ai231-fil50/audio/vcm/vcm_train_gap001108.wav,1.960,5.366,ok,,
vcm_train_gap001110,vcm,train,ref_tagalog1,Brightness 20 percent,BRIGHTNESS,,0,out/conversions/v2/ai231-fil50/audio/vcm/vcm_train_gap001110.wav,1.720,4.864,ok,,
vcm_train_gap001112,vcm,train,ref_tagalog13,Brightness 20 percent,BRIGHTNESS,,0,out/conversions/v2/ai231-fil50/audio/vcm/vcm_train_gap001112.wav,3.200,5.782,ok,,
vcm_train_gap001114,vcm,train,ref_tagalog8,Brightness 20 percent,BRIGHTNESS,,0,out/conversions/v2/ai231-fil50/audio/vcm/vcm_train_gap001114.wav,2.280,5.831,ok,,
vcm_train_gap001116,vcm,train,ref_tagalog15,Brightness 20 percent,BRIGHTNESS,,0,out/conversions/v2/ai231-fil50/audio/vcm/vcm_train_gap001116.wav,2.280,7.608,ok,,
vcm_train_gap001118,vcm,train,ref_tagalog12,Brightness 20 percent,BRIGHTNESS,,0,out/conversions/v2/ai231-fil50/audio/vcm/vcm_train_gap001118.wav,2.480,7.807,ok,,
vcm_train_gap001120,vcm,train,ref_tagalog6,Brightness 20 percent,BRIGHTNESS,,0,out/conversions/v2/ai231-fil50/audio/vcm/vcm_train_gap001120.wav,1.640,5.252,ok,,
vcm_train_gap001122,vcm,train,ref_tagalog10,Brightness 20 percent,BRIGHTNESS,,0,out/conversions/v2/ai231-fil50/audio/vcm/vcm_train_gap001122.wav,2.320,5.843,ok,,
vcm_train_gap001124,vcm,train,ref_tagalog11,Brightness 20 percent,BRIGHTNESS,,0,out/conversions/v2/ai231-fil50/audio/vcm/vcm_train_gap001124.wav,2.520,6.106,ok,,
vcm_train_gap001126,vcm,train,ref_tagalog3,Brightness 20 percent,BRIGHTNESS,,0,out/conversions/v2/ai231-fil50/audio/vcm/vcm_train_gap001126.wav,2.280,6.371,ok,,
vcm_train_gap001128,vcm,train,ref_tagalog2,Brightness 20 percent,BRIGHTNESS,,0,out/conversions/v2/ai231-fil50/audio/vcm/vcm_train_gap001128.wav,2.280,7.396,ok,,
vcm_train_gap001130,vcm,train,ref_tagalog4,Brightness 20 percent,BRIGHTNESS,,0,out/conversions/v2/ai231-fil50/audio/vcm/vcm_train_gap001130.wav,2.040,7.253,ok,,
vcm_train_gap001132,vcm,train,ref_tagalog14,Brightness 20 percent,BRIGHTNESS,,0,out/conversions/v2/ai231-fil50/audio/vcm/vcm_train_gap001132.wav,2.280,6.861,ok,,
vcm_train_gap001134,vcm,train,ref_tagalog16,Brightness 20 percent,BRIGHTNESS,,0,out/conversions/v2/ai231-fil50/audio/vcm/vcm_train_gap001134.wav,1.720,6.907,ok,,
vcm_train_gap001136,vcm,train,ref_ilonggo1,Brightness 60 percent,BRIGHTNESS,,0,out/conversions/v2/ai231-fil50/audio/vcm/vcm_train_gap001136.wav,2.640,6.728,ok,,
vcm_train_gap001138,vcm,train,ref_tagalog5,Brightness 60 percent,BRIGHTNESS,,0,out/conversions/v2/ai231-fil50/audio/vcm/vcm_train_gap001138.wav,1.960,5.289,ok,,
vcm_train_gap001140,vcm,train,ref_tagalog7,Brightness 60 percent,BRIGHTNESS,,0,out/conversions/v2/ai231-fil50/audio/vcm/vcm_train_gap001140.wav,2.040,5.085,ok,,
vcm_train_gap001142,vcm,train,ref_tagalog9,Brightness 60 percent,BRIGHTNESS,,0,out/conversions/v2/ai231-fil50/audio/vcm/vcm_train_gap001142.wav,2.000,6.679,ok,,
vcm_train_gap001144,vcm,train,ref_tagalog1,Brightness 60 percent,BRIGHTNESS,,0,out/conversions/v2/ai231-fil50/audio/vcm/vcm_train_gap001144.wav,2.200,7.549,ok,,
vcm_train_gap001146,vcm,train,ref_tagalog13,Brightness 60 percent,BRIGHTNESS,,0,out/conversions/v2/ai231-fil50/audio/vcm/vcm_train_gap001146.wav,2.640,8.101,ok,,
vcm_train_gap001148,vcm,train,ref_tagalog8,Brightness 60 percent,BRIGHTNESS,,0,out/conversions/v2/ai231-fil50/audio/vcm/vcm_train_gap001148.wav,2.000,6.825,ok,,
vcm_train_gap001150,vcm,train,ref_tagalog15,Brightness 60 percent,BRIGHTNESS,,0,out/conversions/v2/ai231-fil50/audio/vcm/vcm_train_gap001150.wav,2.640,7.757,ok,,
vcm_train_gap001152,vcm,train,ref_tagalog12,Brightness 60 percent,BRIGHTNESS,,0,out/conversions/v2/ai231-fil50/audio/vcm/vcm_train_gap001152.wav,2.280,6.439,ok,,
vcm_train_gap001154,vcm,train,ref_tagalog6,Brightness 60 percent,BRIGHTNESS,,0,out/conversions/v2/ai231-fil50/audio/vcm/vcm_train_gap001154.wav,2.120,6.935,ok,,
vcm_train_gap001156,vcm,train,ref_tagalog10,Brightness 60 percent,BRIGHTNESS,,0,out/conversions/v2/ai231-fil50/audio/vcm/vcm_train_gap001156.wav,2.280,7.190,ok,,
vcm_train_gap001158,vcm,train,ref_tagalog11,Brightness 60 percent,BRIGHTNESS,,0,out/conversions/v2/ai231-fil50/audio/vcm/vcm_train_gap001158.wav,3.120,7.561,ok,,
vcm_train_gap001160,vcm,train,ref_tagalog3,Brightness 60 percent,BRIGHTNESS,,0,out/conversions/v2/ai231-fil50/audio/vcm/vcm_train_gap001160.wav,2.440,6.717,ok,,
vcm_train_gap001162,vcm,train,ref_tagalog2,Brightness 60 percent,BRIGHTNESS,,0,out/conversions/v2/ai231-fil50/audio/vcm/vcm_train_gap001162.wav,1.920,4.728,ok,,
vcm_train_gap001164,vcm,train,ref_tagalog4,Brightness 60 percent,BRIGHTNESS,,0,out/conversions/v2/ai231-fil50/audio/vcm/vcm_train_gap001164.wav,2.440,6.706,ok,,
vcm_train_gap001166,vcm,train,ref_tagalog14,Brightness 60 percent,BRIGHTNESS,,0,out/conversions/v2/ai231-fil50/audio/vcm/vcm_train_gap001166.wav,3.200,5.761,ok,,
vcm_train_gap001168,vcm,train,ref_tagalog16,Brightness 60 percent,BRIGHTNESS,,0,out/conversions/v2/ai231-fil50/audio/vcm/vcm_train_gap001168.wav,1.880,3.716,ok,,
vcm_train_gap001170,vcm,train,ref_ilonggo1,Brightness 60 percent,BRIGHTNESS,,0,out/conversions/v2/ai231-fil50/audio/vcm/vcm_train_gap001170.wav,3.160,5.966,ok,,
vcm_train_gap001172,vcm,train,ref_tagalog5,Brightness 60 percent,BRIGHTNESS,,0,out/conversions/v2/ai231-fil50/audio/vcm/vcm_train_gap001172.wav,2.400,4.935,ok,,
vcm_train_gap001174,vcm,train,ref_tagalog7,Brightness 60 percent,BRIGHTNESS,,0,out/conversions/v2/ai231-fil50/audio/vcm/vcm_train_gap001174.wav,3.000,6.461,ok,,
vcm_train_gap001176,vcm,train,ref_tagalog9,Brightness 60 percent,BRIGHTNESS,,0,out/conversions/v2/ai231-fil50/audio/vcm/vcm_train_gap001176.wav,1.800,6.442,ok,,
vcm_train_gap001178,vcm,train,ref_tagalog1,Brightness 60 percent,BRIGHTNESS,,0,out/conversions/v2/ai231-fil50/audio/vcm/vcm_train_gap001178.wav,2.800,6.895,ok,,
vcm_train_gap001180,vcm,train,ref_tagalog13,Brightness 60 percent,BRIGHTNESS,,0,out/conversions/v2/ai231-fil50/audio/vcm/vcm_train_gap001180.wav,3.200,6.745,ok,,
vcm_train_gap001182,vcm,train,ref_tagalog8,Brightness 60 percent,BRIGHTNESS,,0,out/conversions/v2/ai231-fil50/audio/vcm/vcm_train_gap001182.wav,2.800,7.192,ok,,
vcm_train_gap001184,vcm,train,ref_tagalog15,Brightness 60 percent,BRIGHTNESS,,0,out/conversions/v2/ai231-fil50/audio/vcm/vcm_train_gap001184.wav,2.080,5.272,ok,,
vcm_train_gap001186,vcm,train,ref_tagalog12,Brightness 60 percent,BRIGHTNESS,,0,out/conversions/v2/ai231-fil50/audio/vcm/vcm_train_gap001186.wav,2.160,7.492,ok,,
vcm_train_gap001188,vcm,train,ref_tagalog6,Brightness 60 percent,BRIGHTNESS,,0,out/conversions/v2/ai231-fil50/audio/vcm/vcm_train_gap001188.wav,1.720,5.898,ok,,
vcm_train_gap001190,vcm,train,ref_tagalog10,Brightness 60 percent,BRIGHTNESS,,0,out/conversions/v2/ai231-fil50/audio/vcm/vcm_train_gap001190.wav,2.320,7.922,ok,,
vcm_train_gap001192,vcm,train,ref_tagalog11,Brightness 60 percent,BRIGHTNESS,,0,out/conversions/v2/ai231-fil50/audio/vcm/vcm_train_gap001192.wav,2.240,5.629,ok,,
vcm_train_gap001194,vcm,train,ref_tagalog3,Brightness 60 percent,BRIGHTNESS,,0,out/conversions/v2/ai231-fil50/audio/vcm/vcm_train_gap001194.wav,2.200,8.127,ok,,
vcm_train_gap001196,vcm,train,ref_tagalog2,Brightness 60 percent,BRIGHTNESS,,0,out/conversions/v2/ai231-fil50/audio/vcm/vcm_train_gap001196.wav,2.040,5.035,ok,,
vcm_train_gap001198,vcm,train,ref_tagalog4,Brightness 60 percent,BRIGHTNESS,,0,out/conversions/v2/ai231-fil50/audio/vcm/vcm_train_gap001198.wav,2.160,4.705,ok,,
vcm_train_gap001200,vcm,train,ref_tagalog14,Brightness 60 percent,BRIGHTNESS,,0,out/conversions/v2/ai231-fil50/audio/vcm/vcm_train_gap001200.wav,2.760,6.970,ok,,
vcm_train_gap001202,vcm,train,ref_tagalog16,Brightness 60 percent,BRIGHTNESS,,0,out/conversions/v2/ai231-fil50/audio/vcm/vcm_train_gap001202.wav,2.160,5.796,ok,,
vcm_train_gap001204,vcm,train,ref_ilonggo1,Brightness 60 percent,BRIGHTNESS,,0,out/conversions/v2/ai231-fil50/audio/vcm/vcm_train_gap001204.wav,2.600,6.844,ok,,
vcm_train_gap001206,vcm,train,ref_tagalog5,Brightness 60 percent,BRIGHTNESS,,0,out/conversions/v2/ai231-fil50/audio/vcm/vcm_train_gap001206.wav,2.760,7.606,ok,,
vcm_train_gap001208,vcm,train,ref_tagalog7,Brightness 60 percent,BRIGHTNESS,,0,out/conversions/v2/ai231-fil50/audio/vcm/vcm_train_gap001208.wav,2.000,6.889,ok,,
vcm_train_gap001210,vcm,train,ref_tagalog9,Brightness 60 percent,BRIGHTNESS,,0,out/conversions/v2/ai231-fil50/audio/vcm/vcm_train_gap001210.wav,2.160,6.543,ok,,
vcm_train_gap001212,vcm,train,ref_tagalog1,Brightness 60 percent,BRIGHTNESS,,0,out/conversions/v2/ai231-fil50/audio/vcm/vcm_train_gap001212.wav,1.960,5.366,ok,,
vcm_train_gap001214,vcm,train,ref_tagalog13,Brightness 60 percent,BRIGHTNESS,,0,out/conversions/v2/ai231-fil50/audio/vcm/vcm_train_gap001214.wav,3.000,8.927,ok,,
vcm_train_gap001216,vcm,train,ref_tagalog8,Brightness 60 percent,BRIGHTNESS,,0,out/conversions/v2/ai231-fil50/audio/vcm/vcm_train_gap001216.wav,2.440,7.643,ok,,
vcm_train_gap001218,vcm,train,ref_tagalog15,Brightness 60 percent,BRIGHTNESS,,0,out/conversions/v2/ai231-fil50/audio/vcm/vcm_train_gap001218.wav,2.160,7.475,ok,,
vcm_train_gap001220,vcm,train,ref_tagalog12,Brightness 60 percent,BRIGHTNESS,,0,out/conversions/v2/ai231-fil50/audio/vcm/vcm_train_gap001220.wav,2.800,7.258,ok,,
vcm_train_gap001222,vcm,train,ref_tagalog6,Brightness 60 percent,BRIGHTNESS,,0,out/conversions/v2/ai231-fil50/audio/vcm/vcm_train_gap001222.wav,1.800,5.064,ok,,
vcm_train_gap001224,vcm,train,ref_tagalog10,Brightness 60 percent,BRIGHTNESS,,0,out/conversions/v2/ai231-fil50/audio/vcm/vcm_train_gap001224.wav,2.080,4.782,ok,,
vcm_train_gap001226,vcm,train,ref_tagalog11,Brightness 60 percent,BRIGHTNESS,,0,out/conversions/v2/ai231-fil50/audio/vcm/vcm_train_gap001226.wav,2.120,6.394,ok,,
vcm_train_gap001228,vcm,train,ref_tagalog3,Brightness 60 percent,BRIGHTNESS,,0,out/conversions/v2/ai231-fil50/audio/vcm/vcm_train_gap001228.wav,2.560,5.669,ok,,
vcm_train_gap001230,vcm,train,ref_tagalog2,Brightness 60 percent,BRIGHTNESS,,0,out/conversions/v2/ai231-fil50/audio/vcm/vcm_train_gap001230.wav,1.680,5.543,ok,,
vcm_train_gap001232,vcm,train,ref_tagalog4,Brightness 60 percent,BRIGHTNESS,,0,out/conversions/v2/ai231-fil50/audio/vcm/vcm_train_gap001232.wav,2.200,7.578,ok,,
vcm_train_gap001234,vcm,train,ref_tagalog14,Brightness 60 percent,BRIGHTNESS,,0,out/conversions/v2/ai231-fil50/audio/vcm/vcm_train_gap001234.wav,2.760,6.999,ok,,
vcm_train_gap001236,vcm,train,ref_tagalog16,Brightness 60 percent,BRIGHTNESS,,0,out/conversions/v2/ai231-fil50/audio/vcm/vcm_train_gap001236.wav,1.720,4.634,ok,,
vcm_train_gap001238,vcm,train,ref_ilonggo1,Brightness 60 percent,BRIGHTNESS,,0,out/conversions/v2/ai231-fil50/audio/vcm/vcm_train_gap001238.wav,2.640,8.974,ok,,
vcm_train_gap001240,vcm,train,ref_tagalog5,Brightness 60 percent,BRIGHTNESS,,0,out/conversions/v2/ai231-fil50/audio/vcm/vcm_train_gap001240.wav,2.520,7.169,ok,,
vcm_train_gap001242,vcm,train,ref_tagalog7,Brightness 60 percent,BRIGHTNESS,,0,out/conversions/v2/ai231-fil50/audio/vcm/vcm_train_gap001242.wav,2.320,7.113,ok,,
vcm_train_gap001244,vcm,train,ref_tagalog9,Brightness 60 percent,BRIGHTNESS,,0,out/conversions/v2/ai231-fil50/audio/vcm/vcm_train_gap001244.wav,1.800,6.665,ok,,
vcm_train_gap001246,vcm,train,ref_tagalog1,Brightness 60 percent,BRIGHTNESS,,0,out/conversions/v2/ai231-fil50/audio/vcm/vcm_train_gap001246.wav,1.840,7.314,ok,,
vcm_train_gap001248,vcm,train,ref_tagalog13,Brightness 100 percent,BRIGHTNESS,,0,out/conversions/v2/ai231-fil50/audio/vcm/vcm_train_gap001248.wav,4.000,10.109,ok,,
vcm_train_gap001250,vcm,train,ref_tagalog8,Brightness 100 percent,BRIGHTNESS,,0,out/conversions/v2/ai231-fil50/audio/vcm/vcm_train_gap001250.wav,2.320,7.488,ok,,
vcm_train_gap001252,vcm,train,ref_tagalog15,Brightness 100 percent,BRIGHTNESS,,0,out/conversions/v2/ai231-fil50/audio/vcm/vcm_train_gap001252.wav,2.320,5.725,ok,,
vcm_train_gap001254,vcm,train,ref_tagalog12,Brightness 100 percent,BRIGHTNESS,,0,out/conversions/v2/ai231-fil50/audio/vcm/vcm_train_gap001254.wav,2.880,5.846,ok,,
vcm_train_gap001256,vcm,train,ref_tagalog6,Brightness 100 percent,BRIGHTNESS,,0,out/conversions/v2/ai231-fil50/audio/vcm/vcm_train_gap001256.wav,2.040,5.718,ok,,
vcm_train_gap001258,vcm,train,ref_tagalog10,Brightness 100 percent,BRIGHTNESS,,0,out/conversions/v2/ai231-fil50/audio/vcm/vcm_train_gap001258.wav,2.240,7.133,ok,,
vcm_train_gap001260,vcm,train,ref_tagalog11,Brightness 100 percent,BRIGHTNESS,,0,out/conversions/v2/ai231-fil50/audio/vcm/vcm_train_gap001260.wav,2.080,5.731,ok,,
vcm_train_gap001262,vcm,train,ref_tagalog3,Brightness 100 percent,BRIGHTNESS,,0,out/conversions/v2/ai231-fil50/audio/vcm/vcm_train_gap001262.wav,2.120,7.668,ok,,
vcm_train_gap001264,vcm,train,ref_tagalog2,Brightness 100 percent,BRIGHTNESS,,0,out/conversions/v2/ai231-fil50/audio/vcm/vcm_train_gap001264.wav,2.160,5.846,ok,,
vcm_train_gap001266,vcm,train,ref_tagalog4,Brightness 100 percent,BRIGHTNESS,,0,out/conversions/v2/ai231-fil50/audio/vcm/vcm_train_gap001266.wav,2.120,6.012,ok,,
vcm_train_gap001268,vcm,train,ref_tagalog14,Brightness 100 percent,BRIGHTNESS,,0,out/conversions/v2/ai231-fil50/audio/vcm/vcm_train_gap001268.wav,2.920,7.587,ok,,
vcm_train_gap001270,vcm,train,ref_tagalog16,Brightness 100 percent,BRIGHTNESS,,0,out/conversions/v2/ai231-fil50/audio/vcm/vcm_train_gap001270.wav,2.160,6.606,ok,,
vcm_train_gap001272,vcm,train,ref_ilonggo1,Brightness 100 percent,BRIGHTNESS,,0,out/conversions/v2/ai231-fil50/audio/vcm/vcm_train_gap001272.wav,2.760,6.874,ok,,
vcm_train_gap001274,vcm,train,ref_tagalog5,Brightness 100 percent,BRIGHTNESS,,0,out/conversions/v2/ai231-fil50/audio/vcm/vcm_train_gap001274.wav,2.360,6.838,ok,,
vcm_train_gap001276,vcm,train,ref_tagalog7,Brightness 100 percent,BRIGHTNESS,,0,out/conversions/v2/ai231-fil50/audio/vcm/vcm_train_gap001276.wav,2.080,7.914,ok,,
vcm_train_gap001278,vcm,train,ref_tagalog9,Brightness 100 percent,BRIGHTNESS,,0,out/conversions/v2/ai231-fil50/audio/vcm/vcm_train_gap001278.wav,2.160,7.333,ok,,
vcm_train_gap001280,vcm,train,ref_tagalog1,Brightness 100 percent,BRIGHTNESS,,0,out/conversions/v2/ai231-fil50/audio/vcm/vcm_train_gap001280.wav,2.040,6.038,ok,,
vcm_train_gap001282,vcm,train,ref_tagalog13,Brightness 100 percent,BRIGHTNESS,,0,out/conversions/v2/ai231-fil50/audio/vcm/vcm_train_gap001282.wav,3.960,9.146,ok,,
vcm_train_gap001284,vcm,train,ref_tagalog8,Brightness 100 percent,BRIGHTNESS,,0,out/conversions/v2/ai231-fil50/audio/vcm/vcm_train_gap001284.wav,2.600,7.051,ok,,
vcm_train_gap001286,vcm,train,ref_tagalog15,Brightness 100 percent,BRIGHTNESS,,0,out/conversions/v2/ai231-fil50/audio/vcm/vcm_train_gap001286.wav,2.720,7.408,ok,,
vcm_train_gap001288,vcm,train,ref_tagalog12,Brightness 100 percent,BRIGHTNESS,,0,out/conversions/v2/ai231-fil50/audio/vcm/vcm_train_gap001288.wav,2.360,7.046,ok,,
vcm_train_gap001290,vcm,train,ref_tagalog6,Brightness 100 percent,BRIGHTNESS,,0,out/conversions/v2/ai231-fil50/audio/vcm/vcm_train_gap001290.wav,1.880,5.993,ok,,
vcm_train_gap001292,vcm,train,ref_tagalog10,Brightness 100 percent,BRIGHTNESS,,0,out/conversions/v2/ai231-fil50/audio/vcm/vcm_train_gap001292.wav,2.120,5.665,ok,,
vcm_train_gap001294,vcm,train,ref_tagalog11,Brightness 100 percent,BRIGHTNESS,,0,out/conversions/v2/ai231-fil50/audio/vcm/vcm_train_gap001294.wav,2.640,6.099,ok,,
vcm_train_gap001296,vcm,train,ref_tagalog3,Brightness 100 percent,BRIGHTNESS,,0,out/conversions/v2/ai231-fil50/audio/vcm/vcm_train_gap001296.wav,2.480,7.016,ok,,
vcm_train_gap001298,vcm,train,ref_tagalog2,Brightness 100 percent,BRIGHTNESS,,0,out/conversions/v2/ai231-fil50/audio/vcm/vcm_train_gap001298.wav,2.400,4.988,ok,,
vcm_train_gap001300,vcm,train,ref_tagalog4,Brightness 100 percent,BRIGHTNESS,,0,out/conversions/v2/ai231-fil50/audio/vcm/vcm_train_gap001300.wav,2.440,6.702,ok,,
vcm_train_gap001302,vcm,train,ref_tagalog14,Brightness 100 percent,BRIGHTNESS,,0,out/conversions/v2/ai231-fil50/audio/vcm/vcm_train_gap001302.wav,3.080,6.734,ok,,
vcm_train_gap001304,vcm,train,ref_tagalog16,Brightness 100 percent,BRIGHTNESS,,0,out/conversions/v2/ai231-fil50/audio/vcm/vcm_train_gap001304.wav,2.080,7.755,ok,,
vcm_train_gap001306,vcm,train,ref_ilonggo1,Brightness 100 percent,BRIGHTNESS,,0,out/conversions/v2/ai231-fil50/audio/vcm/vcm_train_gap001306.wav,2.720,7.731,ok,,
vcm_train_gap001308,vcm,train,ref_tagalog5,Brightness 100 percent,BRIGHTNESS,,0,out/conversions/v2/ai231-fil50/audio/vcm/vcm_train_gap001308.wav,2.600,5.510,ok,,
vcm_train_gap001310,vcm,train,ref_tagalog7,Brightness 100 percent,BRIGHTNESS,,0,out/conversions/v2/ai231-fil50/audio/vcm/vcm_train_gap001310.wav,2.440,5.558,ok,,
vcm_train_gap001312,vcm,train,ref_tagalog9,Brightness 100 percent,BRIGHTNESS,,0,out/conversions/v2/ai231-fil50/audio/vcm/vcm_train_gap001312.wav,2.600,6.965,ok,,
vcm_train_gap001314,vcm,train,ref_tagalog1,Brightness 100 percent,BRIGHTNESS,,0,out/conversions/v2/ai231-fil50/audio/vcm/vcm_train_gap001314.wav,2.560,6.585,ok,,
vcm_train_gap001316,vcm,train,ref_tagalog13,Brightness 100 percent,BRIGHTNESS,,0,out/conversions/v2/ai231-fil50/audio/vcm/vcm_train_gap001316.wav,4.000,8.987,ok,,
vcm_train_gap001318,vcm,train,ref_tagalog8,Brightness 100 percent,BRIGHTNESS,,0,out/conversions/v2/ai231-fil50/audio/vcm/vcm_train_gap001318.wav,2.800,7.498,ok,,
vcm_train_gap001320,vcm,train,ref_tagalog15,Brightness 100 percent,BRIGHTNESS,,0,out/conversions/v2/ai231-fil50/audio/vcm/vcm_train_gap001320.wav,2.520,6.126,ok,,
vcm_train_gap001322,vcm,train,ref_tagalog12,Brightness 100 percent,BRIGHTNESS,,0,out/conversions/v2/ai231-fil50/audio/vcm/vcm_train_gap001322.wav,2.400,6.214,ok,,
vcm_train_gap001324,vcm,train,ref_tagalog6,Brightness 100 percent,BRIGHTNESS,,0,out/conversions/v2/ai231-fil50/audio/vcm/vcm_train_gap001324.wav,2.000,6.809,ok,,
vcm_train_gap001326,vcm,train,ref_tagalog10,Brightness 100 percent,BRIGHTNESS,,0,out/conversions/v2/ai231-fil50/audio/vcm/vcm_train_gap001326.wav,2.040,6.115,ok,,
vcm_train_gap001328,vcm,train,ref_tagalog11,Brightness 100 percent,BRIGHTNESS,,0,out/conversions/v2/ai231-fil50/audio/vcm/vcm_train_gap001328.wav,2.520,6.509,ok,,
vcm_train_gap001330,vcm,train,ref_tagalog3,Brightness 100 percent,BRIGHTNESS,,0,out/conversions/v2/ai231-fil50/audio/vcm/vcm_train_gap001330.wav,2.920,7.382,ok,,
vcm_train_gap001332,vcm,train,ref_tagalog2,Brightness 100 percent,BRIGHTNESS,,0,out/conversions/v2/ai231-fil50/audio/vcm/vcm_train_gap001332.wav,2.400,6.013,ok,,
vcm_train_gap001334,vcm,train,ref_tagalog4,Brightness 100 percent,BRIGHTNESS,,0,out/conversions/v2/ai231-fil50/audio/vcm/vcm_train_gap001334.wav,2.480,8.595,ok,,
vcm_train_gap001336,vcm,train,ref_tagalog14,Brightness 100 percent,BRIGHTNESS,,0,out/conversions/v2/ai231-fil50/audio/vcm/vcm_train_gap001336.wav,2.640,6.105,ok,,
vcm_train_gap001338,vcm,train,ref_tagalog16,Brightness 100 percent,BRIGHTNESS,,0,out/conversions/v2/ai231-fil50/audio/vcm/vcm_train_gap001338.wav,2.400,5.521,ok,,
vcm_train_gap001340,vcm,train,ref_ilonggo1,Brightness 100 percent,BRIGHTNESS,,0,out/conversions/v2/ai231-fil50/audio/vcm/vcm_train_gap001340.wav,2.840,6.665,ok,,
vcm_train_gap001342,vcm,train,ref_tagalog5,Brightness 100 percent,BRIGHTNESS,,0,out/conversions/v2/ai231-fil50/audio/vcm/vcm_train_gap001342.wav,2.960,7.687,ok,,
vcm_train_gap001344,vcm,train,ref_tagalog7,Brightness 100 percent,BRIGHTNESS,,0,out/conversions/v2/ai231-fil50/audio/vcm/vcm_train_gap001344.wav,2.720,8.181,ok,,
vcm_train_gap001346,vcm,train,ref_tagalog9,Brightness 100 percent,BRIGHTNESS,,0,out/conversions/v2/ai231-fil50/audio/vcm/vcm_train_gap001346.wav,2.560,7.394,ok,,
vcm_train_gap001348,vcm,train,ref_tagalog1,Brightness 100 percent,BRIGHTNESS,,0,out/conversions/v2/ai231-fil50/audio/vcm/vcm_train_gap001348.wav,2.760,8.205,ok,,
vcm_train_gap001350,vcm,train,ref_tagalog13,Brightness 100 percent,BRIGHTNESS,,0,out/conversions/v2/ai231-fil50/audio/vcm/vcm_train_gap001350.wav,3.400,9.845,ok,,
vcm_train_gap001352,vcm,train,ref_tagalog8,Brightness 100 percent,BRIGHTNESS,,0,out/conversions/v2/ai231-fil50/audio/vcm/vcm_train_gap001352.wav,2.800,7.491,ok,,
vcm_train_gap001354,vcm,train,ref_tagalog15,Brightness 100 percent,BRIGHTNESS,,0,out/conversions/v2/ai231-fil50/audio/vcm/vcm_train_gap001354.wav,2.280,6.799,ok,,
vcm_train_gap001356,vcm,train,ref_tagalog12,Brightness 100 percent,BRIGHTNESS,,0,out/conversions/v2/ai231-fil50/audio/vcm/vcm_train_gap001356.wav,3.040,7.245,ok,,
vcm_train_gap001358,vcm,train,ref_tagalog6,Brightness 100 percent,BRIGHTNESS,,0,out/conversions/v2/ai231-fil50/audio/vcm/vcm_train_gap001358.wav,2.240,7.537,ok,,
vcm_train_gap001360,vcm,train,ref_tagalog10,Brightness 100 percent,BRIGHTNESS,,0,out/conversions/v2/ai231-fil50/audio/vcm/vcm_train_gap001360.wav,2.120,7.126,ok,,
vcm_train_gap001362,vcm,train,ref_tagalog11,Adjust brightness to 20 percent,BRIGHTNESS,,0,out/conversions/v2/ai231-fil50/audio/vcm/vcm_train_gap001362.wav,2.960,6.255,ok,,
vcm_train_gap001364,vcm,train,ref_tagalog3,Adjust brightness to 20 percent,BRIGHTNESS,,0,out/conversions/v2/ai231-fil50/audio/vcm/vcm_train_gap001364.wav,3.160,8.905,ok,,
vcm_train_gap001366,vcm,train,ref_tagalog2,Adjust brightness to 20 percent,BRIGHTNESS,,0,out/conversions/v2/ai231-fil50/audio/vcm/vcm_train_gap001366.wav,3.600,9.137,ok,,
vcm_train_gap001368,vcm,train,ref_tagalog4,Adjust brightness to 20 percent,BRIGHTNESS,,0,out/conversions/v2/ai231-fil50/audio/vcm/vcm_train_gap001368.wav,3.040,8.063,ok,,
vcm_train_gap001370,vcm,train,ref_tagalog14,Adjust brightness to 60 percent,BRIGHTNESS,,0,out/conversions/v2/ai231-fil50/audio/vcm/vcm_train_gap001370.wav,3.120,8.151,ok,,
vcm_train_gap001372,vcm,train,ref_tagalog16,Adjust brightness to 60 percent,BRIGHTNESS,,0,out/conversions/v2/ai231-fil50/audio/vcm/vcm_train_gap001372.wav,2.920,8.090,ok,,
vcm_train_gap001374,vcm,train,ref_ilonggo1,Adjust brightness to 60 percent,BRIGHTNESS,,0,out/conversions/v2/ai231-fil50/audio/vcm/vcm_train_gap001374.wav,3.480,9.328,ok,,
vcm_train_gap001376,vcm,train,ref_tagalog5,Adjust brightness to 100 percent,BRIGHTNESS,,0,out/conversions/v2/ai231-fil50/audio/vcm/vcm_train_gap001376.wav,3.640,8.497,ok,,
vcm_train_gap001378,vcm,train,ref_tagalog7,Adjust brightness to 100 percent,BRIGHTNESS,,0,out/conversions/v2/ai231-fil50/audio/vcm/vcm_train_gap001378.wav,3.360,8.462,ok,,
vcm_train_gap001380,vcm,train,ref_tagalog9,Adjust brightness to 100 percent,BRIGHTNESS,,0,out/conversions/v2/ai231-fil50/audio/vcm/vcm_train_gap001380.wav,2.920,8.186,ok,,
vcm_train_gap001382,vcm,train,ref_tagalog1,Adjust brightness to 100 percent,BRIGHTNESS,,0,out/conversions/v2/ai231-fil50/audio/vcm/vcm_train_gap001382.wav,3.040,5.400,ok,,
vcm_train_gap001384,vcm,train,ref_tagalog13,Adjust brightness to 100 percent,BRIGHTNESS,,0,out/conversions/v2/ai231-fil50/audio/vcm/vcm_train_gap001384.wav,4.920,6.562,ok,,
vcm_train_gap001386,vcm,train,ref_tagalog8,Adjust brightness to 100 percent,BRIGHTNESS,,0,out/conversions/v2/ai231-fil50/audio/vcm/vcm_train_gap001386.wav,3.560,9.312,ok,,
vcm_train_gap001388,vcm,train,ref_tagalog15,Adjust brightness to 100 percent,BRIGHTNESS,,0,out/conversions/v2/ai231-fil50/audio/vcm/vcm_train_gap001388.wav,3.520,8.121,ok,,
vcm_train_gap001390,vcm,train,ref_tagalog12,Adjust brightness to 100 percent,BRIGHTNESS,,0,out/conversions/v2/ai231-fil50/audio/vcm/vcm_train_gap001390.wav,3.600,8.954,ok,,
vcm_train_gap001392,vcm,train,ref_tagalog6,Brightness level 20 percent,BRIGHTNESS,,0,out/conversions/v2/ai231-fil50/audio/vcm/vcm_train_gap001392.wav,2.520,7.435,ok,,
vcm_train_gap001394,vcm,train,ref_tagalog10,Brightness level 20 percent,BRIGHTNESS,,0,out/conversions/v2/ai231-fil50/audio/vcm/vcm_train_gap001394.wav,3.000,7.767,ok,,
vcm_train_gap001396,vcm,train,ref_tagalog11,Brightness level 20 percent,BRIGHTNESS,,0,out/conversions/v2/ai231-fil50/audio/vcm/vcm_train_gap001396.wav,3.480,8.414,ok,,
vcm_train_gap001398,vcm,train,ref_tagalog3,Brightness level 20 percent,BRIGHTNESS,,0,out/conversions/v2/ai231-fil50/audio/vcm/vcm_train_gap001398.wav,3.320,8.074,ok,,
vcm_train_gap001400,vcm,train,ref_tagalog2,Brightness level 20 percent,BRIGHTNESS,,0,out/conversions/v2/ai231-fil50/audio/vcm/vcm_train_gap001400.wav,2.600,7.363,ok,,
vcm_train_gap001402,vcm,train,ref_tagalog4,Brightness level 20 percent,BRIGHTNESS,,0,out/conversions/v2/ai231-fil50/audio/vcm/vcm_train_gap001402.wav,2.960,8.234,ok,,
vcm_train_gap001404,vcm,train,ref_tagalog14,Brightness level 20 percent,BRIGHTNESS,,0,out/conversions/v2/ai231-fil50/audio/vcm/vcm_train_gap001404.wav,3.800,8.401,ok,,
vcm_train_gap001406,vcm,train,ref_tagalog16,Brightness level 20 percent,BRIGHTNESS,,0,out/conversions/v2/ai231-fil50/audio/vcm/vcm_train_gap001406.wav,2.640,5.040,ok,,
vcm_train_gap001408,vcm,train,ref_ilonggo1,Brightness level 20 percent,BRIGHTNESS,,0,out/conversions/v2/ai231-fil50/audio/vcm/vcm_train_gap001408.wav,3.480,8.959,ok,,
vcm_train_gap001410,vcm,train,ref_tagalog5,Brightness level 20 percent,BRIGHTNESS,,0,out/conversions/v2/ai231-fil50/audio/vcm/vcm_train_gap001410.wav,2.720,6.972,ok,,
vcm_train_gap001412,vcm,train,ref_tagalog7,Brightness level 20 percent,BRIGHTNESS,,0,out/conversions/v2/ai231-fil50/audio/vcm/vcm_train_gap001412.wav,2.920,7.525,ok,,
vcm_train_gap001414,vcm,train,ref_tagalog9,Brightness level 20 percent,BRIGHTNESS,,0,out/conversions/v2/ai231-fil50/audio/vcm/vcm_train_gap001414.wav,2.520,7.700,ok,,
vcm_train_gap001416,vcm,train,ref_tagalog1,Brightness level 20 percent,BRIGHTNESS,,0,out/conversions/v2/ai231-fil50/audio/vcm/vcm_train_gap001416.wav,2.080,7.232,ok,,
vcm_train_gap001418,vcm,train,ref_tagalog13,Brightness level 20 percent,BRIGHTNESS,,0,out/conversions/v2/ai231-fil50/audio/vcm/vcm_train_gap001418.wav,4.000,10.660,ok,,
vcm_train_gap001420,vcm,train,ref_tagalog8,Brightness level 60 percent,BRIGHTNESS,,0,out/conversions/v2/ai231-fil50/audio/vcm/vcm_train_gap001420.wav,3.360,7.965,ok,,
vcm_train_gap001422,vcm,train,ref_tagalog15,Brightness level 60 percent,BRIGHTNESS,,0,out/conversions/v2/ai231-fil50/audio/vcm/vcm_train_gap001422.wav,2.840,7.467,ok,,
vcm_train_gap001424,vcm,train,ref_tagalog12,Brightness level 60 percent,BRIGHTNESS,,0,out/conversions/v2/ai231-fil50/audio/vcm/vcm_train_gap001424.wav,2.800,7.606,ok,,
vcm_train_gap001426,vcm,train,ref_tagalog6,Brightness level 60 percent,BRIGHTNESS,,0,out/conversions/v2/ai231-fil50/audio/vcm/vcm_train_gap001426.wav,2.280,7.588,ok,,
vcm_train_gap001428,vcm,train,ref_tagalog10,Brightness level 60 percent,BRIGHTNESS,,0,out/conversions/v2/ai231-fil50/audio/vcm/vcm_train_gap001428.wav,3.160,7.163,ok,,
vcm_train_gap001430,vcm,train,ref_tagalog11,Brightness level 60 percent,BRIGHTNESS,,0,out/conversions/v2/ai231-fil50/audio/vcm/vcm_train_gap001430.wav,3.080,7.608,ok,,
vcm_train_gap001432,vcm,train,ref_tagalog3,Brightness level 60 percent,BRIGHTNESS,,0,out/conversions/v2/ai231-fil50/audio/vcm/vcm_train_gap001432.wav,3.000,9.103,ok,,
vcm_train_gap001434,vcm,train,ref_tagalog2,Brightness level 60 percent,BRIGHTNESS,,0,out/conversions/v2/ai231-fil50/audio/vcm/vcm_train_gap001434.wav,2.920,9.294,ok,,
vcm_train_gap001436,vcm,train,ref_tagalog4,Brightness level 60 percent,BRIGHTNESS,,0,out/conversions/v2/ai231-fil50/audio/vcm/vcm_train_gap001436.wav,3.320,8.129,ok,,
vcm_train_gap001438,vcm,train,ref_tagalog14,Brightness level 60 percent,BRIGHTNESS,,0,out/conversions/v2/ai231-fil50/audio/vcm/vcm_train_gap001438.wav,3.800,8.948,ok,,
vcm_train_gap001440,vcm,train,ref_tagalog16,Brightness level 60 percent,BRIGHTNESS,,0,out/conversions/v2/ai231-fil50/audio/vcm/vcm_train_gap001440.wav,2.960,8.472,ok,,
vcm_train_gap001442,vcm,train,ref_ilonggo1,Brightness level 60 percent,BRIGHTNESS,,0,out/conversions/v2/ai231-fil50/audio/vcm/vcm_train_gap001442.wav,2.960,7.114,ok,,
vcm_train_gap001444,vcm,train,ref_tagalog5,Brightness level 60 percent,BRIGHTNESS,,0,out/conversions/v2/ai231-fil50/audio/vcm/vcm_train_gap001444.wav,2.600,7.630,ok,,
vcm_train_gap001446,vcm,train,ref_tagalog7,Brightness level 100 percent,BRIGHTNESS,,0,out/conversions/v2/ai231-fil50/audio/vcm/vcm_train_gap001446.wav,3.160,9.068,ok,,
vcm_train_gap001448,vcm,train,ref_tagalog9,Brightness level 100 percent,BRIGHTNESS,,0,out/conversions/v2/ai231-fil50/audio/vcm/vcm_train_gap001448.wav,3.400,7.620,ok,,
vcm_train_gap001450,vcm,train,ref_tagalog1,Brightness level 100 percent,BRIGHTNESS,,0,out/conversions/v2/ai231-fil50/audio/vcm/vcm_train_gap001450.wav,3.240,6.778,ok,,
vcm_train_gap001452,vcm,train,ref_tagalog13,Brightness level 100 percent,BRIGHTNESS,,0,out/conversions/v2/ai231-fil50/audio/vcm/vcm_train_gap001452.wav,4.800,10.163,ok,,
vcm_train_gap001454,vcm,train,ref_tagalog8,Brightness level 100 percent,BRIGHTNESS,,0,out/conversions/v2/ai231-fil50/audio/vcm/vcm_train_gap001454.wav,3.040,8.441,ok,,
vcm_train_gap001456,vcm,train,ref_tagalog15,Brightness level 100 percent,BRIGHTNESS,,0,out/conversions/v2/ai231-fil50/audio/vcm/vcm_train_gap001456.wav,3.120,8.868,ok,,
vcm_train_gap001458,vcm,train,ref_tagalog12,Brightness level 100 percent,BRIGHTNESS,,0,out/conversions/v2/ai231-fil50/audio/vcm/vcm_train_gap001458.wav,3.040,8.102,ok,,
vcm_train_gap001460,vcm,train,ref_tagalog6,Brightness level 100 percent,BRIGHTNESS,,0,out/conversions/v2/ai231-fil50/audio/vcm/vcm_train_gap001460.wav,2.840,8.555,ok,,
vcm_train_gap001462,vcm,train,ref_tagalog10,Brightness level 100 percent,BRIGHTNESS,,0,out/conversions/v2/ai231-fil50/audio/vcm/vcm_train_gap001462.wav,2.640,7.696,ok,,
vcm_train_gap001464,vcm,train,ref_tagalog11,Brightness level 100 percent,BRIGHTNESS,,0,out/conversions/v2/ai231-fil50/audio/vcm/vcm_train_gap001464.wav,4.240,11.836,ok,,
vcm_train_gap001466,vcm,train,ref_tagalog3,Brightness level 100 percent,BRIGHTNESS,,0,out/conversions/v2/ai231-fil50/audio/vcm/vcm_train_gap001466.wav,2.920,9.428,ok,,
vcm_train_gap001468,vcm,train,ref_tagalog2,Brightness level 100 percent,BRIGHTNESS,,0,out/conversions/v2/ai231-fil50/audio/vcm/vcm_train_gap001468.wav,2.800,6.101,ok,,
vcm_train_gap001470,vcm,train,ref_tagalog4,Brightness level 100 percent,BRIGHTNESS,,0,out/conversions/v2/ai231-fil50/audio/vcm/vcm_train_gap001470.wav,2.840,7.505,ok,,
vcm_train_gap001472,vcm,train,ref_tagalog14,Brightness level 100 percent,BRIGHTNESS,,0,out/conversions/v2/ai231-fil50/audio/vcm/vcm_train_gap001472.wav,2.840,6.876,ok,,
vcm_train_gap001474,vcm,train,ref_tagalog16,Brightness level 100 percent,BRIGHTNESS,,0,out/conversions/v2/ai231-fil50/audio/vcm/vcm_train_gap001474.wav,2.760,7.725,ok,,
vcm_train_gap001476,vcm,train,ref_ilonggo1,Brightness level 100 percent,BRIGHTNESS,,0,out/conversions/v2/ai231-fil50/audio/vcm/vcm_train_gap001476.wav,3.440,8.585,ok,,
vcm_train_gap001478,vcm,train,ref_tagalog5,Change color to Red,COLOR,,0,out/conversions/v2/ai231-fil50/audio/vcm/vcm_train_gap001478.wav,2.240,6.810,ok,,
vcm_train_gap001480,vcm,train,ref_tagalog7,Change color to Red,COLOR,,0,out/conversions/v2/ai231-fil50/audio/vcm/vcm_train_gap001480.wav,1.920,6.222,ok,,
vcm_train_gap001482,vcm,train,ref_tagalog9,Change color to Red,COLOR,,0,out/conversions/v2/ai231-fil50/audio/vcm/vcm_train_gap001482.wav,1.600,5.956,ok,,
vcm_train_gap001484,vcm,train,ref_tagalog1,Change color to Red,COLOR,,0,out/conversions/v2/ai231-fil50/audio/vcm/vcm_train_gap001484.wav,2.240,7.305,ok,,
vcm_train_gap001486,vcm,train,ref_tagalog13,Change color to Red,COLOR,,0,out/conversions/v2/ai231-fil50/audio/vcm/vcm_train_gap001486.wav,3.080,7.995,ok,,
vcm_train_gap001488,vcm,train,ref_tagalog8,Change color to Red,COLOR,,0,out/conversions/v2/ai231-fil50/audio/vcm/vcm_train_gap001488.wav,1.880,5.862,ok,,
vcm_train_gap001490,vcm,train,ref_tagalog15,Change color to Red,COLOR,,0,out/conversions/v2/ai231-fil50/audio/vcm/vcm_train_gap001490.wav,1.800,6.180,ok,,
vcm_train_gap001492,vcm,train,ref_tagalog12,Change color to Green,COLOR,,0,out/conversions/v2/ai231-fil50/audio/vcm/vcm_train_gap001492.wav,2.360,6.921,ok,,
vcm_train_gap001494,vcm,train,ref_tagalog6,Set color to Red,COLOR,,0,out/conversions/v2/ai231-fil50/audio/vcm/vcm_train_gap001494.wav,1.720,4.369,ok,,
vcm_train_gap001496,vcm,train,ref_tagalog10,Set color to Red,COLOR,,0,out/conversions/v2/ai231-fil50/audio/vcm/vcm_train_gap001496.wav,1.960,7.266,ok,,
vcm_train_gap001498,vcm,train,ref_tagalog11,Set color to Red,COLOR,,0,out/conversions/v2/ai231-fil50/audio/vcm/vcm_train_gap001498.wav,2.120,7.367,ok,,
vcm_train_gap001500,vcm,train,ref_tagalog3,Set color to Red,COLOR,,0,out/conversions/v2/ai231-fil50/audio/vcm/vcm_train_gap001500.wav,2.440,8.126,ok,,
vcm_train_gap001502,vcm,train,ref_tagalog2,Set color to Red,COLOR,,0,out/conversions/v2/ai231-fil50/audio/vcm/vcm_train_gap001502.wav,1.880,7.117,ok,,
vcm_train_gap001504,vcm,train,ref_tagalog4,Set color to Red,COLOR,,0,out/conversions/v2/ai231-fil50/audio/vcm/vcm_train_gap001504.wav,2.160,6.748,ok,,
vcm_train_gap001506,vcm,train,ref_tagalog14,Set color to Red,COLOR,,0,out/conversions/v2/ai231-fil50/audio/vcm/vcm_train_gap001506.wav,2.280,7.465,ok,,
vcm_train_gap001508,vcm,train,ref_tagalog16,Set color to Red,COLOR,,0,out/conversions/v2/ai231-fil50/audio/vcm/vcm_train_gap001508.wav,1.760,7.195,ok,,
vcm_train_gap001510,vcm,train,ref_ilonggo1,Set color to Red,COLOR,,0,out/conversions/v2/ai231-fil50/audio/vcm/vcm_train_gap001510.wav,2.200,7.025,ok,,
vcm_train_gap001512,vcm,train,ref_tagalog5,Set color to Green,COLOR,,0,out/conversions/v2/ai231-fil50/audio/vcm/vcm_train_gap001512.wav,1.920,5.920,ok,,
vcm_train_gap001514,vcm,train,ref_tagalog7,Set color to Green,COLOR,,0,out/conversions/v2/ai231-fil50/audio/vcm/vcm_train_gap001514.wav,1.880,7.112,ok,,
vcm_train_gap001516,vcm,train,ref_tagalog9,Set color to Green,COLOR,,0,out/conversions/v2/ai231-fil50/audio/vcm/vcm_train_gap001516.wav,1.640,6.063,ok,,
vcm_train_gap001518,vcm,train,ref_tagalog1,Reminder Drink water,CREATE_REMINDER,,0,out/conversions/v2/ai231-fil50/audio/vcm/vcm_train_gap001518.wav,1.200,4.232,ok,,
vcm_train_gap001520,vcm,train,ref_tagalog13,Reminder Drink water,CREATE_REMINDER,,0,out/conversions/v2/ai231-fil50/audio/vcm/vcm_train_gap001520.wav,3.200,9.537,ok,,
vcm_train_gap001522,vcm,train,ref_tagalog8,Reminder Drink water,CREATE_REMINDER,,0,out/conversions/v2/ai231-fil50/audio/vcm/vcm_train_gap001522.wav,1.920,6.874,ok,,
vcm_train_gap001524,vcm,train,ref_tagalog15,Reminder Drink water,CREATE_REMINDER,,0,out/conversions/v2/ai231-fil50/audio/vcm/vcm_train_gap001524.wav,2.360,7.425,ok,,
vcm_train_gap001526,vcm,train,ref_tagalog12,Reminder Drink water,CREATE_REMINDER,,0,out/conversions/v2/ai231-fil50/audio/vcm/vcm_train_gap001526.wav,2.120,5.962,ok,,
vcm_train_gap001528,vcm,train,ref_tagalog6,Reminder Drink water,CREATE_REMINDER,,0,out/conversions/v2/ai231-fil50/audio/vcm/vcm_train_gap001528.wav,2.240,6.720,ok,,
vcm_train_gap001530,vcm,train,ref_tagalog10,Reminder Drink water,CREATE_REMINDER,,0,out/conversions/v2/ai231-fil50/audio/vcm/vcm_train_gap001530.wav,2.480,6.981,ok,,
vcm_train_gap001532,vcm,train,ref_tagalog11,Reminder Drink water,CREATE_REMINDER,,0,out/conversions/v2/ai231-fil50/audio/vcm/vcm_train_gap001532.wav,2.320,7.594,ok,,
vcm_train_gap001534,vcm,train,ref_tagalog3,Reminder Drink water,CREATE_REMINDER,,0,out/conversions/v2/ai231-fil50/audio/vcm/vcm_train_gap001534.wav,2.360,6.440,ok,,
vcm_train_gap001536,vcm,train,ref_tagalog2,Reminder Drink water,CREATE_REMINDER,,0,out/conversions/v2/ai231-fil50/audio/vcm/vcm_train_gap001536.wav,2.200,7.220,ok,,
vcm_train_gap001538,vcm,train,ref_tagalog4,Reminder Drink water,CREATE_REMINDER,,0,out/conversions/v2/ai231-fil50/audio/vcm/vcm_train_gap001538.wav,2.320,7.305,ok,,
vcm_train_gap001540,vcm,train,ref_tagalog14,Reminder Drink water,CREATE_REMINDER,,0,out/conversions/v2/ai231-fil50/audio/vcm/vcm_train_gap001540.wav,2.120,4.726,ok,,
vcm_train_gap001542,vcm,train,ref_tagalog16,Reminder Drink water,CREATE_REMINDER,,0,out/conversions/v2/ai231-fil50/audio/vcm/vcm_train_gap001542.wav,2.320,5.556,ok,,
vcm_train_gap001544,vcm,train,ref_ilonggo1,Reminder Drink water,CREATE_REMINDER,,0,out/conversions/v2/ai231-fil50/audio/vcm/vcm_train_gap001544.wav,2.720,7.622,ok,,
vcm_train_gap001546,vcm,train,ref_tagalog5,Reminder Drink water,CREATE_REMINDER,,0,out/conversions/v2/ai231-fil50/audio/vcm/vcm_train_gap001546.wav,2.160,6.753,ok,,
vcm_train_gap001548,vcm,train,ref_tagalog7,Reminder Drink water,CREATE_REMINDER,,0,out/conversions/v2/ai231-fil50/audio/vcm/vcm_train_gap001548.wav,2.320,6.742,ok,,
vcm_train_gap001550,vcm,train,ref_tagalog9,Reminder Drink water,CREATE_REMINDER,,0,out/conversions/v2/ai231-fil50/audio/vcm/vcm_train_gap001550.wav,1.760,6.571,ok,,
vcm_train_gap001552,vcm,train,ref_tagalog1,Reminder Drink water,CREATE_REMINDER,,0,out/conversions/v2/ai231-fil50/audio/vcm/vcm_train_gap001552.wav,2.000,7.591,ok,,
vcm_train_gap001554,vcm,train,ref_tagalog13,Reminder Drink water,CREATE_REMINDER,,0,out/conversions/v2/ai231-fil50/audio/vcm/vcm_train_gap001554.wav,3.200,9.508,ok,,
vcm_train_gap001556,vcm,train,ref_tagalog8,Reminder Drink water,CREATE_REMINDER,,0,out/conversions/v2/ai231-fil50/audio/vcm/vcm_train_gap001556.wav,2.120,6.036,ok,,
vcm_train_gap001558,vcm,train,ref_tagalog15,Reminder Drink water,CREATE_REMINDER,,0,out/conversions/v2/ai231-fil50/audio/vcm/vcm_train_gap001558.wav,2.160,7.803,ok,,
vcm_train_gap001560,vcm,train,ref_tagalog12,Reminder Drink water,CREATE_REMINDER,,0,out/conversions/v2/ai231-fil50/audio/vcm/vcm_train_gap001560.wav,2.160,6.866,ok,,
vcm_train_gap001562,vcm,train,ref_tagalog6,Reminder Drink water,CREATE_REMINDER,,0,out/conversions/v2/ai231-fil50/audio/vcm/vcm_train_gap001562.wav,2.480,7.189,ok,,
vcm_train_gap001564,vcm,train,ref_tagalog10,Reminder Drink water,CREATE_REMINDER,,0,out/conversions/v2/ai231-fil50/audio/vcm/vcm_train_gap001564.wav,2.440,6.917,ok,,
vcm_train_gap001566,vcm,train,ref_tagalog11,Reminder Drink water,CREATE_REMINDER,,0,out/conversions/v2/ai231-fil50/audio/vcm/vcm_train_gap001566.wav,2.080,5.398,ok,,
vcm_train_gap001568,vcm,train,ref_tagalog3,Reminder Drink water,CREATE_REMINDER,,0,out/conversions/v2/ai231-fil50/audio/vcm/vcm_train_gap001568.wav,2.440,6.810,ok,,
vcm_train_gap001570,vcm,train,ref_tagalog2,Reminder Drink water,CREATE_REMINDER,,0,out/conversions/v2/ai231-fil50/audio/vcm/vcm_train_gap001570.wav,2.360,8.186,ok,,
vcm_train_gap001572,vcm,train,ref_tagalog4,Reminder Drink water,CREATE_REMINDER,,0,out/conversions/v2/ai231-fil50/audio/vcm/vcm_train_gap001572.wav,1.600,7.418,ok,,
vcm_train_gap001574,vcm,train,ref_tagalog14,Reminder Drink water,CREATE_REMINDER,,0,out/conversions/v2/ai231-fil50/audio/vcm/vcm_train_gap001574.wav,2.520,7.069,ok,,
vcm_train_gap001576,vcm,train,ref_tagalog16,Reminder Drink water,CREATE_REMINDER,,0,out/conversions/v2/ai231-fil50/audio/vcm/vcm_train_gap001576.wav,2.160,5.538,ok,,
vcm_train_gap001578,vcm,train,ref_ilonggo1,Reminder Drink water,CREATE_REMINDER,,0,out/conversions/v2/ai231-fil50/audio/vcm/vcm_train_gap001578.wav,2.800,7.699,ok,,
vcm_train_gap001580,vcm,train,ref_tagalog5,Reminder Drink water,CREATE_REMINDER,,0,out/conversions/v2/ai231-fil50/audio/vcm/vcm_train_gap001580.wav,2.680,7.996,ok,,
vcm_train_gap001582,vcm,train,ref_tagalog7,Reminder Drink water,CREATE_REMINDER,,0,out/conversions/v2/ai231-fil50/audio/vcm/vcm_train_gap001582.wav,2.120,7.098,ok,,
vcm_train_gap001584,vcm,train,ref_tagalog9,Reminder Drink water,CREATE_REMINDER,,0,out/conversions/v2/ai231-fil50/audio/vcm/vcm_train_gap001584.wav,1.600,7.445,ok,,
vcm_train_gap001586,vcm,train,ref_tagalog1,Reminder Drink water,CREATE_REMINDER,,0,out/conversions/v2/ai231-fil50/audio/vcm/vcm_train_gap001586.wav,2.000,6.364,ok,,
vcm_train_gap001588,vcm,train,ref_tagalog13,Reminder Drink water,CREATE_REMINDER,,0,out/conversions/v2/ai231-fil50/audio/vcm/vcm_train_gap001588.wav,3.200,8.574,ok,,
vcm_train_gap001590,vcm,train,ref_tagalog8,Reminder Drink water,CREATE_REMINDER,,0,out/conversions/v2/ai231-fil50/audio/vcm/vcm_train_gap001590.wav,2.560,6.209,ok,,
vcm_train_gap001592,vcm,train,ref_tagalog15,Reminder Study,CREATE_REMINDER,,0,out/conversions/v2/ai231-fil50/audio/vcm/vcm_train_gap001592.wav,1.960,6.715,ok,,
vcm_train_gap001594,vcm,train,ref_tagalog12,Reminder Study,CREATE_REMINDER,,0,out/conversions/v2/ai231-fil50/audio/vcm/vcm_train_gap001594.wav,1.760,6.222,ok,,
vcm_train_gap001596,vcm,train,ref_tagalog6,Reminder Study,CREATE_REMINDER,,0,out/conversions/v2/ai231-fil50/audio/vcm/vcm_train_gap001596.wav,2.400,8.141,ok,,
vcm_train_gap001598,vcm,train,ref_tagalog10,Reminder Study,CREATE_REMINDER,,0,out/conversions/v2/ai231-fil50/audio/vcm/vcm_train_gap001598.wav,2.040,7.287,ok,,
vcm_train_gap001600,vcm,train,ref_tagalog11,Reminder Study,CREATE_REMINDER,,0,out/conversions/v2/ai231-fil50/audio/vcm/vcm_train_gap001600.wav,2.120,6.152,ok,,
vcm_train_gap001602,vcm,train,ref_tagalog3,Reminder Study,CREATE_REMINDER,,0,out/conversions/v2/ai231-fil50/audio/vcm/vcm_train_gap001602.wav,1.880,6.430,ok,,
vcm_train_gap001604,vcm,train,ref_tagalog2,Reminder Study,CREATE_REMINDER,,0,out/conversions/v2/ai231-fil50/audio/vcm/vcm_train_gap001604.wav,1.640,5.134,ok,,
vcm_train_gap001606,vcm,train,ref_tagalog4,Reminder Study,CREATE_REMINDER,,0,out/conversions/v2/ai231-fil50/audio/vcm/vcm_train_gap001606.wav,1.600,5.405,ok,,
vcm_train_gap001608,vcm,train,ref_tagalog14,Reminder Study,CREATE_REMINDER,,0,out/conversions/v2/ai231-fil50/audio/vcm/vcm_train_gap001608.wav,2.240,8.670,ok,,
vcm_train_gap001610,vcm,train,ref_tagalog16,Reminder Study,CREATE_REMINDER,,0,out/conversions/v2/ai231-fil50/audio/vcm/vcm_train_gap001610.wav,1.760,7.100,ok,,
vcm_train_gap001612,vcm,train,ref_ilonggo1,Reminder Study,CREATE_REMINDER,,0,out/conversions/v2/ai231-fil50/audio/vcm/vcm_train_gap001612.wav,1.520,6.163,ok,,
vcm_train_gap001614,vcm,train,ref_tagalog5,Reminder Study,CREATE_REMINDER,,0,out/conversions/v2/ai231-fil50/audio/vcm/vcm_train_gap001614.wav,1.520,5.689,ok,,
vcm_train_gap001616,vcm,train,ref_tagalog7,Reminder Study,CREATE_REMINDER,,0,out/conversions/v2/ai231-fil50/audio/vcm/vcm_train_gap001616.wav,1.880,5.274,ok,,
vcm_train_gap001618,vcm,train,ref_tagalog9,Reminder Study,CREATE_REMINDER,,0,out/conversions/v2/ai231-fil50/audio/vcm/vcm_train_gap001618.wav,1.600,5.478,ok,,
vcm_train_gap001620,vcm,train,ref_tagalog1,Reminder Study,CREATE_REMINDER,,0,out/conversions/v2/ai231-fil50/audio/vcm/vcm_train_gap001620.wav,1.400,5.279,ok,,
vcm_train_gap001622,vcm,train,ref_tagalog13,Reminder Study,CREATE_REMINDER,,0,out/conversions/v2/ai231-fil50/audio/vcm/vcm_train_gap001622.wav,2.360,8.220,ok,,
vcm_train_gap001624,vcm,train,ref_tagalog8,Reminder Study,CREATE_REMINDER,,0,out/conversions/v2/ai231-fil50/audio/vcm/vcm_train_gap001624.wav,1.640,5.603,ok,,
vcm_train_gap001626,vcm,train,ref_tagalog15,Reminder Study,CREATE_REMINDER,,0,out/conversions/v2/ai231-fil50/audio/vcm/vcm_train_gap001626.wav,2.120,7.201,ok,,
vcm_train_gap001628,vcm,train,ref_tagalog12,Reminder Study,CREATE_REMINDER,,0,out/conversions/v2/ai231-fil50/audio/vcm/vcm_train_gap001628.wav,2.360,8.031,ok,,
vcm_train_gap001630,vcm,train,ref_tagalog6,Reminder Study,CREATE_REMINDER,,0,out/conversions/v2/ai231-fil50/audio/vcm/vcm_train_gap001630.wav,2.400,7.039,ok,,
vcm_train_gap001632,vcm,train,ref_tagalog10,Reminder Study,CREATE_REMINDER,,0,out/conversions/v2/ai231-fil50/audio/vcm/vcm_train_gap001632.wav,2.000,7.590,ok,,
vcm_train_gap001634,vcm,train,ref_tagalog11,Reminder Study,CREATE_REMINDER,,0,out/conversions/v2/ai231-fil50/audio/vcm/vcm_train_gap001634.wav,2.000,7.359,ok,,
vcm_train_gap001636,vcm,train,ref_tagalog3,Reminder Study,CREATE_REMINDER,,0,out/conversions/v2/ai231-fil50/audio/vcm/vcm_train_gap001636.wav,2.400,8.077,ok,,
vcm_train_gap001638,vcm,train,ref_tagalog2,Reminder Study,CREATE_REMINDER,,0,out/conversions/v2/ai231-fil50/audio/vcm/vcm_train_gap001638.wav,1.720,7.169,ok,,
vcm_train_gap001640,vcm,train,ref_tagalog4,Reminder Study,CREATE_REMINDER,,0,out/conversions/v2/ai231-fil50/audio/vcm/vcm_train_gap001640.wav,1.480,4.642,ok,,
vcm_train_gap001642,vcm,train,ref_tagalog14,Reminder Study,CREATE_REMINDER,,0,out/conversions/v2/ai231-fil50/audio/vcm/vcm_train_gap001642.wav,1.360,5.289,ok,,
vcm_train_gap001644,vcm,train,ref_tagalog16,Reminder Study,CREATE_REMINDER,,0,out/conversions/v2/ai231-fil50/audio/vcm/vcm_train_gap001644.wav,1.720,5.118,ok,,
vcm_train_gap001646,vcm,train,ref_ilonggo1,Reminder Study,CREATE_REMINDER,,0,out/conversions/v2/ai231-fil50/audio/vcm/vcm_train_gap001646.wav,2.160,6.577,ok,,
vcm_train_gap001648,vcm,train,ref_tagalog5,Reminder Study,CREATE_REMINDER,,0,out/conversions/v2/ai231-fil50/audio/vcm/vcm_train_gap001648.wav,1.880,6.583,ok,,
vcm_train_gap001650,vcm,train,ref_tagalog7,Reminder Study,CREATE_REMINDER,,0,out/conversions/v2/ai231-fil50/audio/vcm/vcm_train_gap001650.wav,1.680,7.957,ok,,
vcm_train_gap001652,vcm,train,ref_tagalog9,Reminder Study,CREATE_REMINDER,,0,out/conversions/v2/ai231-fil50/audio/vcm/vcm_train_gap001652.wav,1.160,6.774,ok,,
vcm_train_gap001654,vcm,train,ref_tagalog1,Reminder Study,CREATE_REMINDER,,0,out/conversions/v2/ai231-fil50/audio/vcm/vcm_train_gap001654.wav,1.960,7.981,ok,,
vcm_train_gap001656,vcm,train,ref_tagalog13,Reminder Study,CREATE_REMINDER,,0,out/conversions/v2/ai231-fil50/audio/vcm/vcm_train_gap001656.wav,2.400,7.777,ok,,
vcm_train_gap001658,vcm,train,ref_tagalog8,Reminder Study,CREATE_REMINDER,,0,out/conversions/v2/ai231-fil50/audio/vcm/vcm_train_gap001658.wav,2.080,8.205,ok,,
vcm_train_gap001660,vcm,train,ref_tagalog15,Reminder Study,CREATE_REMINDER,,0,out/conversions/v2/ai231-fil50/audio/vcm/vcm_train_gap001660.wav,1.800,6.780,ok,,
vcm_train_gap001662,vcm,train,ref_tagalog12,Reminder Study,CREATE_REMINDER,,0,out/conversions/v2/ai231-fil50/audio/vcm/vcm_train_gap001662.wav,1.360,6.182,ok,,
vcm_train_gap001664,vcm,train,ref_tagalog6,Reminder Study,CREATE_REMINDER,,0,out/conversions/v2/ai231-fil50/audio/vcm/vcm_train_gap001664.wav,2.280,6.113,ok,,
vcm_train_gap001666,vcm,train,ref_tagalog10,Reminder Study,CREATE_REMINDER,,0,out/conversions/v2/ai231-fil50/audio/vcm/vcm_train_gap001666.wav,2.240,4.852,ok,,
vcm_train_gap001668,vcm,train,ref_tagalog11,Reminder Study,CREATE_REMINDER,,0,out/conversions/v2/ai231-fil50/audio/vcm/vcm_train_gap001668.wav,1.760,6.248,ok,,
vcm_train_gap001670,vcm,train,ref_tagalog3,Reminder Study,CREATE_REMINDER,,0,out/conversions/v2/ai231-fil50/audio/vcm/vcm_train_gap001670.wav,1.800,6.460,ok,,
vcm_train_gap001672,vcm,train,ref_tagalog2,Reminder Study,CREATE_REMINDER,,0,out/conversions/v2/ai231-fil50/audio/vcm/vcm_train_gap001672.wav,1.560,6.865,ok,,
vcm_train_gap001674,vcm,train,ref_tagalog4,Reminder Study,CREATE_REMINDER,,0,out/conversions/v2/ai231-fil50/audio/vcm/vcm_train_gap001674.wav,2.080,7.163,ok,,
vcm_train_gap001676,vcm,train,ref_tagalog14,Reminder Study,CREATE_REMINDER,,0,out/conversions/v2/ai231-fil50/audio/vcm/vcm_train_gap001676.wav,1.680,5.596,ok,,
vcm_train_gap001678,vcm,train,ref_tagalog16,Reminder Study,CREATE_REMINDER,,0,out/conversions/v2/ai231-fil50/audio/vcm/vcm_train_gap001678.wav,1.960,6.580,ok,,
vcm_train_gap001680,vcm,train,ref_ilonggo1,Reminder Study,CREATE_REMINDER,,0,out/conversions/v2/ai231-fil50/audio/vcm/vcm_train_gap001680.wav,1.920,6.811,ok,,
vcm_train_gap001682,vcm,train,ref_tagalog5,Reminder Study,CREATE_REMINDER,,0,out/conversions/v2/ai231-fil50/audio/vcm/vcm_train_gap001682.wav,1.320,6.251,ok,,
vcm_train_gap001684,vcm,train,ref_tagalog7,Reminder Study,CREATE_REMINDER,,0,out/conversions/v2/ai231-fil50/audio/vcm/vcm_train_gap001684.wav,1.880,8.320,ok,,
vcm_train_gap001686,vcm,train,ref_tagalog9,Reminder Study,CREATE_REMINDER,,0,out/conversions/v2/ai231-fil50/audio/vcm/vcm_train_gap001686.wav,1.920,6.913,ok,,
vcm_train_gap001688,vcm,train,ref_tagalog1,Reminder Study,CREATE_REMINDER,,0,out/conversions/v2/ai231-fil50/audio/vcm/vcm_train_gap001688.wav,1.360,7.015,ok,,
vcm_train_gap001690,vcm,train,ref_tagalog13,Reminder Study,CREATE_REMINDER,,0,out/conversions/v2/ai231-fil50/audio/vcm/vcm_train_gap001690.wav,2.400,5.662,ok,,
vcm_train_gap001692,vcm,train,ref_tagalog8,Reminder Study,CREATE_REMINDER,,0,out/conversions/v2/ai231-fil50/audio/vcm/vcm_train_gap001692.wav,1.520,5.781,ok,,
vcm_train_gap001694,vcm,train,ref_tagalog15,Reminder Study,CREATE_REMINDER,,0,out/conversions/v2/ai231-fil50/audio/vcm/vcm_train_gap001694.wav,2.000,7.169,ok,,
vcm_train_gap001696,vcm,train,ref_tagalog12,Reminder Study,CREATE_REMINDER,,0,out/conversions/v2/ai231-fil50/audio/vcm/vcm_train_gap001696.wav,2.360,7.639,ok,,
vcm_train_gap001698,vcm,train,ref_tagalog6,Reminder Study,CREATE_REMINDER,,0,out/conversions/v2/ai231-fil50/audio/vcm/vcm_train_gap001698.wav,2.400,7.601,ok,,
vcm_train_gap001700,vcm,train,ref_tagalog10,Reminder Study,CREATE_REMINDER,,0,out/conversions/v2/ai231-fil50/audio/vcm/vcm_train_gap001700.wav,1.760,7.414,ok,,
vcm_train_gap001702,vcm,train,ref_tagalog11,Reminder Study,CREATE_REMINDER,,0,out/conversions/v2/ai231-fil50/audio/vcm/vcm_train_gap001702.wav,2.000,5.744,ok,,
vcm_train_gap001704,vcm,train,ref_tagalog3,Reminder Study,CREATE_REMINDER,,0,out/conversions/v2/ai231-fil50/audio/vcm/vcm_train_gap001704.wav,2.000,6.910,ok,,
vcm_train_gap001706,vcm,train,ref_tagalog2,Reminder Study,CREATE_REMINDER,,0,out/conversions/v2/ai231-fil50/audio/vcm/vcm_train_gap001706.wav,1.560,6.358,ok,,
vcm_train_gap001708,vcm,train,ref_tagalog4,Reminder Exercise,CREATE_REMINDER,,0,out/conversions/v2/ai231-fil50/audio/vcm/vcm_train_gap001708.wav,1.960,7.789,ok,,
vcm_train_gap001710,vcm,train,ref_tagalog14,Reminder Exercise,CREATE_REMINDER,,0,out/conversions/v2/ai231-fil50/audio/vcm/vcm_train_gap001710.wav,1.840,6.161,ok,,
vcm_train_gap001712,vcm,train,ref_tagalog16,Reminder Exercise,CREATE_REMINDER,,0,out/conversions/v2/ai231-fil50/audio/vcm/vcm_train_gap001712.wav,1.800,6.029,ok,,
vcm_train_gap001714,vcm,train,ref_ilonggo1,Reminder Exercise,CREATE_REMINDER,,0,out/conversions/v2/ai231-fil50/audio/vcm/vcm_train_gap001714.wav,2.400,6.629,ok,,
vcm_train_gap001716,vcm,train,ref_tagalog5,Reminder Exercise,CREATE_REMINDER,,0,out/conversions/v2/ai231-fil50/audio/vcm/vcm_train_gap001716.wav,2.360,3.958,ok,,
vcm_train_gap001718,vcm,train,ref_tagalog7,Reminder Exercise,CREATE_REMINDER,,0,out/conversions/v2/ai231-fil50/audio/vcm/vcm_train_gap001718.wav,2.080,6.950,ok,,
vcm_train_gap001720,vcm,train,ref_tagalog9,Reminder Exercise,CREATE_REMINDER,,0,out/conversions/v2/ai231-fil50/audio/vcm/vcm_train_gap001720.wav,2.200,7.196,ok,,
vcm_train_gap001722,vcm,train,ref_tagalog1,Reminder Exercise,CREATE_REMINDER,,0,out/conversions/v2/ai231-fil50/audio/vcm/vcm_train_gap001722.wav,1.960,7.898,ok,,
vcm_train_gap001724,vcm,train,ref_tagalog13,Reminder Exercise,CREATE_REMINDER,,0,out/conversions/v2/ai231-fil50/audio/vcm/vcm_train_gap001724.wav,2.400,7.797,ok,,
vcm_train_gap001726,vcm,train,ref_tagalog8,Reminder Exercise,CREATE_REMINDER,,0,out/conversions/v2/ai231-fil50/audio/vcm/vcm_train_gap001726.wav,2.120,6.956,ok,,
vcm_train_gap001728,vcm,train,ref_tagalog15,Reminder Exercise,CREATE_REMINDER,,0,out/conversions/v2/ai231-fil50/audio/vcm/vcm_train_gap001728.wav,2.080,7.566,ok,,
vcm_train_gap001730,vcm,train,ref_tagalog12,Reminder Exercise,CREATE_REMINDER,,0,out/conversions/v2/ai231-fil50/audio/vcm/vcm_train_gap001730.wav,1.920,7.275,ok,,
vcm_train_gap001732,vcm,train,ref_tagalog6,Reminder Exercise,CREATE_REMINDER,,0,out/conversions/v2/ai231-fil50/audio/vcm/vcm_train_gap001732.wav,2.160,6.934,ok,,
vcm_train_gap001734,vcm,train,ref_tagalog10,Reminder Exercise,CREATE_REMINDER,,0,out/conversions/v2/ai231-fil50/audio/vcm/vcm_train_gap001734.wav,2.400,7.166,ok,,
vcm_train_gap001736,vcm,train,ref_tagalog11,Reminder Exercise,CREATE_REMINDER,,0,out/conversions/v2/ai231-fil50/audio/vcm/vcm_train_gap001736.wav,2.240,7.366,ok,,
vcm_train_gap001738,vcm,train,ref_tagalog3,Reminder Exercise,CREATE_REMINDER,,0,out/conversions/v2/ai231-fil50/audio/vcm/vcm_train_gap001738.wav,2.280,7.057,ok,,
vcm_train_gap001740,vcm,train,ref_tagalog2,Reminder Exercise,CREATE_REMINDER,,0,out/conversions/v2/ai231-fil50/audio/vcm/vcm_train_gap001740.wav,1.600,4.527,ok,,
vcm_train_gap001742,vcm,train,ref_tagalog4,Reminder Exercise,CREATE_REMINDER,,0,out/conversions/v2/ai231-fil50/audio/vcm/vcm_train_gap001742.wav,1.800,6.470,ok,,
vcm_train_gap001744,vcm,train,ref_tagalog14,Reminder Exercise,CREATE_REMINDER,,0,out/conversions/v2/ai231-fil50/audio/vcm/vcm_train_gap001744.wav,2.120,7.571,ok,,
vcm_train_gap001746,vcm,train,ref_tagalog16,Reminder Exercise,CREATE_REMINDER,,0,out/conversions/v2/ai231-fil50/audio/vcm/vcm_train_gap001746.wav,2.200,7.373,ok,,
vcm_train_gap001748,vcm,train,ref_ilonggo1,Reminder Exercise,CREATE_REMINDER,,0,out/conversions/v2/ai231-fil50/audio/vcm/vcm_train_gap001748.wav,2.400,6.355,ok,,
vcm_train_gap001750,vcm,train,ref_tagalog5,Reminder Exercise,CREATE_REMINDER,,0,out/conversions/v2/ai231-fil50/audio/vcm/vcm_train_gap001750.wav,2.160,6.971,ok,,
vcm_train_gap001752,vcm,train,ref_tagalog7,Reminder Exercise,CREATE_REMINDER,,0,out/conversions/v2/ai231-fil50/audio/vcm/vcm_train_gap001752.wav,2.240,7.900,ok,,
vcm_train_gap001754,vcm,train,ref_tagalog9,Reminder Exercise,CREATE_REMINDER,,0,out/conversions/v2/ai231-fil50/audio/vcm/vcm_train_gap001754.wav,1.920,6.861,ok,,
vcm_train_gap001756,vcm,train,ref_tagalog1,Reminder Exercise,CREATE_REMINDER,,0,out/conversions/v2/ai231-fil50/audio/vcm/vcm_train_gap001756.wav,1.760,5.859,ok,,
vcm_train_gap001758,vcm,train,ref_tagalog13,Reminder Exercise,CREATE_REMINDER,,0,out/conversions/v2/ai231-fil50/audio/vcm/vcm_train_gap001758.wav,2.400,6.445,ok,,
vcm_train_gap001760,vcm,train,ref_tagalog8,Reminder Exercise,CREATE_REMINDER,,0,out/conversions/v2/ai231-fil50/audio/vcm/vcm_train_gap001760.wav,1.960,6.746,ok,,
vcm_train_gap001762,vcm,train,ref_tagalog15,Reminder Exercise,CREATE_REMINDER,,0,out/conversions/v2/ai231-fil50/audio/vcm/vcm_train_gap001762.wav,2.280,7.853,ok,,
vcm_train_gap001764,vcm,train,ref_tagalog12,Reminder Exercise,CREATE_REMINDER,,0,out/conversions/v2/ai231-fil50/audio/vcm/vcm_train_gap001764.wav,2.000,5.045,ok,,
vcm_train_gap001766,vcm,train,ref_tagalog6,Reminder Exercise,CREATE_REMINDER,,0,out/conversions/v2/ai231-fil50/audio/vcm/vcm_train_gap001766.wav,2.280,4.804,ok,,
vcm_train_gap001768,vcm,train,ref_tagalog10,Reminder Exercise,CREATE_REMINDER,,0,out/conversions/v2/ai231-fil50/audio/vcm/vcm_train_gap001768.wav,2.400,5.048,ok,,
vcm_train_gap001770,vcm,train,ref_tagalog11,Reminder Exercise,CREATE_REMINDER,,0,out/conversions/v2/ai231-fil50/audio/vcm/vcm_train_gap001770.wav,2.400,4.379,ok,,
vcm_train_gap001772,vcm,train,ref_tagalog3,Reminder Exercise,CREATE_REMINDER,,0,out/conversions/v2/ai231-fil50/audio/vcm/vcm_train_gap001772.wav,2.400,4.790,ok,,
vcm_train_gap001774,vcm,train,ref_tagalog2,Reminder Exercise,CREATE_REMINDER,,0,out/conversions/v2/ai231-fil50/audio/vcm/vcm_train_gap001774.wav,1.920,4.338,ok,,
vcm_train_gap001776,vcm,train,ref_tagalog4,Reminder Exercise,CREATE_REMINDER,,0,out/conversions/v2/ai231-fil50/audio/vcm/vcm_train_gap001776.wav,2.160,4.893,ok,,
vcm_train_gap001778,vcm,train,ref_tagalog14,Reminder Exercise,CREATE_REMINDER,,0,out/conversions/v2/ai231-fil50/audio/vcm/vcm_train_gap001778.wav,2.360,4.375,ok,,
vcm_train_gap001780,vcm,train,ref_tagalog16,Reminder Exercise,CREATE_REMINDER,,0,out/conversions/v2/ai231-fil50/audio/vcm/vcm_train_gap001780.wav,2.400,4.762,ok,,
vcm_train_gap001782,vcm,train,ref_ilonggo1,Reminder Exercise,CREATE_REMINDER,,0,out/conversions/v2/ai231-fil50/audio/vcm/vcm_train_gap001782.wav,2.000,4.395,ok,,
vcm_train_gap001784,vcm,train,ref_tagalog5,Reminder Exercise,CREATE_REMINDER,,0,out/conversions/v2/ai231-fil50/audio/vcm/vcm_train_gap001784.wav,2.160,4.788,ok,,
vcm_train_gap001786,vcm,train,ref_tagalog7,Reminder Exercise,CREATE_REMINDER,,0,out/conversions/v2/ai231-fil50/audio/vcm/vcm_train_gap001786.wav,2.000,5.021,ok,,
vcm_train_gap001788,vcm,train,ref_tagalog9,Reminder Exercise,CREATE_REMINDER,,0,out/conversions/v2/ai231-fil50/audio/vcm/vcm_train_gap001788.wav,2.040,5.655,ok,,
vcm_train_gap001790,vcm,train,ref_tagalog1,Reminder Exercise,CREATE_REMINDER,,0,out/conversions/v2/ai231-fil50/audio/vcm/vcm_train_gap001790.wav,2.400,5.439,ok,,
vcm_train_gap001792,vcm,train,ref_tagalog13,Reminder Exercise,CREATE_REMINDER,,0,out/conversions/v2/ai231-fil50/audio/vcm/vcm_train_gap001792.wav,2.400,5.543,ok,,
vcm_train_gap001794,vcm,train,ref_tagalog8,Reminder Exercise,CREATE_REMINDER,,0,out/conversions/v2/ai231-fil50/audio/vcm/vcm_train_gap001794.wav,2.080,5.004,ok,,
vcm_train_gap001796,vcm,train,ref_tagalog15,Reminder Exercise,CREATE_REMINDER,,0,out/conversions/v2/ai231-fil50/audio/vcm/vcm_train_gap001796.wav,2.080,5.471,ok,,
vcm_train_gap001798,vcm,train,ref_tagalog12,Reminder Exercise,CREATE_REMINDER,,0,out/conversions/v2/ai231-fil50/audio/vcm/vcm_train_gap001798.wav,2.360,4.652,ok,,
vcm_train_gap001800,vcm,train,ref_tagalog6,Reminder Exercise,CREATE_REMINDER,,0,out/conversions/v2/ai231-fil50/audio/vcm/vcm_train_gap001800.wav,1.960,4.459,ok,,
vcm_train_gap001802,vcm,train,ref_tagalog10,Reminder Exercise,CREATE_REMINDER,,0,out/conversions/v2/ai231-fil50/audio/vcm/vcm_train_gap001802.wav,1.840,5.026,ok,,
vcm_train_gap001804,vcm,train,ref_tagalog11,Reminder Exercise,CREATE_REMINDER,,0,out/conversions/v2/ai231-fil50/audio/vcm/vcm_train_gap001804.wav,2.080,4.672,ok,,
vcm_train_gap001806,vcm,train,ref_tagalog3,Reminder Exercise,CREATE_REMINDER,,0,out/conversions/v2/ai231-fil50/audio/vcm/vcm_train_gap001806.wav,2.400,5.217,ok,,
vcm_train_gap001808,vcm,train,ref_tagalog2,Reminder Exercise,CREATE_REMINDER,,0,out/conversions/v2/ai231-fil50/audio/vcm/vcm_train_gap001808.wav,1.840,4.845,ok,,
vcm_train_gap001810,vcm,train,ref_tagalog4,Reminder Exercise,CREATE_REMINDER,,0,out/conversions/v2/ai231-fil50/audio/vcm/vcm_train_gap001810.wav,1.720,4.614,ok,,
vcm_train_gap001812,vcm,train,ref_tagalog14,Reminder Exercise,CREATE_REMINDER,,0,out/conversions/v2/ai231-fil50/audio/vcm/vcm_train_gap001812.wav,1.880,4.342,ok,,
vcm_train_gap001814,vcm,train,ref_tagalog16,Reminder Exercise,CREATE_REMINDER,,0,out/conversions/v2/ai231-fil50/audio/vcm/vcm_train_gap001814.wav,2.120,4.239,ok,,
vcm_train_gap001816,vcm,train,ref_ilonggo1,Remind me to Study,CREATE_REMINDER,,0,out/conversions/v2/ai231-fil50/audio/vcm/vcm_train_gap001816.wav,2.040,4.680,ok,,
vcm_train_gap001818,vcm,train,ref_tagalog5,Remind me to Study,CREATE_REMINDER,,0,out/conversions/v2/ai231-fil50/audio/vcm/vcm_train_gap001818.wav,2.160,4.910,ok,,
vcm_train_gap001820,vcm,train,ref_tagalog7,Remind me to Study,CREATE_REMINDER,,0,out/conversions/v2/ai231-fil50/audio/vcm/vcm_train_gap001820.wav,2.040,4.970,ok,,
vcm_train_gap001822,vcm,train,ref_tagalog9,Remind me to Study,CREATE_REMINDER,,0,out/conversions/v2/ai231-fil50/audio/vcm/vcm_train_gap001822.wav,1.680,4.904,ok,,
vcm_train_gap001824,vcm,train,ref_tagalog1,Remind me to Study,CREATE_REMINDER,,0,out/conversions/v2/ai231-fil50/audio/vcm/vcm_train_gap001824.wav,1.520,4.863,ok,,
vcm_train_gap001826,vcm,train,ref_tagalog13,Remind me to Exercise,CREATE_REMINDER,,0,out/conversions/v2/ai231-fil50/audio/vcm/vcm_train_gap001826.wav,4.040,5.913,ok,,
vcm_train_gap001828,vcm,train,ref_tagalog8,Remind me to Exercise,CREATE_REMINDER,,0,out/conversions/v2/ai231-fil50/audio/vcm/vcm_train_gap001828.wav,2.360,4.223,ok,,
vcm_train_gap001830,vcm,train,ref_tagalog15,Remind me to Exercise,CREATE_REMINDER,,0,out/conversions/v2/ai231-fil50/audio/vcm/vcm_train_gap001830.wav,2.440,4.725,ok,,
vcm_train_gap001832,vcm,train,ref_tagalog12,Remind me to Exercise,CREATE_REMINDER,,0,out/conversions/v2/ai231-fil50/audio/vcm/vcm_train_gap001832.wav,2.400,4.744,ok,,
vcm_train_gap001834,vcm,train,ref_tagalog6,Remind me to Exercise,CREATE_REMINDER,,0,out/conversions/v2/ai231-fil50/audio/vcm/vcm_train_gap001834.wav,2.360,4.369,ok,,
vcm_train_gap001836,vcm,train,ref_tagalog10,Remind me to Exercise,CREATE_REMINDER,,0,out/conversions/v2/ai231-fil50/audio/vcm/vcm_train_gap001836.wav,2.400,5.746,ok,,
vcm_train_gap001838,vcm,train,ref_tagalog11,Remind me to Exercise,CREATE_REMINDER,,0,out/conversions/v2/ai231-fil50/audio/vcm/vcm_train_gap001838.wav,2.880,4.753,ok,,
vcm_train_gap001840,vcm,train,ref_tagalog3,Remind me to Exercise,CREATE_REMINDER,,0,out/conversions/v2/ai231-fil50/audio/vcm/vcm_train_gap001840.wav,2.480,5.872,ok,,
vcm_train_gap001842,vcm,train,ref_tagalog2,Remind me to Exercise,CREATE_REMINDER,,0,out/conversions/v2/ai231-fil50/audio/vcm/vcm_train_gap001842.wav,2.280,4.851,ok,,
vcm_train_gap001844,vcm,train,ref_tagalog4,Remind me to Exercise,CREATE_REMINDER,,0,out/conversions/v2/ai231-fil50/audio/vcm/vcm_train_gap001844.wav,1.800,4.534,ok,,
vcm_train_gap001846,vcm,train,ref_tagalog14,Remind me to Exercise,CREATE_REMINDER,,0,out/conversions/v2/ai231-fil50/audio/vcm/vcm_train_gap001846.wav,2.520,5.165,ok,,
vcm_train_gap001848,vcm,train,ref_tagalog16,Remind me to Exercise,CREATE_REMINDER,,0,out/conversions/v2/ai231-fil50/audio/vcm/vcm_train_gap001848.wav,1.920,4.985,ok,,
vcm_train_gap000001,vcm,train,ref_tagalog7,Play some music,PLAY_MUSIC,,0,out/conversions/v2/ai231-fil50/audio/vcm/vcm_train_gap000001.wav,2.040,11.036,ok,,
vcm_train_gap000003,vcm,train,ref_tagalog9,Play some music,PLAY_MUSIC,,0,out/conversions/v2/ai231-fil50/audio/vcm/vcm_train_gap000003.wav,1.520,8.489,ok,,
vcm_train_gap000005,vcm,train,ref_tagalog1,Play some music,PLAY_MUSIC,,0,out/conversions/v2/ai231-fil50/audio/vcm/vcm_train_gap000005.wav,1.280,6.295,ok,,
vcm_train_gap000007,vcm,train,ref_tagalog13,Play some music,PLAY_MUSIC,,0,out/conversions/v2/ai231-fil50/audio/vcm/vcm_train_gap000007.wav,3.120,8.616,ok,,
vcm_train_gap000009,vcm,train,ref_tagalog8,Play some music,PLAY_MUSIC,,0,out/conversions/v2/ai231-fil50/audio/vcm/vcm_train_gap000009.wav,2.200,6.665,ok,,
vcm_train_gap000011,vcm,train,ref_tagalog15,Play some music,PLAY_MUSIC,,0,out/conversions/v2/ai231-fil50/audio/vcm/vcm_train_gap000011.wav,1.880,6.581,ok,,
vcm_train_gap000013,vcm,train,ref_tagalog12,Weather,WEATHER,,0,out/conversions/v2/ai231-fil50/audio/vcm/vcm_train_gap000013.wav,1.240,7.864,ok,,
vcm_train_gap000015,vcm,train,ref_tagalog6,Weather,WEATHER,,0,out/conversions/v2/ai231-fil50/audio/vcm/vcm_train_gap000015.wav,1.040,4.887,ok,,
vcm_train_gap000017,vcm,train,ref_tagalog10,Weather,WEATHER,,0,out/conversions/v2/ai231-fil50/audio/vcm/vcm_train_gap000017.wav,1.360,5.655,ok,,
vcm_train_gap000019,vcm,train,ref_tagalog11,Weather,WEATHER,,0,out/conversions/v2/ai231-fil50/audio/vcm/vcm_train_gap000019.wav,1.080,4.857,ok,,
vcm_train_gap000021,vcm,train,ref_tagalog3,Weather,WEATHER,,0,out/conversions/v2/ai231-fil50/audio/vcm/vcm_train_gap000021.wav,1.240,5.186,ok,,
vcm_train_gap000023,vcm,train,ref_tagalog2,Weather,WEATHER,,0,out/conversions/v2/ai231-fil50/audio/vcm/vcm_train_gap000023.wav,0.960,4.411,ok,,
vcm_train_gap000025,vcm,train,ref_tagalog4,Weather,WEATHER,,0,out/conversions/v2/ai231-fil50/audio/vcm/vcm_train_gap000025.wav,0.960,4.517,ok,,
vcm_train_gap000027,vcm,train,ref_tagalog14,Weather,WEATHER,,0,out/conversions/v2/ai231-fil50/audio/vcm/vcm_train_gap000027.wav,0.840,6.339,ok,,
vcm_train_gap000029,vcm,train,ref_tagalog16,Weather,WEATHER,,0,out/conversions/v2/ai231-fil50/audio/vcm/vcm_train_gap000029.wav,1.080,4.671,ok,,
vcm_train_gap000031,vcm,train,ref_ilonggo1,Weather,WEATHER,,0,out/conversions/v2/ai231-fil50/audio/vcm/vcm_train_gap000031.wav,1.000,4.544,ok,,
vcm_train_gap000033,vcm,train,ref_tagalog5,Weather,WEATHER,,0,out/conversions/v2/ai231-fil50/audio/vcm/vcm_train_gap000033.wav,1.600,4.816,ok,,
vcm_train_gap000035,vcm,train,ref_tagalog7,Weather,WEATHER,,0,out/conversions/v2/ai231-fil50/audio/vcm/vcm_train_gap000035.wav,1.280,4.527,ok,,
vcm_train_gap000037,vcm,train,ref_tagalog9,Weather,WEATHER,,0,out/conversions/v2/ai231-fil50/audio/vcm/vcm_train_gap000037.wav,0.920,5.194,ok,,
vcm_train_gap000039,vcm,train,ref_tagalog1,Weather,WEATHER,,0,out/conversions/v2/ai231-fil50/audio/vcm/vcm_train_gap000039.wav,0.840,4.633,ok,,
vcm_train_gap000041,vcm,train,ref_tagalog13,Weather,WEATHER,,0,out/conversions/v2/ai231-fil50/audio/vcm/vcm_train_gap000041.wav,1.280,5.761,ok,,
vcm_train_gap000043,vcm,train,ref_tagalog8,Weather,WEATHER,,0,out/conversions/v2/ai231-fil50/audio/vcm/vcm_train_gap000043.wav,1.600,6.371,ok,,
vcm_train_gap000045,vcm,train,ref_tagalog15,Weather,WEATHER,,0,out/conversions/v2/ai231-fil50/audio/vcm/vcm_train_gap000045.wav,1.160,4.608,ok,,
vcm_train_gap000047,vcm,train,ref_tagalog12,Weather,WEATHER,,0,out/conversions/v2/ai231-fil50/audio/vcm/vcm_train_gap000047.wav,0.920,5.124,ok,,
vcm_train_gap000049,vcm,train,ref_tagalog6,Weather,WEATHER,,0,out/conversions/v2/ai231-fil50/audio/vcm/vcm_train_gap000049.wav,1.080,4.560,ok,,
vcm_train_gap000051,vcm,train,ref_tagalog10,Weather,WEATHER,,0,out/conversions/v2/ai231-fil50/audio/vcm/vcm_train_gap000051.wav,1.400,5.478,ok,,
vcm_train_gap000053,vcm,train,ref_tagalog11,Weather,WEATHER,,0,out/conversions/v2/ai231-fil50/audio/vcm/vcm_train_gap000053.wav,1.600,5.407,ok,,
vcm_train_gap000055,vcm,train,ref_tagalog3,Weather,WEATHER,,0,out/conversions/v2/ai231-fil50/audio/vcm/vcm_train_gap000055.wav,1.560,5.167,ok,,
vcm_train_gap000057,vcm,train,ref_tagalog2,Weather,WEATHER,,0,out/conversions/v2/ai231-fil50/audio/vcm/vcm_train_gap000057.wav,1.040,5.976,ok,,
vcm_train_gap000059,vcm,train,ref_tagalog4,What's the weather?,WEATHER,,0,out/conversions/v2/ai231-fil50/audio/vcm/vcm_train_gap000059.wav,1.360,5.367,ok,,
vcm_train_gap000061,vcm,train,ref_tagalog14,What's the weather?,WEATHER,,0,out/conversions/v2/ai231-fil50/audio/vcm/vcm_train_gap000061.wav,1.320,4.958,ok,,
vcm_train_gap000063,vcm,train,ref_tagalog16,What's the weather?,WEATHER,,0,out/conversions/v2/ai231-fil50/audio/vcm/vcm_train_gap000063.wav,1.520,5.095,ok,,
vcm_train_gap000065,vcm,train,ref_ilonggo1,Time,TIME,,0,out/conversions/v2/ai231-fil50/audio/vcm/vcm_train_gap000065.wav,1.240,6.913,ok,,
vcm_train_gap000067,vcm,train,ref_tagalog5,Time,TIME,,0,out/conversions/v2/ai231-fil50/audio/vcm/vcm_train_gap000067.wav,1.560,6.044,ok,,
vcm_train_gap000069,vcm,train,ref_tagalog7,Time,TIME,,0,out/conversions/v2/ai231-fil50/audio/vcm/vcm_train_gap000069.wav,1.320,7.156,ok,,
vcm_train_gap000071,vcm,train,ref_tagalog9,Time,TIME,,0,out/conversions/v2/ai231-fil50/audio/vcm/vcm_train_gap000071.wav,0.800,6.706,ok,,
vcm_train_gap000073,vcm,train,ref_tagalog1,Time,TIME,,0,out/conversions/v2/ai231-fil50/audio/vcm/vcm_train_gap000073.wav,0.440,4.132,ok,,
vcm_train_gap000075,vcm,train,ref_tagalog13,Time,TIME,,0,out/conversions/v2/ai231-fil50/audio/vcm/vcm_train_gap000075.wav,0.840,4.256,ok,,
vcm_train_gap000077,vcm,train,ref_tagalog8,Time,TIME,,0,out/conversions/v2/ai231-fil50/audio/vcm/vcm_train_gap000077.wav,1.040,4.405,ok,,
vcm_train_gap000079,vcm,train,ref_tagalog15,Time,TIME,,0,out/conversions/v2/ai231-fil50/audio/vcm/vcm_train_gap000079.wav,1.280,4.643,ok,,
vcm_train_gap000081,vcm,train,ref_tagalog12,Time,TIME,,0,out/conversions/v2/ai231-fil50/audio/vcm/vcm_train_gap000081.wav,1.160,4.703,ok,,
vcm_train_gap000083,vcm,train,ref_tagalog6,Time,TIME,,0,out/conversions/v2/ai231-fil50/audio/vcm/vcm_train_gap000083.wav,0.880,7.591,ok,,
vcm_train_gap000085,vcm,train,ref_tagalog10,Time,TIME,,0,out/conversions/v2/ai231-fil50/audio/vcm/vcm_train_gap000085.wav,1.480,8.151,ok,,
vcm_train_gap000087,vcm,train,ref_tagalog11,Time,TIME,,0,out/conversions/v2/ai231-fil50/audio/vcm/vcm_train_gap000087.wav,1.600,5.315,ok,,
vcm_train_gap000089,vcm,train,ref_tagalog3,Time,TIME,,0,out/conversions/v2/ai231-fil50/audio/vcm/vcm_train_gap000089.wav,1.360,5.017,ok,,
vcm_train_gap000091,vcm,train,ref_tagalog2,Time,TIME,,0,out/conversions/v2/ai231-fil50/audio/vcm/vcm_train_gap000091.wav,0.840,4.502,ok,,
vcm_train_gap000093,vcm,train,ref_tagalog4,Time,TIME,,0,out/conversions/v2/ai231-fil50/audio/vcm/vcm_train_gap000093.wav,0.920,4.845,ok,,
vcm_train_gap000095,vcm,train,ref_tagalog14,Time,TIME,,0,out/conversions/v2/ai231-fil50/audio/vcm/vcm_train_gap000095.wav,1.240,4.745,ok,,
vcm_train_gap000097,vcm,train,ref_tagalog16,Time,TIME,,0,out/conversions/v2/ai231-fil50/audio/vcm/vcm_train_gap000097.wav,1.000,4.307,ok,,
vcm_train_gap000099,vcm,train,ref_ilonggo1,Time,TIME,,0,out/conversions/v2/ai231-fil50/audio/vcm/vcm_train_gap000099.wav,1.440,9.237,ok,,
vcm_train_gap000101,vcm,train,ref_tagalog5,Time,TIME,,0,out/conversions/v2/ai231-fil50/audio/vcm/vcm_train_gap000101.wav,1.600,4.872,ok,,
vcm_train_gap000103,vcm,train,ref_tagalog7,Time,TIME,,0,out/conversions/v2/ai231-fil50/audio/vcm/vcm_train_gap000103.wav,1.160,9.105,ok,,
vcm_train_gap000105,vcm,train,ref_tagalog9,Time,TIME,,0,out/conversions/v2/ai231-fil50/audio/vcm/vcm_train_gap000105.wav,0.680,6.229,ok,,
vcm_train_gap000107,vcm,train,ref_tagalog1,Time,TIME,,0,out/conversions/v2/ai231-fil50/audio/vcm/vcm_train_gap000107.wav,0.760,7.371,ok,,
vcm_train_gap000109,vcm,train,ref_tagalog13,Time,TIME,,0,out/conversions/v2/ai231-fil50/audio/vcm/vcm_train_gap000109.wav,1.600,8.161,ok,,
vcm_train_gap000111,vcm,train,ref_tagalog8,Time,TIME,,0,out/conversions/v2/ai231-fil50/audio/vcm/vcm_train_gap000111.wav,1.600,7.907,ok,,
vcm_train_gap000113,vcm,train,ref_tagalog15,Time,TIME,,0,out/conversions/v2/ai231-fil50/audio/vcm/vcm_train_gap000113.wav,1.240,5.402,ok,,
vcm_train_gap000115,vcm,train,ref_tagalog12,Time,TIME,,0,out/conversions/v2/ai231-fil50/audio/vcm/vcm_train_gap000115.wav,1.600,5.495,ok,,
vcm_train_gap000117,vcm,train,ref_tagalog6,Time,TIME,,0,out/conversions/v2/ai231-fil50/audio/vcm/vcm_train_gap000117.wav,0.920,4.782,ok,,
vcm_train_gap000119,vcm,train,ref_tagalog10,Lights on,LIGHT_ON,,0,out/conversions/v2/ai231-fil50/audio/vcm/vcm_train_gap000119.wav,1.480,6.898,ok,,
vcm_train_gap000121,vcm,train,ref_tagalog11,Lights on,LIGHT_ON,,0,out/conversions/v2/ai231-fil50/audio/vcm/vcm_train_gap000121.wav,2.240,8.548,ok,,
vcm_train_gap000123,vcm,train,ref_tagalog3,Lights on,LIGHT_ON,,0,out/conversions/v2/ai231-fil50/audio/vcm/vcm_train_gap000123.wav,1.600,6.570,ok,,
vcm_train_gap000125,vcm,train,ref_tagalog2,Lights on,LIGHT_ON,,0,out/conversions/v2/ai231-fil50/audio/vcm/vcm_train_gap000125.wav,1.160,6.022,ok,,
vcm_train_gap000127,vcm,train,ref_tagalog4,Lights on,LIGHT_ON,,0,out/conversions/v2/ai231-fil50/audio/vcm/vcm_train_gap000127.wav,1.600,7.135,ok,,
vcm_train_gap000129,vcm,train,ref_tagalog14,Lights on,LIGHT_ON,,0,out/conversions/v2/ai231-fil50/audio/vcm/vcm_train_gap000129.wav,1.360,11.913,ok,,
vcm_train_gap000131,vcm,train,ref_tagalog16,Power on the lights,LIGHT_ON,,0,out/conversions/v2/ai231-fil50/audio/vcm/vcm_train_gap000131.wav,1.360,9.348,ok,,
vcm_train_gap000133,vcm,train,ref_ilonggo1,Lights out,LIGHT_OFF,,0,out/conversions/v2/ai231-fil50/audio/vcm/vcm_train_gap000133.wav,1.960,7.940,ok,,
vcm_train_gap000135,vcm,train,ref_tagalog5,Lights out,LIGHT_OFF,,0,out/conversions/v2/ai231-fil50/audio/vcm/vcm_train_gap000135.wav,1.760,5.826,ok,,
vcm_train_gap000137,vcm,train,ref_tagalog7,Lights out,LIGHT_OFF,,0,out/conversions/v2/ai231-fil50/audio/vcm/vcm_train_gap000137.wav,1.280,7.325,ok,,
vcm_train_gap000139,vcm,train,ref_tagalog9,Lights out,LIGHT_OFF,,0,out/conversions/v2/ai231-fil50/audio/vcm/vcm_train_gap000139.wav,1.480,8.457,ok,,
vcm_train_gap000141,vcm,train,ref_tagalog1,Lights out,LIGHT_OFF,,0,out/conversions/v2/ai231-fil50/audio/vcm/vcm_train_gap000141.wav,1.680,7.027,ok,,
vcm_train_gap000143,vcm,train,ref_tagalog13,Lights out,LIGHT_OFF,,0,out/conversions/v2/ai231-fil50/audio/vcm/vcm_train_gap000143.wav,1.440,9.382,ok,,
vcm_train_gap000145,vcm,train,ref_tagalog8,Lights out,LIGHT_OFF,,0,out/conversions/v2/ai231-fil50/audio/vcm/vcm_train_gap000145.wav,1.720,5.569,ok,,
vcm_train_gap000147,vcm,train,ref_tagalog15,Lights out,LIGHT_OFF,,0,out/conversions/v2/ai231-fil50/audio/vcm/vcm_train_gap000147.wav,1.520,8.462,ok,,
vcm_train_gap000149,vcm,train,ref_tagalog12,Lights out,LIGHT_OFF,,0,out/conversions/v2/ai231-fil50/audio/vcm/vcm_train_gap000149.wav,2.400,9.207,ok,,
vcm_train_gap000151,vcm,train,ref_tagalog6,Lights out,LIGHT_OFF,,0,out/conversions/v2/ai231-fil50/audio/vcm/vcm_train_gap000151.wav,1.640,6.231,ok,,
vcm_train_gap000153,vcm,train,ref_tagalog10,Lights out,LIGHT_OFF,,0,out/conversions/v2/ai231-fil50/audio/vcm/vcm_train_gap000153.wav,1.720,9.501,ok,,
vcm_train_gap000155,vcm,train,ref_tagalog11,Lights out,LIGHT_OFF,,0,out/conversions/v2/ai231-fil50/audio/vcm/vcm_train_gap000155.wav,2.000,6.447,ok,,
vcm_train_gap000157,vcm,train,ref_tagalog3,Pause audio,PAUSE,,0,out/conversions/v2/ai231-fil50/audio/vcm/vcm_train_gap000157.wav,2.120,7.383,ok,,
vcm_train_gap000159,vcm,train,ref_tagalog2,Pause audio,PAUSE,,0,out/conversions/v2/ai231-fil50/audio/vcm/vcm_train_gap000159.wav,1.920,6.330,ok,,
vcm_train_gap000161,vcm,train,ref_tagalog4,Pause audio,PAUSE,,0,out/conversions/v2/ai231-fil50/audio/vcm/vcm_train_gap000161.wav,1.520,6.789,ok,,
vcm_train_gap000163,vcm,train,ref_tagalog14,Pause audio,PAUSE,,0,out/conversions/v2/ai231-fil50/audio/vcm/vcm_train_gap000163.wav,2.360,8.225,ok,,
vcm_train_gap000165,vcm,train,ref_tagalog16,Pause audio,PAUSE,,0,out/conversions/v2/ai231-fil50/audio/vcm/vcm_train_gap000165.wav,1.200,7.655,ok,,
vcm_train_gap000167,vcm,train,ref_ilonggo1,Pause audio,PAUSE,,0,out/conversions/v2/ai231-fil50/audio/vcm/vcm_train_gap000167.wav,1.960,6.441,ok,,
vcm_train_gap000169,vcm,train,ref_tagalog5,Pause audio,PAUSE,,0,out/conversions/v2/ai231-fil50/audio/vcm/vcm_train_gap000169.wav,2.040,6.822,ok,,
vcm_train_gap000171,vcm,train,ref_tagalog7,Pause audio,PAUSE,,0,out/conversions/v2/ai231-fil50/audio/vcm/vcm_train_gap000171.wav,1.640,6.967,ok,,
vcm_train_gap000173,vcm,train,ref_tagalog9,Pause audio,PAUSE,,0,out/conversions/v2/ai231-fil50/audio/vcm/vcm_train_gap000173.wav,1.640,6.693,ok,,
vcm_train_gap000175,vcm,train,ref_tagalog1,Pause audio,PAUSE,,0,out/conversions/v2/ai231-fil50/audio/vcm/vcm_train_gap000175.wav,1.280,7.686,ok,,
vcm_train_gap000177,vcm,train,ref_tagalog13,Pause audio,PAUSE,,0,out/conversions/v2/ai231-fil50/audio/vcm/vcm_train_gap000177.wav,2.400,10.751,ok,,
vcm_train_gap000179,vcm,train,ref_tagalog8,Pause audio,PAUSE,,0,out/conversions/v2/ai231-fil50/audio/vcm/vcm_train_gap000179.wav,1.840,6.310,ok,,
vcm_train_gap000181,vcm,train,ref_tagalog15,Pause audio,PAUSE,,0,out/conversions/v2/ai231-fil50/audio/vcm/vcm_train_gap000181.wav,1.480,6.345,ok,,
vcm_train_gap000183,vcm,train,ref_tagalog12,Pause audio,PAUSE,,0,out/conversions/v2/ai231-fil50/audio/vcm/vcm_train_gap000183.wav,1.800,7.039,ok,,
vcm_train_gap000185,vcm,train,ref_tagalog6,Pause audio,PAUSE,,0,out/conversions/v2/ai231-fil50/audio/vcm/vcm_train_gap000185.wav,1.800,6.150,ok,,
vcm_train_gap000187,vcm,train,ref_tagalog10,Pause audio,PAUSE,,0,out/conversions/v2/ai231-fil50/audio/vcm/vcm_train_gap000187.wav,2.000,7.039,ok,,
vcm_train_gap000189,vcm,train,ref_tagalog11,Pause audio,PAUSE,,0,out/conversions/v2/ai231-fil50/audio/vcm/vcm_train_gap000189.wav,2.200,8.964,ok,,
vcm_train_gap000191,vcm,train,ref_tagalog3,Pause audio,PAUSE,,0,out/conversions/v2/ai231-fil50/audio/vcm/vcm_train_gap000191.wav,2.400,7.263,ok,,
vcm_train_gap000193,vcm,train,ref_tagalog2,Pause audio,PAUSE,,0,out/conversions/v2/ai231-fil50/audio/vcm/vcm_train_gap000193.wav,1.280,5.409,ok,,
vcm_train_gap000195,vcm,train,ref_tagalog4,Pause audio,PAUSE,,0,out/conversions/v2/ai231-fil50/audio/vcm/vcm_train_gap000195.wav,1.680,7.199,ok,,
vcm_train_gap000197,vcm,train,ref_tagalog14,Pause audio,PAUSE,,0,out/conversions/v2/ai231-fil50/audio/vcm/vcm_train_gap000197.wav,2.400,7.622,ok,,
vcm_train_gap000199,vcm,train,ref_tagalog16,Pause audio,PAUSE,,0,out/conversions/v2/ai231-fil50/audio/vcm/vcm_train_gap000199.wav,1.400,6.271,ok,,
vcm_train_gap000201,vcm,train,ref_ilonggo1,Pause audio,PAUSE,,0,out/conversions/v2/ai231-fil50/audio/vcm/vcm_train_gap000201.wav,1.880,11.518,ok,,
vcm_train_gap000203,vcm,train,ref_tagalog5,Pause audio,PAUSE,,0,out/conversions/v2/ai231-fil50/audio/vcm/vcm_train_gap000203.wav,1.760,6.220,ok,,
vcm_train_gap000205,vcm,train,ref_tagalog7,Pause audio,PAUSE,,0,out/conversions/v2/ai231-fil50/audio/vcm/vcm_train_gap000205.wav,1.840,6.825,ok,,
vcm_train_gap000207,vcm,train,ref_tagalog9,Pause audio,PAUSE,,0,out/conversions/v2/ai231-fil50/audio/vcm/vcm_train_gap000207.wav,1.560,6.332,ok,,
vcm_train_gap000209,vcm,train,ref_tagalog1,Pause audio,PAUSE,,0,out/conversions/v2/ai231-fil50/audio/vcm/vcm_train_gap000209.wav,1.840,6.820,ok,,
vcm_train_gap000211,vcm,train,ref_tagalog13,Pause audio,PAUSE,,0,out/conversions/v2/ai231-fil50/audio/vcm/vcm_train_gap000211.wav,2.400,7.510,ok,,
vcm_train_gap000213,vcm,train,ref_tagalog8,Pause audio,PAUSE,,0,out/conversions/v2/ai231-fil50/audio/vcm/vcm_train_gap000213.wav,1.920,10.453,ok,,
vcm_train_gap000215,vcm,train,ref_tagalog15,Pause audio,PAUSE,,0,out/conversions/v2/ai231-fil50/audio/vcm/vcm_train_gap000215.wav,1.440,6.551,ok,,
vcm_train_gap000217,vcm,train,ref_tagalog12,Pause audio,PAUSE,,0,out/conversions/v2/ai231-fil50/audio/vcm/vcm_train_gap000217.wav,2.040,6.981,ok,,
vcm_train_gap000219,vcm,train,ref_tagalog6,Pause song,PAUSE,,0,out/conversions/v2/ai231-fil50/audio/vcm/vcm_train_gap000219.wav,2.200,6.912,ok,,
vcm_train_gap000221,vcm,train,ref_tagalog10,Pause song,PAUSE,,0,out/conversions/v2/ai231-fil50/audio/vcm/vcm_train_gap000221.wav,2.240,7.791,ok,,
vcm_train_gap000223,vcm,train,ref_tagalog11,Pause song,PAUSE,,0,out/conversions/v2/ai231-fil50/audio/vcm/vcm_train_gap000223.wav,2.360,6.324,ok,,
vcm_train_gap000225,vcm,train,ref_tagalog3,Pause song,PAUSE,,0,out/conversions/v2/ai231-fil50/audio/vcm/vcm_train_gap000225.wav,2.400,7.665,ok,,
vcm_train_gap000227,vcm,train,ref_tagalog2,Pause song,PAUSE,,0,out/conversions/v2/ai231-fil50/audio/vcm/vcm_train_gap000227.wav,1.280,5.708,ok,,
vcm_train_gap000229,vcm,train,ref_tagalog4,Pause song,PAUSE,,0,out/conversions/v2/ai231-fil50/audio/vcm/vcm_train_gap000229.wav,2.080,7.000,ok,,
vcm_train_gap000231,vcm,train,ref_tagalog14,Pause song,PAUSE,,0,out/conversions/v2/ai231-fil50/audio/vcm/vcm_train_gap000231.wav,2.400,6.954,ok,,
vcm_train_gap000233,vcm,train,ref_tagalog16,Pause song,PAUSE,,0,out/conversions/v2/ai231-fil50/audio/vcm/vcm_train_gap000233.wav,1.320,5.617,ok,,
vcm_train_gap000235,vcm,train,ref_ilonggo1,Pause song,PAUSE,,0,out/conversions/v2/ai231-fil50/audio/vcm/vcm_train_gap000235.wav,1.840,7.132,ok,,
vcm_train_gap000237,vcm,train,ref_tagalog5,Pause song,PAUSE,,0,out/conversions/v2/ai231-fil50/audio/vcm/vcm_train_gap000237.wav,2.200,9.052,ok,,
vcm_train_gap000239,vcm,train,ref_tagalog7,Pause song,PAUSE,,0,out/conversions/v2/ai231-fil50/audio/vcm/vcm_train_gap000239.wav,1.400,6.540,ok,,
vcm_train_gap000241,vcm,train,ref_tagalog9,Pause song,PAUSE,,0,out/conversions/v2/ai231-fil50/audio/vcm/vcm_train_gap000241.wav,1.280,6.751,ok,,
vcm_train_gap000243,vcm,train,ref_tagalog1,Pause song,PAUSE,,0,out/conversions/v2/ai231-fil50/audio/vcm/vcm_train_gap000243.wav,1.160,7.166,ok,,
vcm_train_gap000245,vcm,train,ref_tagalog13,Pause song,PAUSE,,0,out/conversions/v2/ai231-fil50/audio/vcm/vcm_train_gap000245.wav,2.160,7.780,ok,,
vcm_train_gap000247,vcm,train,ref_tagalog8,Pause song,PAUSE,,0,out/conversions/v2/ai231-fil50/audio/vcm/vcm_train_gap000247.wav,1.840,7.791,ok,,
vcm_train_gap000249,vcm,train,ref_tagalog15,Pause song,PAUSE,,0,out/conversions/v2/ai231-fil50/audio/vcm/vcm_train_gap000249.wav,2.040,6.540,ok,,
vcm_train_gap000251,vcm,train,ref_tagalog12,Pause song,PAUSE,,0,out/conversions/v2/ai231-fil50/audio/vcm/vcm_train_gap000251.wav,2.000,6.578,ok,,
vcm_train_gap000253,vcm,train,ref_tagalog6,Pause song,PAUSE,,0,out/conversions/v2/ai231-fil50/audio/vcm/vcm_train_gap000253.wav,1.000,5.270,ok,,
vcm_train_gap000255,vcm,train,ref_tagalog10,Pause song,PAUSE,,0,out/conversions/v2/ai231-fil50/audio/vcm/vcm_train_gap000255.wav,2.200,6.914,ok,,
vcm_train_gap000257,vcm,train,ref_tagalog11,Pause song,PAUSE,,0,out/conversions/v2/ai231-fil50/audio/vcm/vcm_train_gap000257.wav,2.040,6.169,ok,,
vcm_train_gap000259,vcm,train,ref_tagalog3,Pause song,PAUSE,,0,out/conversions/v2/ai231-fil50/audio/vcm/vcm_train_gap000259.wav,1.800,10.201,ok,,
vcm_train_gap000261,vcm,train,ref_tagalog2,Pause song,PAUSE,,0,out/conversions/v2/ai231-fil50/audio/vcm/vcm_train_gap000261.wav,1.520,7.515,ok,,
vcm_train_gap000263,vcm,train,ref_tagalog4,Pause song,PAUSE,,0,out/conversions/v2/ai231-fil50/audio/vcm/vcm_train_gap000263.wav,2.160,7.872,ok,,
vcm_train_gap000265,vcm,train,ref_tagalog14,Pause song,PAUSE,,0,out/conversions/v2/ai231-fil50/audio/vcm/vcm_train_gap000265.wav,1.080,6.487,ok,,
vcm_train_gap000267,vcm,train,ref_tagalog16,Pause song,PAUSE,,0,out/conversions/v2/ai231-fil50/audio/vcm/vcm_train_gap000267.wav,1.160,5.390,ok,,
vcm_train_gap000269,vcm,train,ref_ilonggo1,Pause song,PAUSE,,0,out/conversions/v2/ai231-fil50/audio/vcm/vcm_train_gap000269.wav,1.840,5.636,ok,,
vcm_train_gap000271,vcm,train,ref_tagalog5,Pause song,PAUSE,,0,out/conversions/v2/ai231-fil50/audio/vcm/vcm_train_gap000271.wav,1.840,8.714,ok,,
vcm_train_gap000273,vcm,train,ref_tagalog7,Pause song,PAUSE,,0,out/conversions/v2/ai231-fil50/audio/vcm/vcm_train_gap000273.wav,1.920,9.024,ok,,
vcm_train_gap000275,vcm,train,ref_tagalog9,Pause song,PAUSE,,0,out/conversions/v2/ai231-fil50/audio/vcm/vcm_train_gap000275.wav,1.680,6.263,ok,,
vcm_train_gap000277,vcm,train,ref_tagalog1,Pause song,PAUSE,,0,out/conversions/v2/ai231-fil50/audio/vcm/vcm_train_gap000277.wav,1.000,5.699,ok,,
vcm_train_gap000279,vcm,train,ref_tagalog13,Pause song,PAUSE,,0,out/conversions/v2/ai231-fil50/audio/vcm/vcm_train_gap000279.wav,2.400,6.974,ok,,
vcm_train_gap000281,vcm,train,ref_tagalog8,Pause song,PAUSE,,0,out/conversions/v2/ai231-fil50/audio/vcm/vcm_train_gap000281.wav,1.720,5.896,ok,,
vcm_train_gap000283,vcm,train,ref_tagalog15,Pause song,PAUSE,,0,out/conversions/v2/ai231-fil50/audio/vcm/vcm_train_gap000283.wav,1.960,8.129,ok,,
vcm_train_gap000285,vcm,train,ref_tagalog12,Pause song,PAUSE,,0,out/conversions/v2/ai231-fil50/audio/vcm/vcm_train_gap000285.wav,1.880,6.432,ok,,
vcm_train_gap000287,vcm,train,ref_tagalog6,Pause song,PAUSE,,0,out/conversions/v2/ai231-fil50/audio/vcm/vcm_train_gap000287.wav,2.040,5.831,ok,,
vcm_train_gap000289,vcm,train,ref_tagalog10,Pause song,PAUSE,,0,out/conversions/v2/ai231-fil50/audio/vcm/vcm_train_gap000289.wav,1.680,6.109,ok,,
vcm_train_gap000291,vcm,train,ref_tagalog11,Pause song,PAUSE,,0,out/conversions/v2/ai231-fil50/audio/vcm/vcm_train_gap000291.wav,2.040,6.339,ok,,
vcm_train_gap000293,vcm,train,ref_tagalog3,Pause song,PAUSE,,0,out/conversions/v2/ai231-fil50/audio/vcm/vcm_train_gap000293.wav,2.200,6.851,ok,,
vcm_train_gap000295,vcm,train,ref_tagalog2,Pause song,PAUSE,,0,out/conversions/v2/ai231-fil50/audio/vcm/vcm_train_gap000295.wav,1.600,6.939,ok,,
vcm_train_gap000297,vcm,train,ref_tagalog4,Pause song,PAUSE,,0,out/conversions/v2/ai231-fil50/audio/vcm/vcm_train_gap000297.wav,1.160,5.456,ok,,
vcm_train_gap000299,vcm,train,ref_tagalog14,Pause song,PAUSE,,0,out/conversions/v2/ai231-fil50/audio/vcm/vcm_train_gap000299.wav,1.160,5.096,ok,,
vcm_train_gap000301,vcm,train,ref_tagalog16,Pause song,PAUSE,,0,out/conversions/v2/ai231-fil50/audio/vcm/vcm_train_gap000301.wav,1.000,4.781,ok,,
vcm_train_gap000303,vcm,train,ref_ilonggo1,Pause song,PAUSE,,0,out/conversions/v2/ai231-fil50/audio/vcm/vcm_train_gap000303.wav,1.800,5.756,ok,,
vcm_train_gap000305,vcm,train,ref_tagalog5,Pause song,PAUSE,,0,out/conversions/v2/ai231-fil50/audio/vcm/vcm_train_gap000305.wav,1.600,6.789,ok,,
vcm_train_gap000307,vcm,train,ref_tagalog7,Pause song,PAUSE,,0,out/conversions/v2/ai231-fil50/audio/vcm/vcm_train_gap000307.wav,1.560,5.937,ok,,
vcm_train_gap000309,vcm,train,ref_tagalog9,Pause song,PAUSE,,0,out/conversions/v2/ai231-fil50/audio/vcm/vcm_train_gap000309.wav,1.640,8.025,ok,,
vcm_train_gap000311,vcm,train,ref_tagalog1,Pause song,PAUSE,,0,out/conversions/v2/ai231-fil50/audio/vcm/vcm_train_gap000311.wav,1.040,6.320,ok,,
vcm_train_gap000313,vcm,train,ref_tagalog13,Pause song,PAUSE,,0,out/conversions/v2/ai231-fil50/audio/vcm/vcm_train_gap000313.wav,2.400,7.316,ok,,
vcm_train_gap000315,vcm,train,ref_tagalog8,Pause song,PAUSE,,0,out/conversions/v2/ai231-fil50/audio/vcm/vcm_train_gap000315.wav,1.640,5.371,ok,,
vcm_train_gap000317,vcm,train,ref_tagalog15,Pause song,PAUSE,,0,out/conversions/v2/ai231-fil50/audio/vcm/vcm_train_gap000317.wav,1.840,6.576,ok,,
vcm_train_gap000319,vcm,train,ref_tagalog12,Pause song,PAUSE,,0,out/conversions/v2/ai231-fil50/audio/vcm/vcm_train_gap000319.wav,1.480,4.918,ok,,
vcm_train_gap000321,vcm,train,ref_tagalog6,Pause song,PAUSE,,0,out/conversions/v2/ai231-fil50/audio/vcm/vcm_train_gap000321.wav,2.400,6.650,ok,,
vcm_train_gap000323,vcm,train,ref_tagalog10,Pause song,PAUSE,,0,out/conversions/v2/ai231-fil50/audio/vcm/vcm_train_gap000323.wav,1.880,5.838,ok,,
vcm_train_gap000325,vcm,train,ref_tagalog11,Pause song,PAUSE,,0,out/conversions/v2/ai231-fil50/audio/vcm/vcm_train_gap000325.wav,1.920,5.301,ok,,
vcm_train_gap000327,vcm,train,ref_tagalog3,Pause song,PAUSE,,0,out/conversions/v2/ai231-fil50/audio/vcm/vcm_train_gap000327.wav,2.400,6.524,ok,,
vcm_train_gap000329,vcm,train,ref_tagalog2,Pause song,PAUSE,,0,out/conversions/v2/ai231-fil50/audio/vcm/vcm_train_gap000329.wav,1.280,4.880,ok,,
vcm_train_gap000331,vcm,train,ref_tagalog4,Pause song,PAUSE,,0,out/conversions/v2/ai231-fil50/audio/vcm/vcm_train_gap000331.wav,1.320,5.275,ok,,
vcm_train_gap000333,vcm,train,ref_tagalog14,Pause song,PAUSE,,0,out/conversions/v2/ai231-fil50/audio/vcm/vcm_train_gap000333.wav,1.240,5.343,ok,,
vcm_train_gap000335,vcm,train,ref_tagalog16,End playback,STOP,,0,out/conversions/v2/ai231-fil50/audio/vcm/vcm_train_gap000335.wav,1.520,8.416,ok,,
vcm_train_gap000337,vcm,train,ref_ilonggo1,End playback,STOP,,0,out/conversions/v2/ai231-fil50/audio/vcm/vcm_train_gap000337.wav,2.000,5.261,ok,,
vcm_train_gap000339,vcm,train,ref_tagalog5,End playback,STOP,,0,out/conversions/v2/ai231-fil50/audio/vcm/vcm_train_gap000339.wav,1.480,5.027,ok,,
vcm_train_gap000341,vcm,train,ref_tagalog7,End playback,STOP,,0,out/conversions/v2/ai231-fil50/audio/vcm/vcm_train_gap000341.wav,1.680,6.030,ok,,
vcm_train_gap000343,vcm,train,ref_tagalog9,End playback,STOP,,0,out/conversions/v2/ai231-fil50/audio/vcm/vcm_train_gap000343.wav,1.600,6.187,ok,,
vcm_train_gap000345,vcm,train,ref_tagalog1,End playback,STOP,,0,out/conversions/v2/ai231-fil50/audio/vcm/vcm_train_gap000345.wav,1.280,5.665,ok,,
vcm_train_gap000347,vcm,train,ref_tagalog13,End playback,STOP,,0,out/conversions/v2/ai231-fil50/audio/vcm/vcm_train_gap000347.wav,1.520,7.989,ok,,
vcm_train_gap000349,vcm,train,ref_tagalog8,End playback,STOP,,0,out/conversions/v2/ai231-fil50/audio/vcm/vcm_train_gap000349.wav,1.760,7.395,ok,,
vcm_train_gap000351,vcm,train,ref_tagalog15,End playback,STOP,,0,out/conversions/v2/ai231-fil50/audio/vcm/vcm_train_gap000351.wav,1.800,6.246,ok,,
vcm_train_gap000353,vcm,train,ref_tagalog12,End playback,STOP,,0,out/conversions/v2/ai231-fil50/audio/vcm/vcm_train_gap000353.wav,1.600,6.155,ok,,
vcm_train_gap000355,vcm,train,ref_tagalog6,Skip song,NEXT,,0,out/conversions/v2/ai231-fil50/audio/vcm/vcm_train_gap000355.wav,1.320,5.378,ok,,
vcm_train_gap000357,vcm,train,ref_tagalog10,Skip song,NEXT,,0,out/conversions/v2/ai231-fil50/audio/vcm/vcm_train_gap000357.wav,1.200,6.089,ok,,
vcm_train_gap000359,vcm,train,ref_tagalog11,Skip song,NEXT,,0,out/conversions/v2/ai231-fil50/audio/vcm/vcm_train_gap000359.wav,1.880,6.217,ok,,
vcm_train_gap000361,vcm,train,ref_tagalog3,Skip song,NEXT,,0,out/conversions/v2/ai231-fil50/audio/vcm/vcm_train_gap000361.wav,1.440,8.148,ok,,
vcm_train_gap000363,vcm,train,ref_tagalog2,Skip song,NEXT,,0,out/conversions/v2/ai231-fil50/audio/vcm/vcm_train_gap000363.wav,1.520,5.894,ok,,
vcm_train_gap000365,vcm,train,ref_tagalog4,Skip song,NEXT,,0,out/conversions/v2/ai231-fil50/audio/vcm/vcm_train_gap000365.wav,1.360,5.396,ok,,
vcm_train_gap000367,vcm,train,ref_tagalog14,Play next song,NEXT,,0,out/conversions/v2/ai231-fil50/audio/vcm/vcm_train_gap000367.wav,2.080,5.929,ok,,
vcm_train_gap000369,vcm,train,ref_tagalog16,Play next song,NEXT,,0,out/conversions/v2/ai231-fil50/audio/vcm/vcm_train_gap000369.wav,1.440,5.914,ok,,
vcm_train_gap000371,vcm,train,ref_ilonggo1,Play next song,NEXT,,0,out/conversions/v2/ai231-fil50/audio/vcm/vcm_train_gap000371.wav,1.960,5.582,ok,,
vcm_train_gap000373,vcm,train,ref_tagalog5,Play next song,NEXT,,0,out/conversions/v2/ai231-fil50/audio/vcm/vcm_train_gap000373.wav,1.920,6.729,ok,,
vcm_train_gap000375,vcm,train,ref_tagalog7,Play next song,NEXT,,0,out/conversions/v2/ai231-fil50/audio/vcm/vcm_train_gap000375.wav,1.800,6.692,ok,,
vcm_train_gap000377,vcm,train,ref_tagalog9,Volume up,VOLUME_UP,,0,out/conversions/v2/ai231-fil50/audio/vcm/vcm_train_gap000377.wav,1.320,5.718,ok,,
vcm_train_gap000379,vcm,train,ref_tagalog1,Volume up,VOLUME_UP,,0,out/conversions/v2/ai231-fil50/audio/vcm/vcm_train_gap000379.wav,1.320,6.521,ok,,
vcm_train_gap000381,vcm,train,ref_tagalog13,Volume up,VOLUME_UP,,0,out/conversions/v2/ai231-fil50/audio/vcm/vcm_train_gap000381.wav,1.400,6.624,ok,,
vcm_train_gap000383,vcm,train,ref_tagalog8,Volume up,VOLUME_UP,,0,out/conversions/v2/ai231-fil50/audio/vcm/vcm_train_gap000383.wav,1.800,5.080,ok,,
vcm_train_gap000385,vcm,train,ref_tagalog15,Volume up,VOLUME_UP,,0,out/conversions/v2/ai231-fil50/audio/vcm/vcm_train_gap000385.wav,1.240,7.554,ok,,
vcm_train_gap000387,vcm,train,ref_tagalog12,Volume up,VOLUME_UP,,0,out/conversions/v2/ai231-fil50/audio/vcm/vcm_train_gap000387.wav,1.480,5.633,ok,,
vcm_train_gap000389,vcm,train,ref_tagalog6,Volume down,VOLUME_DOWN,,0,out/conversions/v2/ai231-fil50/audio/vcm/vcm_train_gap000389.wav,1.520,5.711,ok,,
vcm_train_gap000391,vcm,train,ref_tagalog10,Volume down,VOLUME_DOWN,,0,out/conversions/v2/ai231-fil50/audio/vcm/vcm_train_gap000391.wav,1.640,6.165,ok,,
vcm_train_gap000393,vcm,train,ref_tagalog11,Volume down,VOLUME_DOWN,,0,out/conversions/v2/ai231-fil50/audio/vcm/vcm_train_gap000393.wav,2.080,5.096,ok,,
vcm_train_gap000395,vcm,train,ref_tagalog3,Volume down,VOLUME_DOWN,,0,out/conversions/v2/ai231-fil50/audio/vcm/vcm_train_gap000395.wav,2.280,7.481,ok,,
vcm_train_gap000397,vcm,train,ref_tagalog2,Volume down,VOLUME_DOWN,,0,out/conversions/v2/ai231-fil50/audio/vcm/vcm_train_gap000397.wav,1.160,6.279,ok,,
vcm_train_gap000399,vcm,train,ref_tagalog4,Volume down,VOLUME_DOWN,,0,out/conversions/v2/ai231-fil50/audio/vcm/vcm_train_gap000399.wav,1.480,6.342,ok,,
vcm_train_gap000401,vcm,train,ref_tagalog14,Volume down,VOLUME_DOWN,,0,out/conversions/v2/ai231-fil50/audio/vcm/vcm_train_gap000401.wav,1.520,5.887,ok,,
vcm_train_gap000403,vcm,train,ref_tagalog16,Volume down,VOLUME_DOWN,,0,out/conversions/v2/ai231-fil50/audio/vcm/vcm_train_gap000403.wav,0.960,4.080,ok,,
vcm_train_gap000405,vcm,train,ref_ilonggo1,Volume down,VOLUME_DOWN,,0,out/conversions/v2/ai231-fil50/audio/vcm/vcm_train_gap000405.wav,1.600,5.858,ok,,
vcm_train_gap000407,vcm,train,ref_tagalog5,Volume down,VOLUME_DOWN,,0,out/conversions/v2/ai231-fil50/audio/vcm/vcm_train_gap000407.wav,1.560,6.289,ok,,
vcm_train_gap000409,vcm,train,ref_tagalog7,Volume down,VOLUME_DOWN,,0,out/conversions/v2/ai231-fil50/audio/vcm/vcm_train_gap000409.wav,1.560,6.118,ok,,
vcm_train_gap000411,vcm,train,ref_tagalog9,Volume down,VOLUME_DOWN,,0,out/conversions/v2/ai231-fil50/audio/vcm/vcm_train_gap000411.wav,1.160,7.587,ok,,
vcm_train_gap000413,vcm,train,ref_tagalog1,Volume down,VOLUME_DOWN,,0,out/conversions/v2/ai231-fil50/audio/vcm/vcm_train_gap000413.wav,1.160,4.071,ok,,
vcm_train_gap000415,vcm,train,ref_tagalog13,Volume down,VOLUME_DOWN,,0,out/conversions/v2/ai231-fil50/audio/vcm/vcm_train_gap000415.wav,2.400,7.707,ok,,
vcm_train_gap000417,vcm,train,ref_tagalog8,Volume down,VOLUME_DOWN,,0,out/conversions/v2/ai231-fil50/audio/vcm/vcm_train_gap000417.wav,1.560,5.784,ok,,
vcm_train_gap000419,vcm,train,ref_tagalog15,Volume down,VOLUME_DOWN,,0,out/conversions/v2/ai231-fil50/audio/vcm/vcm_train_gap000419.wav,1.360,6.234,ok,,
vcm_train_gap000421,vcm,train,ref_tagalog12,Volume down,VOLUME_DOWN,,0,out/conversions/v2/ai231-fil50/audio/vcm/vcm_train_gap000421.wav,1.800,6.810,ok,,
vcm_train_gap000423,vcm,train,ref_tagalog6,Volume down,VOLUME_DOWN,,0,out/conversions/v2/ai231-fil50/audio/vcm/vcm_train_gap000423.wav,1.320,11.314,ok,,
vcm_train_gap000425,vcm,train,ref_tagalog10,Volume down,VOLUME_DOWN,,0,out/conversions/v2/ai231-fil50/audio/vcm/vcm_train_gap000425.wav,1.600,6.572,ok,,
vcm_train_gap000427,vcm,train,ref_tagalog11,Call,CALL,,0,out/conversions/v2/ai231-fil50/audio/vcm/vcm_train_gap000427.wav,1.600,4.591,ok,,
vcm_train_gap000429,vcm,train,ref_tagalog3,Call,CALL,,0,out/conversions/v2/ai231-fil50/audio/vcm/vcm_train_gap000429.wav,0.920,5.394,ok,,
vcm_train_gap000431,vcm,train,ref_tagalog2,Call,CALL,,0,out/conversions/v2/ai231-fil50/audio/vcm/vcm_train_gap000431.wav,0.920,5.025,ok,,
vcm_train_gap000433,vcm,train,ref_tagalog4,Call,CALL,,0,out/conversions/v2/ai231-fil50/audio/vcm/vcm_train_gap000433.wav,1.040,4.687,ok,,
vcm_train_gap000435,vcm,train,ref_tagalog14,Call,CALL,,0,out/conversions/v2/ai231-fil50/audio/vcm/vcm_train_gap000435.wav,0.960,4.927,ok,,
vcm_train_gap000437,vcm,train,ref_tagalog16,Call,CALL,,0,out/conversions/v2/ai231-fil50/audio/vcm/vcm_train_gap000437.wav,1.200,9.765,ok,,
vcm_train_gap000439,vcm,train,ref_ilonggo1,Call,CALL,,0,out/conversions/v2/ai231-fil50/audio/vcm/vcm_train_gap000439.wav,1.200,7.052,ok,,
vcm_train_gap000441,vcm,train,ref_tagalog5,Call,CALL,,0,out/conversions/v2/ai231-fil50/audio/vcm/vcm_train_gap000441.wav,1.200,3.910,ok,,
vcm_train_gap000443,vcm,train,ref_tagalog7,Call,CALL,,0,out/conversions/v2/ai231-fil50/audio/vcm/vcm_train_gap000443.wav,1.000,4.881,ok,,
vcm_train_gap000445,vcm,train,ref_tagalog9,Call,CALL,,0,out/conversions/v2/ai231-fil50/audio/vcm/vcm_train_gap000445.wav,0.680,4.471,ok,,
vcm_train_gap000447,vcm,train,ref_tagalog1,Call,CALL,,0,out/conversions/v2/ai231-fil50/audio/vcm/vcm_train_gap000447.wav,0.680,4.553,ok,,
vcm_train_gap000449,vcm,train,ref_tagalog13,Call,CALL,,0,out/conversions/v2/ai231-fil50/audio/vcm/vcm_train_gap000449.wav,1.600,6.757,ok,,
vcm_train_gap000451,vcm,train,ref_tagalog8,Call,CALL,,0,out/conversions/v2/ai231-fil50/audio/vcm/vcm_train_gap000451.wav,1.000,4.647,ok,,
vcm_train_gap000453,vcm,train,ref_tagalog15,Call,CALL,,0,out/conversions/v2/ai231-fil50/audio/vcm/vcm_train_gap000453.wav,1.200,6.107,ok,,
vcm_train_gap000455,vcm,train,ref_tagalog12,Call,CALL,,0,out/conversions/v2/ai231-fil50/audio/vcm/vcm_train_gap000455.wav,1.400,6.338,ok,,
vcm_train_gap000457,vcm,train,ref_tagalog6,Call,CALL,,0,out/conversions/v2/ai231-fil50/audio/vcm/vcm_train_gap000457.wav,1.000,4.520,ok,,
vcm_train_gap000459,vcm,train,ref_tagalog10,Call,CALL,,0,out/conversions/v2/ai231-fil50/audio/vcm/vcm_train_gap000459.wav,1.000,4.903,ok,,
vcm_train_gap000461,vcm,train,ref_tagalog11,Call,CALL,,0,out/conversions/v2/ai231-fil50/audio/vcm/vcm_train_gap000461.wav,1.600,5.233,ok,,
vcm_train_gap000463,vcm,train,ref_tagalog3,Call,CALL,,0,out/conversions/v2/ai231-fil50/audio/vcm/vcm_train_gap000463.wav,0.840,5.515,ok,,
vcm_train_gap000465,vcm,train,ref_tagalog2,Call,CALL,,0,out/conversions/v2/ai231-fil50/audio/vcm/vcm_train_gap000465.wav,1.200,5.288,ok,,
vcm_train_gap000467,vcm,train,ref_tagalog4,Call,CALL,,0,out/conversions/v2/ai231-fil50/audio/vcm/vcm_train_gap000467.wav,0.840,4.837,ok,,
vcm_train_gap000469,vcm,train,ref_tagalog14,Call,CALL,,0,out/conversions/v2/ai231-fil50/audio/vcm/vcm_train_gap000469.wav,0.720,5.345,ok,,
vcm_train_gap000471,vcm,train,ref_tagalog16,Call,CALL,,0,out/conversions/v2/ai231-fil50/audio/vcm/vcm_train_gap000471.wav,1.480,5.548,ok,,
vcm_train_gap000473,vcm,train,ref_ilonggo1,Call,CALL,,0,out/conversions/v2/ai231-fil50/audio/vcm/vcm_train_gap000473.wav,1.400,5.621,ok,,
vcm_train_gap000475,vcm,train,ref_tagalog5,Call,CALL,,0,out/conversions/v2/ai231-fil50/audio/vcm/vcm_train_gap000475.wav,0.880,4.174,ok,,
vcm_train_gap000477,vcm,train,ref_tagalog7,Call,CALL,,0,out/conversions/v2/ai231-fil50/audio/vcm/vcm_train_gap000477.wav,1.240,4.598,ok,,
vcm_train_gap000479,vcm,train,ref_tagalog9,Call,CALL,,0,out/conversions/v2/ai231-fil50/audio/vcm/vcm_train_gap000479.wav,0.840,5.626,ok,,
vcm_train_gap000481,vcm,train,ref_tagalog1,Call,CALL,,0,out/conversions/v2/ai231-fil50/audio/vcm/vcm_train_gap000481.wav,0.560,5.279,ok,,
vcm_train_gap000483,vcm,train,ref_tagalog13,Call,CALL,,0,out/conversions/v2/ai231-fil50/audio/vcm/vcm_train_gap000483.wav,1.600,6.771,ok,,
vcm_train_gap000485,vcm,train,ref_tagalog8,Call,CALL,,0,out/conversions/v2/ai231-fil50/audio/vcm/vcm_train_gap000485.wav,1.600,5.534,ok,,
vcm_train_gap000487,vcm,train,ref_tagalog15,Call,CALL,,0,out/conversions/v2/ai231-fil50/audio/vcm/vcm_train_gap000487.wav,1.120,5.138,ok,,
vcm_train_gap000489,vcm,train,ref_tagalog12,Call,CALL,,0,out/conversions/v2/ai231-fil50/audio/vcm/vcm_train_gap000489.wav,1.400,5.526,ok,,
vcm_train_gap000491,vcm,train,ref_tagalog6,Call,CALL,,0,out/conversions/v2/ai231-fil50/audio/vcm/vcm_train_gap000491.wav,0.840,3.003,ok,,
vcm_train_gap000493,vcm,train,ref_tagalog10,Call,CALL,,0,out/conversions/v2/ai231-fil50/audio/vcm/vcm_train_gap000493.wav,1.160,3.932,ok,,
vcm_train_gap000495,vcm,train,ref_tagalog11,Call,CALL,,0,out/conversions/v2/ai231-fil50/audio/vcm/vcm_train_gap000495.wav,1.600,5.213,ok,,
vcm_train_gap000497,vcm,train,ref_tagalog3,Call,CALL,,0,out/conversions/v2/ai231-fil50/audio/vcm/vcm_train_gap000497.wav,1.440,7.115,ok,,
vcm_train_gap000499,vcm,train,ref_tagalog2,Call,CALL,,0,out/conversions/v2/ai231-fil50/audio/vcm/vcm_train_gap000499.wav,0.800,6.392,ok,,
vcm_train_gap000501,vcm,train,ref_tagalog4,Call,CALL,,0,out/conversions/v2/ai231-fil50/audio/vcm/vcm_train_gap000501.wav,0.960,4.314,ok,,
vcm_train_gap000503,vcm,train,ref_tagalog14,Make a call,CALL,,0,out/conversions/v2/ai231-fil50/audio/vcm/vcm_train_gap000503.wav,1.200,4.961,ok,,
vcm_train_gap000505,vcm,train,ref_tagalog16,Make a call,CALL,,0,out/conversions/v2/ai231-fil50/audio/vcm/vcm_train_gap000505.wav,2.560,7.399,ok,,
vcm_train_gap000507,vcm,train,ref_ilonggo1,Make a call,CALL,,0,out/conversions/v2/ai231-fil50/audio/vcm/vcm_train_gap000507.wav,1.240,5.373,ok,,
vcm_train_gap000509,vcm,train,ref_tagalog5,Make a call,CALL,,0,out/conversions/v2/ai231-fil50/audio/vcm/vcm_train_gap000509.wav,1.560,4.180,ok,,
vcm_train_gap000511,vcm,train,ref_tagalog7,Make a call,CALL,,0,out/conversions/v2/ai231-fil50/audio/vcm/vcm_train_gap000511.wav,1.240,5.870,ok,,
vcm_train_gap000513,vcm,train,ref_tagalog9,Make a call,CALL,,0,out/conversions/v2/ai231-fil50/audio/vcm/vcm_train_gap000513.wav,1.240,7.766,ok,,
vcm_train_gap000515,vcm,train,ref_tagalog1,Make a call,CALL,,0,out/conversions/v2/ai231-fil50/audio/vcm/vcm_train_gap000515.wav,1.440,5.750,ok,,
vcm_train_gap000517,vcm,train,ref_tagalog13,Make a call,CALL,,0,out/conversions/v2/ai231-fil50/audio/vcm/vcm_train_gap000517.wav,1.400,4.528,ok,,
vcm_train_gap000519,vcm,train,ref_tagalog8,Make a call,CALL,,0,out/conversions/v2/ai231-fil50/audio/vcm/vcm_train_gap000519.wav,1.280,5.392,ok,,
vcm_train_gap000521,vcm,train,ref_tagalog15,Make a call,CALL,,0,out/conversions/v2/ai231-fil50/audio/vcm/vcm_train_gap000521.wav,1.280,6.066,ok,,
vcm_train_gap000523,vcm,train,ref_tagalog12,Make a call,CALL,,0,out/conversions/v2/ai231-fil50/audio/vcm/vcm_train_gap000523.wav,1.960,5.966,ok,,
vcm_train_gap000525,vcm,train,ref_tagalog6,Make a call,CALL,,0,out/conversions/v2/ai231-fil50/audio/vcm/vcm_train_gap000525.wav,1.440,5.056,ok,,
vcm_train_gap000527,vcm,train,ref_tagalog10,Make a call,CALL,,0,out/conversions/v2/ai231-fil50/audio/vcm/vcm_train_gap000527.wav,1.240,3.723,ok,,
vcm_train_gap000529,vcm,train,ref_tagalog11,Make a call,CALL,,0,out/conversions/v2/ai231-fil50/audio/vcm/vcm_train_gap000529.wav,1.400,4.634,ok,,
vcm_train_gap000531,vcm,train,ref_tagalog3,Make a call,CALL,,0,out/conversions/v2/ai231-fil50/audio/vcm/vcm_train_gap000531.wav,1.680,5.229,ok,,
vcm_train_gap000533,vcm,train,ref_tagalog2,Make a call,CALL,,0,out/conversions/v2/ai231-fil50/audio/vcm/vcm_train_gap000533.wav,1.240,5.092,ok,,
vcm_train_gap000535,vcm,train,ref_tagalog4,Make a call,CALL,,0,out/conversions/v2/ai231-fil50/audio/vcm/vcm_train_gap000535.wav,1.080,7.016,ok,,
vcm_train_gap000537,vcm,train,ref_tagalog14,Make a call,CALL,,0,out/conversions/v2/ai231-fil50/audio/vcm/vcm_train_gap000537.wav,1.160,5.617,ok,,
vcm_train_gap000539,vcm,train,ref_tagalog16,Make a call,CALL,,0,out/conversions/v2/ai231-fil50/audio/vcm/vcm_train_gap000539.wav,1.840,5.682,ok,,
vcm_train_gap000541,vcm,train,ref_ilonggo1,Make a call,CALL,,0,out/conversions/v2/ai231-fil50/audio/vcm/vcm_train_gap000541.wav,1.720,5.638,ok,,
vcm_train_gap000543,vcm,train,ref_tagalog5,Make a call,CALL,,0,out/conversions/v2/ai231-fil50/audio/vcm/vcm_train_gap000543.wav,1.560,4.148,ok,,
vcm_train_gap000545,vcm,train,ref_tagalog7,Make a call,CALL,,0,out/conversions/v2/ai231-fil50/audio/vcm/vcm_train_gap000545.wav,1.280,4.692,ok,,
vcm_train_gap000547,vcm,train,ref_tagalog9,Make a call,CALL,,0,out/conversions/v2/ai231-fil50/audio/vcm/vcm_train_gap000547.wav,1.160,4.965,ok,,
vcm_train_gap000549,vcm,train,ref_tagalog1,Make a call,CALL,,0,out/conversions/v2/ai231-fil50/audio/vcm/vcm_train_gap000549.wav,1.280,6.341,ok,,
vcm_train_gap000551,vcm,train,ref_tagalog13,Make a call,CALL,,0,out/conversions/v2/ai231-fil50/audio/vcm/vcm_train_gap000551.wav,3.200,7.455,ok,,
vcm_train_gap000553,vcm,train,ref_tagalog8,Make a call,CALL,,0,out/conversions/v2/ai231-fil50/audio/vcm/vcm_train_gap000553.wav,1.840,5.387,ok,,
vcm_train_gap000555,vcm,train,ref_tagalog15,Make a call,CALL,,0,out/conversions/v2/ai231-fil50/audio/vcm/vcm_train_gap000555.wav,1.360,5.349,ok,,
vcm_train_gap000557,vcm,train,ref_tagalog12,Make a call,CALL,,0,out/conversions/v2/ai231-fil50/audio/vcm/vcm_train_gap000557.wav,1.440,5.286,ok,,
vcm_train_gap000559,vcm,train,ref_tagalog6,Make a call,CALL,,0,out/conversions/v2/ai231-fil50/audio/vcm/vcm_train_gap000559.wav,1.120,4.643,ok,,
vcm_train_gap000561,vcm,train,ref_tagalog10,Make a call,CALL,,0,out/conversions/v2/ai231-fil50/audio/vcm/vcm_train_gap000561.wav,1.720,8.687,ok,,
vcm_train_gap000563,vcm,train,ref_tagalog11,Make a call,CALL,,0,out/conversions/v2/ai231-fil50/audio/vcm/vcm_train_gap000563.wav,1.960,6.976,ok,,
vcm_train_gap000565,vcm,train,ref_tagalog3,Make a call,CALL,,0,out/conversions/v2/ai231-fil50/audio/vcm/vcm_train_gap000565.wav,1.680,7.345,ok,,
vcm_train_gap000567,vcm,train,ref_tagalog2,Make a call,CALL,,0,out/conversions/v2/ai231-fil50/audio/vcm/vcm_train_gap000567.wav,1.320,5.560,ok,,
vcm_train_gap000569,vcm,train,ref_tagalog4,Make a call,CALL,,0,out/conversions/v2/ai231-fil50/audio/vcm/vcm_train_gap000569.wav,1.360,4.352,ok,,
vcm_train_gap000571,vcm,train,ref_tagalog14,Make a call,CALL,,0,out/conversions/v2/ai231-fil50/audio/vcm/vcm_train_gap000571.wav,1.400,4.940,ok,,
vcm_train_gap000573,vcm,train,ref_tagalog16,Make a call,CALL,,0,out/conversions/v2/ai231-fil50/audio/vcm/vcm_train_gap000573.wav,1.800,6.494,ok,,
vcm_train_gap000575,vcm,train,ref_ilonggo1,Make a call,CALL,,0,out/conversions/v2/ai231-fil50/audio/vcm/vcm_train_gap000575.wav,1.360,5.952,ok,,
vcm_train_gap000577,vcm,train,ref_tagalog5,Make a call,CALL,,0,out/conversions/v2/ai231-fil50/audio/vcm/vcm_train_gap000577.wav,1.920,9.017,ok,,
vcm_train_gap000579,vcm,train,ref_tagalog7,Make a call,CALL,,0,out/conversions/v2/ai231-fil50/audio/vcm/vcm_train_gap000579.wav,1.080,4.849,ok,,
vcm_train_gap000581,vcm,train,ref_tagalog9,Make a call,CALL,,0,out/conversions/v2/ai231-fil50/audio/vcm/vcm_train_gap000581.wav,1.600,7.095,ok,,
vcm_train_gap000583,vcm,train,ref_tagalog1,Make a call,CALL,,0,out/conversions/v2/ai231-fil50/audio/vcm/vcm_train_gap000583.wav,1.160,6.353,ok,,
vcm_train_gap000585,vcm,train,ref_tagalog13,Make a call,CALL,,0,out/conversions/v2/ai231-fil50/audio/vcm/vcm_train_gap000585.wav,1.680,7.792,ok,,
vcm_train_gap000587,vcm,train,ref_tagalog8,Make a call,CALL,,0,out/conversions/v2/ai231-fil50/audio/vcm/vcm_train_gap000587.wav,1.800,6.289,ok,,
vcm_train_gap000589,vcm,train,ref_tagalog15,Make a call,CALL,,0,out/conversions/v2/ai231-fil50/audio/vcm/vcm_train_gap000589.wav,1.440,5.464,ok,,
vcm_train_gap000591,vcm,train,ref_tagalog12,Make a call,CALL,,0,out/conversions/v2/ai231-fil50/audio/vcm/vcm_train_gap000591.wav,1.880,5.715,ok,,
vcm_train_gap000593,vcm,train,ref_tagalog6,Make a call,CALL,,0,out/conversions/v2/ai231-fil50/audio/vcm/vcm_train_gap000593.wav,2.040,6.776,ok,,
vcm_train_gap000595,vcm,train,ref_tagalog10,Make a call,CALL,,0,out/conversions/v2/ai231-fil50/audio/vcm/vcm_train_gap000595.wav,1.360,5.474,ok,,
vcm_train_gap000597,vcm,train,ref_tagalog11,Make a call,CALL,,0,out/conversions/v2/ai231-fil50/audio/vcm/vcm_train_gap000597.wav,1.960,5.919,ok,,
vcm_train_gap000599,vcm,train,ref_tagalog3,Make a call,CALL,,0,out/conversions/v2/ai231-fil50/audio/vcm/vcm_train_gap000599.wav,1.600,8.444,ok,,
vcm_train_gap000601,vcm,train,ref_tagalog2,Make a call,CALL,,0,out/conversions/v2/ai231-fil50/audio/vcm/vcm_train_gap000601.wav,1.080,7.677,ok,,
vcm_train_gap000603,vcm,train,ref_tagalog4,Make a call,CALL,,0,out/conversions/v2/ai231-fil50/audio/vcm/vcm_train_gap000603.wav,1.440,6.500,ok,,
vcm_train_gap000605,vcm,train,ref_tagalog14,Make a call,CALL,,0,out/conversions/v2/ai231-fil50/audio/vcm/vcm_train_gap000605.wav,1.560,7.927,ok,,
vcm_train_gap000607,vcm,train,ref_tagalog16,Make a call,CALL,,0,out/conversions/v2/ai231-fil50/audio/vcm/vcm_train_gap000607.wav,1.400,4.043,ok,,
vcm_train_gap000609,vcm,train,ref_ilonggo1,Make a call,CALL,,0,out/conversions/v2/ai231-fil50/audio/vcm/vcm_train_gap000609.wav,1.560,5.862,ok,,
vcm_train_gap000611,vcm,train,ref_tagalog5,Make a call,CALL,,0,out/conversions/v2/ai231-fil50/audio/vcm/vcm_train_gap000611.wav,1.600,4.441,ok,,
vcm_train_gap000613,vcm,train,ref_tagalog7,Make a call,CALL,,0,out/conversions/v2/ai231-fil50/audio/vcm/vcm_train_gap000613.wav,1.160,4.550,ok,,
vcm_train_gap000615,vcm,train,ref_tagalog9,Make a call,CALL,,0,out/conversions/v2/ai231-fil50/audio/vcm/vcm_train_gap000615.wav,1.160,5.163,ok,,
vcm_train_gap000617,vcm,train,ref_tagalog1,Make a call,CALL,,0,out/conversions/v2/ai231-fil50/audio/vcm/vcm_train_gap000617.wav,1.360,4.139,ok,,
vcm_train_gap000619,vcm,train,ref_tagalog13,Message,MESSAGE,,0,out/conversions/v2/ai231-fil50/audio/vcm/vcm_train_gap000619.wav,1.400,7.277,ok,,
vcm_train_gap000621,vcm,train,ref_tagalog8,Message,MESSAGE,,0,out/conversions/v2/ai231-fil50/audio/vcm/vcm_train_gap000621.wav,1.120,6.334,ok,,
vcm_train_gap000623,vcm,train,ref_tagalog15,Message,MESSAGE,,0,out/conversions/v2/ai231-fil50/audio/vcm/vcm_train_gap000623.wav,1.440,5.027,ok,,
vcm_train_gap000625,vcm,train,ref_tagalog12,Message,MESSAGE,,0,out/conversions/v2/ai231-fil50/audio/vcm/vcm_train_gap000625.wav,1.600,5.064,ok,,
vcm_train_gap000627,vcm,train,ref_tagalog6,Message,MESSAGE,,0,out/conversions/v2/ai231-fil50/audio/vcm/vcm_train_gap000627.wav,1.360,4.446,ok,,
vcm_train_gap000629,vcm,train,ref_tagalog10,Message,MESSAGE,,0,out/conversions/v2/ai231-fil50/audio/vcm/vcm_train_gap000629.wav,1.440,4.938,ok,,
vcm_train_gap000631,vcm,train,ref_tagalog11,Message,MESSAGE,,0,out/conversions/v2/ai231-fil50/audio/vcm/vcm_train_gap000631.wav,1.600,5.404,ok,,
vcm_train_gap000633,vcm,train,ref_tagalog3,Message,MESSAGE,,0,out/conversions/v2/ai231-fil50/audio/vcm/vcm_train_gap000633.wav,1.600,7.588,ok,,
vcm_train_gap000635,vcm,train,ref_tagalog2,Message,MESSAGE,,0,out/conversions/v2/ai231-fil50/audio/vcm/vcm_train_gap000635.wav,0.920,3.361,ok,,
vcm_train_gap000637,vcm,train,ref_tagalog4,Message,MESSAGE,,0,out/conversions/v2/ai231-fil50/audio/vcm/vcm_train_gap000637.wav,1.040,5.308,ok,,
vcm_train_gap000639,vcm,train,ref_tagalog14,Message,MESSAGE,,0,out/conversions/v2/ai231-fil50/audio/vcm/vcm_train_gap000639.wav,1.160,5.430,ok,,
vcm_train_gap000641,vcm,train,ref_tagalog16,Message,MESSAGE,,0,out/conversions/v2/ai231-fil50/audio/vcm/vcm_train_gap000641.wav,1.600,4.830,ok,,
vcm_train_gap000643,vcm,train,ref_ilonggo1,Message,MESSAGE,,0,out/conversions/v2/ai231-fil50/audio/vcm/vcm_train_gap000643.wav,1.600,5.658,ok,,
vcm_train_gap000645,vcm,train,ref_tagalog5,Message,MESSAGE,,0,out/conversions/v2/ai231-fil50/audio/vcm/vcm_train_gap000645.wav,1.600,4.985,ok,,
vcm_train_gap000647,vcm,train,ref_tagalog7,Message,MESSAGE,,0,out/conversions/v2/ai231-fil50/audio/vcm/vcm_train_gap000647.wav,1.320,6.826,ok,,
vcm_train_gap000649,vcm,train,ref_tagalog9,Message,MESSAGE,,0,out/conversions/v2/ai231-fil50/audio/vcm/vcm_train_gap000649.wav,1.160,4.440,ok,,
vcm_train_gap000651,vcm,train,ref_tagalog1,Message,MESSAGE,,0,out/conversions/v2/ai231-fil50/audio/vcm/vcm_train_gap000651.wav,1.040,4.501,ok,,
vcm_train_gap000653,vcm,train,ref_tagalog13,Message,MESSAGE,,0,out/conversions/v2/ai231-fil50/audio/vcm/vcm_train_gap000653.wav,1.520,6.550,ok,,
vcm_train_gap000655,vcm,train,ref_tagalog8,Message,MESSAGE,,0,out/conversions/v2/ai231-fil50/audio/vcm/vcm_train_gap000655.wav,1.600,5.115,ok,,
vcm_train_gap000657,vcm,train,ref_tagalog15,Message,MESSAGE,,0,out/conversions/v2/ai231-fil50/audio/vcm/vcm_train_gap000657.wav,1.160,3.992,ok,,
vcm_train_gap000659,vcm,train,ref_tagalog12,Message,MESSAGE,,0,out/conversions/v2/ai231-fil50/audio/vcm/vcm_train_gap000659.wav,1.200,5.022,ok,,
vcm_train_gap000661,vcm,train,ref_tagalog6,Message,MESSAGE,,0,out/conversions/v2/ai231-fil50/audio/vcm/vcm_train_gap000661.wav,1.280,6.475,ok,,
vcm_train_gap000663,vcm,train,ref_tagalog10,Message,MESSAGE,,0,out/conversions/v2/ai231-fil50/audio/vcm/vcm_train_gap000663.wav,1.440,7.959,ok,,
vcm_train_gap000665,vcm,train,ref_tagalog11,Message,MESSAGE,,0,out/conversions/v2/ai231-fil50/audio/vcm/vcm_train_gap000665.wav,1.600,6.256,ok,,
vcm_train_gap000667,vcm,train,ref_tagalog3,Message,MESSAGE,,0,out/conversions/v2/ai231-fil50/audio/vcm/vcm_train_gap000667.wav,1.360,5.246,ok,,
vcm_train_gap000669,vcm,train,ref_tagalog2,Message,MESSAGE,,0,out/conversions/v2/ai231-fil50/audio/vcm/vcm_train_gap000669.wav,1.160,4.508,ok,,
vcm_train_gap000671,vcm,train,ref_tagalog4,Send a message,MESSAGE,,0,out/conversions/v2/ai231-fil50/audio/vcm/vcm_train_gap000671.wav,1.440,4.503,ok,,
vcm_train_gap000673,vcm,train,ref_tagalog14,Send a message,MESSAGE,,0,out/conversions/v2/ai231-fil50/audio/vcm/vcm_train_gap000673.wav,1.600,5.532,ok,,
vcm_train_gap000675,vcm,train,ref_tagalog16,Send a message,MESSAGE,,0,out/conversions/v2/ai231-fil50/audio/vcm/vcm_train_gap000675.wav,2.800,7.257,ok,,
vcm_train_gap000677,vcm,train,ref_ilonggo1,Send a message,MESSAGE,,0,out/conversions/v2/ai231-fil50/audio/vcm/vcm_train_gap000677.wav,1.720,6.758,ok,,
vcm_train_gap000679,vcm,train,ref_tagalog5,Send a message,MESSAGE,,0,out/conversions/v2/ai231-fil50/audio/vcm/vcm_train_gap000679.wav,2.040,5.568,ok,,
vcm_train_gap000681,vcm,train,ref_tagalog7,Send a message,MESSAGE,,0,out/conversions/v2/ai231-fil50/audio/vcm/vcm_train_gap000681.wav,1.640,6.385,ok,,
vcm_train_gap000683,vcm,train,ref_tagalog9,Send a message,MESSAGE,,0,out/conversions/v2/ai231-fil50/audio/vcm/vcm_train_gap000683.wav,1.800,6.621,ok,,
vcm_train_gap000685,vcm,train,ref_tagalog1,Send a message,MESSAGE,,0,out/conversions/v2/ai231-fil50/audio/vcm/vcm_train_gap000685.wav,1.680,4.951,ok,,
vcm_train_gap000687,vcm,train,ref_tagalog13,Send a message,MESSAGE,,0,out/conversions/v2/ai231-fil50/audio/vcm/vcm_train_gap000687.wav,1.800,6.535,ok,,
vcm_train_gap000689,vcm,train,ref_tagalog8,Reminders,LIST_REMINDERS,,0,out/conversions/v2/ai231-fil50/audio/vcm/vcm_train_gap000689.wav,2.080,6.607,ok,,
vcm_train_gap000691,vcm,train,ref_tagalog15,Reminders,LIST_REMINDERS,,0,out/conversions/v2/ai231-fil50/audio/vcm/vcm_train_gap000691.wav,1.440,7.161,ok,,
vcm_train_gap000693,vcm,train,ref_tagalog12,Reminders,LIST_REMINDERS,,0,out/conversions/v2/ai231-fil50/audio/vcm/vcm_train_gap000693.wav,1.560,5.273,ok,,
vcm_train_gap000695,vcm,train,ref_tagalog6,Reminders,LIST_REMINDERS,,0,out/conversions/v2/ai231-fil50/audio/vcm/vcm_train_gap000695.wav,2.320,6.808,ok,,
vcm_train_gap000697,vcm,train,ref_tagalog10,Reminders,LIST_REMINDERS,,0,out/conversions/v2/ai231-fil50/audio/vcm/vcm_train_gap000697.wav,1.160,4.856,ok,,
vcm_train_gap000699,vcm,train,ref_tagalog11,Reminders,LIST_REMINDERS,,0,out/conversions/v2/ai231-fil50/audio/vcm/vcm_train_gap000699.wav,1.760,4.674,ok,,
vcm_train_gap000701,vcm,train,ref_tagalog3,Reminders,LIST_REMINDERS,,0,out/conversions/v2/ai231-fil50/audio/vcm/vcm_train_gap000701.wav,1.440,5.717,ok,,
vcm_train_gap000703,vcm,train,ref_tagalog2,Reminders,LIST_REMINDERS,,0,out/conversions/v2/ai231-fil50/audio/vcm/vcm_train_gap000703.wav,1.720,7.152,ok,,
vcm_train_gap000705,vcm,train,ref_tagalog4,Reminders,LIST_REMINDERS,,0,out/conversions/v2/ai231-fil50/audio/vcm/vcm_train_gap000705.wav,1.360,5.188,ok,,
vcm_train_gap000707,vcm,train,ref_tagalog14,Reminders,LIST_REMINDERS,,0,out/conversions/v2/ai231-fil50/audio/vcm/vcm_train_gap000707.wav,1.480,6.442,ok,,
vcm_train_gap000709,vcm,train,ref_tagalog16,Reminders,LIST_REMINDERS,,0,out/conversions/v2/ai231-fil50/audio/vcm/vcm_train_gap000709.wav,1.360,5.106,ok,,
vcm_train_gap000711,vcm,train,ref_ilonggo1,Reminders,LIST_REMINDERS,,0,out/conversions/v2/ai231-fil50/audio/vcm/vcm_train_gap000711.wav,1.560,4.304,ok,,
vcm_train_gap000713,vcm,train,ref_tagalog5,Reminders,LIST_REMINDERS,,0,out/conversions/v2/ai231-fil50/audio/vcm/vcm_train_gap000713.wav,1.760,5.694,ok,,
vcm_train_gap000715,vcm,train,ref_tagalog7,Reminders,LIST_REMINDERS,,0,out/conversions/v2/ai231-fil50/audio/vcm/vcm_train_gap000715.wav,1.280,5.173,ok,,
vcm_train_gap000717,vcm,train,ref_tagalog9,Reminders,LIST_REMINDERS,,0,out/conversions/v2/ai231-fil50/audio/vcm/vcm_train_gap000717.wav,1.280,6.443,ok,,
vcm_train_gap000719,vcm,train,ref_tagalog1,Show my reminders,LIST_REMINDERS,,0,out/conversions/v2/ai231-fil50/audio/vcm/vcm_train_gap000719.wav,2.040,6.261,ok,,
vcm_train_gap000721,vcm,train,ref_tagalog13,Show my reminders,LIST_REMINDERS,,0,out/conversions/v2/ai231-fil50/audio/vcm/vcm_train_gap000721.wav,2.360,6.671,ok,,
vcm_train_gap000723,vcm,train,ref_tagalog8,Show my reminders,LIST_REMINDERS,,0,out/conversions/v2/ai231-fil50/audio/vcm/vcm_train_gap000723.wav,2.240,5.616,ok,,
vcm_train_gap000725,vcm,train,ref_tagalog15,Show my reminders,LIST_REMINDERS,,0,out/conversions/v2/ai231-fil50/audio/vcm/vcm_train_gap000725.wav,2.000,5.842,ok,,
vcm_train_gap000727,vcm,train,ref_tagalog12,Show my reminders,LIST_REMINDERS,,0,out/conversions/v2/ai231-fil50/audio/vcm/vcm_train_gap000727.wav,2.160,7.275,ok,,
vcm_train_gap000729,vcm,train,ref_tagalog6,Show my reminders,LIST_REMINDERS,,0,out/conversions/v2/ai231-fil50/audio/vcm/vcm_train_gap000729.wav,2.440,6.342,ok,,
vcm_train_gap000731,vcm,train,ref_tagalog10,Show my reminders,LIST_REMINDERS,,0,out/conversions/v2/ai231-fil50/audio/vcm/vcm_train_gap000731.wav,2.000,6.429,ok,,
vcm_train_gap000733,vcm,train,ref_tagalog11,Show my reminders,LIST_REMINDERS,,0,out/conversions/v2/ai231-fil50/audio/vcm/vcm_train_gap000733.wav,2.440,4.792,ok,,
vcm_train_gap000735,vcm,train,ref_tagalog3,Show my reminders,LIST_REMINDERS,,0,out/conversions/v2/ai231-fil50/audio/vcm/vcm_train_gap000735.wav,2.520,9.971,ok,,
vcm_train_gap000737,vcm,train,ref_tagalog2,Show my reminders,LIST_REMINDERS,,0,out/conversions/v2/ai231-fil50/audio/vcm/vcm_train_gap000737.wav,2.000,5.963,ok,,
vcm_train_gap000739,vcm,train,ref_tagalog4,List my reminders,LIST_REMINDERS,,0,out/conversions/v2/ai231-fil50/audio/vcm/vcm_train_gap000739.wav,1.680,5.641,ok,,
vcm_train_gap000741,vcm,train,ref_tagalog14,List my reminders,LIST_REMINDERS,,0,out/conversions/v2/ai231-fil50/audio/vcm/vcm_train_gap000741.wav,1.880,5.532,ok,,
vcm_train_gap000743,vcm,train,ref_tagalog16,List my reminders,LIST_REMINDERS,,0,out/conversions/v2/ai231-fil50/audio/vcm/vcm_train_gap000743.wav,1.760,5.326,ok,,
vcm_train_gap000745,vcm,train,ref_ilonggo1,Timer 10 seconds,TIMER,,0,out/conversions/v2/ai231-fil50/audio/vcm/vcm_train_gap000745.wav,2.560,6.352,ok,,
vcm_train_gap000747,vcm,train,ref_tagalog5,Timer 10 seconds,TIMER,,0,out/conversions/v2/ai231-fil50/audio/vcm/vcm_train_gap000747.wav,2.360,6.682,ok,,
vcm_train_gap000749,vcm,train,ref_tagalog7,Timer 10 seconds,TIMER,,0,out/conversions/v2/ai231-fil50/audio/vcm/vcm_train_gap000749.wav,2.320,7.217,ok,,
vcm_train_gap000751,vcm,train,ref_tagalog9,Timer 10 seconds,TIMER,,0,out/conversions/v2/ai231-fil50/audio/vcm/vcm_train_gap000751.wav,1.960,5.659,ok,,
vcm_train_gap000753,vcm,train,ref_tagalog1,Timer 10 seconds,TIMER,,0,out/conversions/v2/ai231-fil50/audio/vcm/vcm_train_gap000753.wav,1.960,5.886,ok,,
vcm_train_gap000755,vcm,train,ref_tagalog13,Timer 1 minute,TIMER,,0,out/conversions/v2/ai231-fil50/audio/vcm/vcm_train_gap000755.wav,2.520,6.593,ok,,
vcm_train_gap000757,vcm,train,ref_tagalog8,Timer 1 minute,TIMER,,0,out/conversions/v2/ai231-fil50/audio/vcm/vcm_train_gap000757.wav,1.760,5.707,ok,,
vcm_train_gap000759,vcm,train,ref_tagalog15,Timer 1 minute,TIMER,,0,out/conversions/v2/ai231-fil50/audio/vcm/vcm_train_gap000759.wav,2.000,5.730,ok,,
vcm_train_gap000761,vcm,train,ref_tagalog12,Timer 1 minute,TIMER,,0,out/conversions/v2/ai231-fil50/audio/vcm/vcm_train_gap000761.wav,1.640,6.470,ok,,
vcm_train_gap000763,vcm,train,ref_tagalog6,Timer 1 minute,TIMER,,0,out/conversions/v2/ai231-fil50/audio/vcm/vcm_train_gap000763.wav,1.600,5.541,ok,,
vcm_train_gap000765,vcm,train,ref_tagalog10,Timer 1 minute,TIMER,,0,out/conversions/v2/ai231-fil50/audio/vcm/vcm_train_gap000765.wav,2.200,6.683,ok,,
vcm_train_gap000767,vcm,train,ref_tagalog11,Timer 1 minute,TIMER,,0,out/conversions/v2/ai231-fil50/audio/vcm/vcm_train_gap000767.wav,2.000,5.448,ok,,
vcm_train_gap000769,vcm,train,ref_tagalog3,Timer 1 minute,TIMER,,0,out/conversions/v2/ai231-fil50/audio/vcm/vcm_train_gap000769.wav,2.280,6.579,ok,,
vcm_train_gap000771,vcm,train,ref_tagalog2,Timer 1 minute,TIMER,,0,out/conversions/v2/ai231-fil50/audio/vcm/vcm_train_gap000771.wav,1.680,5.735,ok,,
vcm_train_gap000773,vcm,train,ref_tagalog4,Timer 1 minute,TIMER,,0,out/conversions/v2/ai231-fil50/audio/vcm/vcm_train_gap000773.wav,2.120,6.836,ok,,
vcm_train_gap000775,vcm,train,ref_tagalog14,Timer 1 minute,TIMER,,0,out/conversions/v2/ai231-fil50/audio/vcm/vcm_train_gap000775.wav,1.680,6.210,ok,,
vcm_train_gap000777,vcm,train,ref_tagalog16,Timer 1 minute,TIMER,,0,out/conversions/v2/ai231-fil50/audio/vcm/vcm_train_gap000777.wav,2.000,7.222,ok,,
vcm_train_gap000779,vcm,train,ref_ilonggo1,Timer 1 minute,TIMER,,0,out/conversions/v2/ai231-fil50/audio/vcm/vcm_train_gap000779.wav,2.080,6.982,ok,,
vcm_train_gap000781,vcm,train,ref_tagalog5,Timer 1 minute,TIMER,,0,out/conversions/v2/ai231-fil50/audio/vcm/vcm_train_gap000781.wav,2.160,6.073,ok,,
vcm_train_gap000783,vcm,train,ref_tagalog7,Timer 1 minute,TIMER,,0,out/conversions/v2/ai231-fil50/audio/vcm/vcm_train_gap000783.wav,1.600,5.706,ok,,
vcm_train_gap000785,vcm,train,ref_tagalog9,Timer 1 minute,TIMER,,0,out/conversions/v2/ai231-fil50/audio/vcm/vcm_train_gap000785.wav,2.000,7.014,ok,,
vcm_train_gap000787,vcm,train,ref_tagalog1,Timer 1 minute,TIMER,,0,out/conversions/v2/ai231-fil50/audio/vcm/vcm_train_gap000787.wav,1.280,6.523,ok,,
vcm_train_gap000789,vcm,train,ref_tagalog13,Timer 1 minute,TIMER,,0,out/conversions/v2/ai231-fil50/audio/vcm/vcm_train_gap000789.wav,2.440,9.120,ok,,
vcm_train_gap000791,vcm,train,ref_tagalog8,Timer 1 minute,TIMER,,0,out/conversions/v2/ai231-fil50/audio/vcm/vcm_train_gap000791.wav,1.720,6.385,ok,,
vcm_train_gap000793,vcm,train,ref_tagalog15,Timer 1 minute,TIMER,,0,out/conversions/v2/ai231-fil50/audio/vcm/vcm_train_gap000793.wav,1.920,6.882,ok,,
vcm_train_gap000795,vcm,train,ref_tagalog12,Timer 1 minute,TIMER,,0,out/conversions/v2/ai231-fil50/audio/vcm/vcm_train_gap000795.wav,2.160,6.521,ok,,
vcm_train_gap000797,vcm,train,ref_tagalog6,Timer 1 minute,TIMER,,0,out/conversions/v2/ai231-fil50/audio/vcm/vcm_train_gap000797.wav,2.520,6.450,ok,,
vcm_train_gap000799,vcm,train,ref_tagalog10,Timer 1 minute,TIMER,,0,out/conversions/v2/ai231-fil50/audio/vcm/vcm_train_gap000799.wav,1.560,4.595,ok,,
vcm_train_gap000801,vcm,train,ref_tagalog11,Timer 1 minute,TIMER,,0,out/conversions/v2/ai231-fil50/audio/vcm/vcm_train_gap000801.wav,2.120,7.857,ok,,
vcm_train_gap000803,vcm,train,ref_tagalog3,Timer 1 minute,TIMER,,0,out/conversions/v2/ai231-fil50/audio/vcm/vcm_train_gap000803.wav,2.160,9.953,ok,,
vcm_train_gap000805,vcm,train,ref_tagalog2,Timer 1 minute,TIMER,,0,out/conversions/v2/ai231-fil50/audio/vcm/vcm_train_gap000805.wav,1.680,7.797,ok,,
vcm_train_gap000807,vcm,train,ref_tagalog4,Timer 1 minute,TIMER,,0,out/conversions/v2/ai231-fil50/audio/vcm/vcm_train_gap000807.wav,1.560,6.462,ok,,
vcm_train_gap000809,vcm,train,ref_tagalog14,Countdown for 1 minute,TIMER,,0,out/conversions/v2/ai231-fil50/audio/vcm/vcm_train_gap000809.wav,2.600,7.214,ok,,
vcm_train_gap000811,vcm,train,ref_tagalog16,Countdown for 1 minute,TIMER,,0,out/conversions/v2/ai231-fil50/audio/vcm/vcm_train_gap000811.wav,1.560,5.998,ok,,
vcm_train_gap000813,vcm,train,ref_ilonggo1,Countdown for 1 minute,TIMER,,0,out/conversions/v2/ai231-fil50/audio/vcm/vcm_train_gap000813.wav,2.600,7.736,ok,,
vcm_train_gap000815,vcm,train,ref_tagalog5,Countdown for 1 minute,TIMER,,0,out/conversions/v2/ai231-fil50/audio/vcm/vcm_train_gap000815.wav,2.120,6.108,ok,,
vcm_train_gap000817,vcm,train,ref_tagalog7,Countdown for 1 minute,TIMER,,0,out/conversions/v2/ai231-fil50/audio/vcm/vcm_train_gap000817.wav,2.400,8.344,ok,,
vcm_train_gap000819,vcm,train,ref_tagalog9,Countdown for 1 minute,TIMER,,0,out/conversions/v2/ai231-fil50/audio/vcm/vcm_train_gap000819.wav,1.760,6.004,ok,,
vcm_train_gap000821,vcm,train,ref_tagalog1,Countdown for 1 minute,TIMER,,0,out/conversions/v2/ai231-fil50/audio/vcm/vcm_train_gap000821.wav,1.720,5.193,ok,,
vcm_train_gap000823,vcm,train,ref_tagalog13,Countdown for 1 minute,TIMER,,0,out/conversions/v2/ai231-fil50/audio/vcm/vcm_train_gap000823.wav,2.640,8.440,ok,,
vcm_train_gap000825,vcm,train,ref_tagalog8,Countdown for 1 minute,TIMER,,0,out/conversions/v2/ai231-fil50/audio/vcm/vcm_train_gap000825.wav,2.240,6.794,ok,,
vcm_train_gap000827,vcm,train,ref_tagalog15,Countdown for 1 minute,TIMER,,0,out/conversions/v2/ai231-fil50/audio/vcm/vcm_train_gap000827.wav,2.080,5.501,ok,,
vcm_train_gap000829,vcm,train,ref_tagalog12,Countdown for 1 minute,TIMER,,0,out/conversions/v2/ai231-fil50/audio/vcm/vcm_train_gap000829.wav,2.360,9.408,ok,,
vcm_train_gap000831,vcm,train,ref_tagalog6,Countdown for 1 minute,TIMER,,0,out/conversions/v2/ai231-fil50/audio/vcm/vcm_train_gap000831.wav,2.040,8.418,ok,,
vcm_train_gap000833,vcm,train,ref_tagalog10,Countdown for 1 minute,TIMER,,0,out/conversions/v2/ai231-fil50/audio/vcm/vcm_train_gap000833.wav,2.720,6.536,ok,,
vcm_train_gap000835,vcm,train,ref_tagalog11,Countdown for 1 minute,TIMER,,0,out/conversions/v2/ai231-fil50/audio/vcm/vcm_train_gap000835.wav,2.960,8.150,ok,,
vcm_train_gap000837,vcm,train,ref_tagalog3,Countdown for 1 minute,TIMER,,0,out/conversions/v2/ai231-fil50/audio/vcm/vcm_train_gap000837.wav,2.360,7.200,ok,,
vcm_train_gap000839,vcm,train,ref_tagalog2,Countdown for 1 minute,TIMER,,0,out/conversions/v2/ai231-fil50/audio/vcm/vcm_train_gap000839.wav,1.960,6.943,ok,,
vcm_train_gap000841,vcm,train,ref_tagalog4,Countdown for 1 minute,TIMER,,0,out/conversions/v2/ai231-fil50/audio/vcm/vcm_train_gap000841.wav,2.560,7.228,ok,,
vcm_train_gap000843,vcm,train,ref_tagalog14,Countdown for 1 minute,TIMER,,0,out/conversions/v2/ai231-fil50/audio/vcm/vcm_train_gap000843.wav,2.640,6.228,ok,,
vcm_train_gap000845,vcm,train,ref_tagalog16,Countdown for 1 minute,TIMER,,0,out/conversions/v2/ai231-fil50/audio/vcm/vcm_train_gap000845.wav,2.080,5.227,ok,,
vcm_train_gap000847,vcm,train,ref_ilonggo1,Start a timer for 30 seconds,TIMER,,0,out/conversions/v2/ai231-fil50/audio/vcm/vcm_train_gap000847.wav,3.840,8.061,ok,,
vcm_train_gap000849,vcm,train,ref_tagalog5,Start a timer for 1 minute,TIMER,,0,out/conversions/v2/ai231-fil50/audio/vcm/vcm_train_gap000849.wav,2.600,5.807,ok,,
vcm_train_gap000851,vcm,train,ref_tagalog7,Alarm 6 AM,ALARM,,0,out/conversions/v2/ai231-fil50/audio/vcm/vcm_train_gap000851.wav,2.360,6.076,ok,,
vcm_train_gap000853,vcm,train,ref_tagalog9,Alarm 6 AM,ALARM,,0,out/conversions/v2/ai231-fil50/audio/vcm/vcm_train_gap000853.wav,2.040,5.138,ok,,
vcm_train_gap000855,vcm,train,ref_tagalog1,Alarm 6 AM,ALARM,,0,out/conversions/v2/ai231-fil50/audio/vcm/vcm_train_gap000855.wav,2.200,5.508,ok,,
vcm_train_gap000857,vcm,train,ref_tagalog13,Alarm 6 AM,ALARM,,0,out/conversions/v2/ai231-fil50/audio/vcm/vcm_train_gap000857.wav,2.960,6.792,ok,,
vcm_train_gap000859,vcm,train,ref_tagalog8,Alarm 6 AM,ALARM,,0,out/conversions/v2/ai231-fil50/audio/vcm/vcm_train_gap000859.wav,2.120,5.628,ok,,
vcm_train_gap000861,vcm,train,ref_tagalog15,Alarm 6 AM,ALARM,,0,out/conversions/v2/ai231-fil50/audio/vcm/vcm_train_gap000861.wav,2.440,6.595,ok,,
vcm_train_gap000863,vcm,train,ref_tagalog12,Alarm 6 AM,ALARM,,0,out/conversions/v2/ai231-fil50/audio/vcm/vcm_train_gap000863.wav,2.320,6.523,ok,,
vcm_train_gap000865,vcm,train,ref_tagalog6,Alarm 6 AM,ALARM,,0,out/conversions/v2/ai231-fil50/audio/vcm/vcm_train_gap000865.wav,2.200,5.703,ok,,
vcm_train_gap000867,vcm,train,ref_tagalog10,Alarm 6 AM,ALARM,,0,out/conversions/v2/ai231-fil50/audio/vcm/vcm_train_gap000867.wav,2.320,6.177,ok,,
vcm_train_gap000869,vcm,train,ref_tagalog11,Alarm 6 AM,ALARM,,0,out/conversions/v2/ai231-fil50/audio/vcm/vcm_train_gap000869.wav,2.360,5.925,ok,,
vcm_train_gap000871,vcm,train,ref_tagalog3,Alarm 6 AM,ALARM,,0,out/conversions/v2/ai231-fil50/audio/vcm/vcm_train_gap000871.wav,2.400,8.192,ok,,
vcm_train_gap000873,vcm,train,ref_tagalog2,Alarm 8 AM,ALARM,,0,out/conversions/v2/ai231-fil50/audio/vcm/vcm_train_gap000873.wav,2.400,7.455,ok,,
vcm_train_gap000875,vcm,train,ref_tagalog4,Alarm 8 AM,ALARM,,0,out/conversions/v2/ai231-fil50/audio/vcm/vcm_train_gap000875.wav,2.440,7.176,ok,,
vcm_train_gap000877,vcm,train,ref_tagalog14,Alarm 8 AM,ALARM,,0,out/conversions/v2/ai231-fil50/audio/vcm/vcm_train_gap000877.wav,3.000,10.445,ok,,
vcm_train_gap000879,vcm,train,ref_tagalog16,Alarm 8 AM,ALARM,,0,out/conversions/v2/ai231-fil50/audio/vcm/vcm_train_gap000879.wav,2.600,7.541,ok,,
vcm_train_gap000881,vcm,train,ref_ilonggo1,Alarm 8 AM,ALARM,,0,out/conversions/v2/ai231-fil50/audio/vcm/vcm_train_gap000881.wav,2.640,6.993,ok,,
vcm_train_gap000883,vcm,train,ref_tagalog5,Alarm 8 AM,ALARM,,0,out/conversions/v2/ai231-fil50/audio/vcm/vcm_train_gap000883.wav,2.360,6.708,ok,,
vcm_train_gap000885,vcm,train,ref_tagalog7,Alarm 8 AM,ALARM,,0,out/conversions/v2/ai231-fil50/audio/vcm/vcm_train_gap000885.wav,2.200,6.510,ok,,
vcm_train_gap000887,vcm,train,ref_tagalog9,Alarm 8 AM,ALARM,,0,out/conversions/v2/ai231-fil50/audio/vcm/vcm_train_gap000887.wav,1.720,5.840,ok,,
vcm_train_gap000889,vcm,train,ref_tagalog1,Alarm 8 AM,ALARM,,0,out/conversions/v2/ai231-fil50/audio/vcm/vcm_train_gap000889.wav,1.640,9.488,ok,,
vcm_train_gap000891,vcm,train,ref_tagalog13,Alarm 9 PM,ALARM,,0,out/conversions/v2/ai231-fil50/audio/vcm/vcm_train_gap000891.wav,3.200,8.293,ok,,
vcm_train_gap000893,vcm,train,ref_tagalog8,Alarm 9 PM,ALARM,,0,out/conversions/v2/ai231-fil50/audio/vcm/vcm_train_gap000893.wav,2.280,6.619,ok,,
vcm_train_gap000895,vcm,train,ref_tagalog15,Alarm 9 PM,ALARM,,0,out/conversions/v2/ai231-fil50/audio/vcm/vcm_train_gap000895.wav,2.040,6.438,ok,,
vcm_train_gap000897,vcm,train,ref_tagalog12,Alarm 9 PM,ALARM,,0,out/conversions/v2/ai231-fil50/audio/vcm/vcm_train_gap000897.wav,2.560,6.865,ok,,
vcm_train_gap000899,vcm,train,ref_tagalog6,Alarm 9 PM,ALARM,,0,out/conversions/v2/ai231-fil50/audio/vcm/vcm_train_gap000899.wav,2.080,6.300,ok,,
vcm_train_gap000901,vcm,train,ref_tagalog10,Alarm 9 PM,ALARM,,0,out/conversions/v2/ai231-fil50/audio/vcm/vcm_train_gap000901.wav,2.200,9.878,ok,,
vcm_train_gap000903,vcm,train,ref_tagalog11,Alarm 9 PM,ALARM,,0,out/conversions/v2/ai231-fil50/audio/vcm/vcm_train_gap000903.wav,1.800,7.103,ok,,
vcm_train_gap000905,vcm,train,ref_tagalog3,Alarm 9 PM,ALARM,,0,out/conversions/v2/ai231-fil50/audio/vcm/vcm_train_gap000905.wav,2.840,6.978,ok,,
vcm_train_gap000907,vcm,train,ref_tagalog2,Alarm 9 PM,ALARM,,0,out/conversions/v2/ai231-fil50/audio/vcm/vcm_train_gap000907.wav,1.680,5.553,ok,,
vcm_train_gap000909,vcm,train,ref_tagalog4,Alarm 9 PM,ALARM,,0,out/conversions/v2/ai231-fil50/audio/vcm/vcm_train_gap000909.wav,1.680,6.410,ok,,
vcm_train_gap000911,vcm,train,ref_tagalog14,Alarm 9 PM,ALARM,,0,out/conversions/v2/ai231-fil50/audio/vcm/vcm_train_gap000911.wav,3.200,8.634,ok,,
vcm_train_gap000913,vcm,train,ref_tagalog16,Alarm 9 PM,ALARM,,0,out/conversions/v2/ai231-fil50/audio/vcm/vcm_train_gap000913.wav,1.960,8.887,ok,,
vcm_train_gap000915,vcm,train,ref_ilonggo1,Alarm 9 PM,ALARM,,0,out/conversions/v2/ai231-fil50/audio/vcm/vcm_train_gap000915.wav,2.200,6.232,ok,,
vcm_train_gap000917,vcm,train,ref_tagalog5,Alarm 9 PM,ALARM,,0,out/conversions/v2/ai231-fil50/audio/vcm/vcm_train_gap000917.wav,2.320,6.587,ok,,
vcm_train_gap000919,vcm,train,ref_tagalog7,Alarm 9 PM,ALARM,,0,out/conversions/v2/ai231-fil50/audio/vcm/vcm_train_gap000919.wav,2.200,7.557,ok,,
vcm_train_gap000921,vcm,train,ref_tagalog9,Alarm 9 PM,ALARM,,0,out/conversions/v2/ai231-fil50/audio/vcm/vcm_train_gap000921.wav,1.640,8.174,ok,,
vcm_train_gap000923,vcm,train,ref_tagalog1,Wake me up at 6 AM,ALARM,,0,out/conversions/v2/ai231-fil50/audio/vcm/vcm_train_gap000923.wav,2.080,5.990,ok,,
vcm_train_gap000925,vcm,train,ref_tagalog13,Wake me up at 6 AM,ALARM,,0,out/conversions/v2/ai231-fil50/audio/vcm/vcm_train_gap000925.wav,3.280,8.629,ok,,
vcm_train_gap000927,vcm,train,ref_tagalog8,Wake me up at 6 AM,ALARM,,0,out/conversions/v2/ai231-fil50/audio/vcm/vcm_train_gap000927.wav,2.480,7.137,ok,,
vcm_train_gap000929,vcm,train,ref_tagalog15,Wake me up at 6 AM,ALARM,,0,out/conversions/v2/ai231-fil50/audio/vcm/vcm_train_gap000929.wav,2.680,7.887,ok,,
vcm_train_gap000931,vcm,train,ref_tagalog12,Wake me up at 6 AM,ALARM,,0,out/conversions/v2/ai231-fil50/audio/vcm/vcm_train_gap000931.wav,2.680,8.511,ok,,
vcm_train_gap000933,vcm,train,ref_tagalog6,Wake me up at 6 AM,ALARM,,0,out/conversions/v2/ai231-fil50/audio/vcm/vcm_train_gap000933.wav,2.440,8.669,ok,,
vcm_train_gap000935,vcm,train,ref_tagalog10,Wake me up at 6 AM,ALARM,,0,out/conversions/v2/ai231-fil50/audio/vcm/vcm_train_gap000935.wav,2.160,6.669,ok,,
vcm_train_gap000937,vcm,train,ref_tagalog11,Wake me up at 6 AM,ALARM,,0,out/conversions/v2/ai231-fil50/audio/vcm/vcm_train_gap000937.wav,2.320,7.686,ok,,
vcm_train_gap000939,vcm,train,ref_tagalog3,Wake me up at 6 AM,ALARM,,0,out/conversions/v2/ai231-fil50/audio/vcm/vcm_train_gap000939.wav,2.520,9.300,ok,,
vcm_train_gap000941,vcm,train,ref_tagalog2,Wake me up at 6 AM,ALARM,,0,out/conversions/v2/ai231-fil50/audio/vcm/vcm_train_gap000941.wav,1.880,6.105,ok,,
vcm_train_gap000943,vcm,train,ref_tagalog4,Wake me up at 6 AM,ALARM,,0,out/conversions/v2/ai231-fil50/audio/vcm/vcm_train_gap000943.wav,2.080,7.758,ok,,
vcm_train_gap000945,vcm,train,ref_tagalog14,Wake me up at 6 AM,ALARM,,0,out/conversions/v2/ai231-fil50/audio/vcm/vcm_train_gap000945.wav,3.040,11.372,ok,,
vcm_train_gap000947,vcm,train,ref_tagalog16,Wake me up at 6 AM,ALARM,,0,out/conversions/v2/ai231-fil50/audio/vcm/vcm_train_gap000947.wav,2.360,6.691,ok,,
vcm_train_gap000949,vcm,train,ref_ilonggo1,Wake me up at 6 AM,ALARM,,0,out/conversions/v2/ai231-fil50/audio/vcm/vcm_train_gap000949.wav,2.280,6.711,ok,,
vcm_train_gap000951,vcm,train,ref_tagalog5,Wake me up at 6 AM,ALARM,,0,out/conversions/v2/ai231-fil50/audio/vcm/vcm_train_gap000951.wav,2.040,6.873,ok,,
vcm_train_gap000953,vcm,train,ref_tagalog7,Wake me up at 9 PM,ALARM,,0,out/conversions/v2/ai231-fil50/audio/vcm/vcm_train_gap000953.wav,2.520,8.416,ok,,
vcm_train_gap000955,vcm,train,ref_tagalog9,Wake me up at 9 PM,ALARM,,0,out/conversions/v2/ai231-fil50/audio/vcm/vcm_train_gap000955.wav,1.960,6.246,ok,,
vcm_train_gap000957,vcm,train,ref_tagalog1,Wake me up at 9 PM,ALARM,,0,out/conversions/v2/ai231-fil50/audio/vcm/vcm_train_gap000957.wav,1.960,5.938,ok,,
vcm_train_gap000959,vcm,train,ref_tagalog13,Wake me up at 9 PM,ALARM,,0,out/conversions/v2/ai231-fil50/audio/vcm/vcm_train_gap000959.wav,4.680,10.031,ok,,
vcm_train_gap000961,vcm,train,ref_tagalog8,Wake me up at 9 PM,ALARM,,0,out/conversions/v2/ai231-fil50/audio/vcm/vcm_train_gap000961.wav,3.040,7.444,ok,,
vcm_train_gap000963,vcm,train,ref_tagalog15,Wake me up at 9 PM,ALARM,,0,out/conversions/v2/ai231-fil50/audio/vcm/vcm_train_gap000963.wav,2.800,9.140,ok,,
vcm_train_gap000965,vcm,train,ref_tagalog12,Wake me up at 9 PM,ALARM,,0,out/conversions/v2/ai231-fil50/audio/vcm/vcm_train_gap000965.wav,2.600,6.776,ok,,
vcm_train_gap000967,vcm,train,ref_tagalog6,Wake me up at 9 PM,ALARM,,0,out/conversions/v2/ai231-fil50/audio/vcm/vcm_train_gap000967.wav,2.320,6.358,ok,,
vcm_train_gap000969,vcm,train,ref_tagalog10,Wake me up at 9 PM,ALARM,,0,out/conversions/v2/ai231-fil50/audio/vcm/vcm_train_gap000969.wav,2.240,6.408,ok,,
vcm_train_gap000971,vcm,train,ref_tagalog11,Wake me up at 9 PM,ALARM,,0,out/conversions/v2/ai231-fil50/audio/vcm/vcm_train_gap000971.wav,2.000,5.696,ok,,
vcm_train_gap000973,vcm,train,ref_tagalog3,Wake me up at 9 PM,ALARM,,0,out/conversions/v2/ai231-fil50/audio/vcm/vcm_train_gap000973.wav,2.360,6.932,ok,,
vcm_train_gap000975,vcm,train,ref_tagalog2,Wake me up at 9 PM,ALARM,,0,out/conversions/v2/ai231-fil50/audio/vcm/vcm_train_gap000975.wav,2.040,8.156,ok,,
vcm_train_gap000977,vcm,train,ref_tagalog4,Wake me up at 9 PM,ALARM,,0,out/conversions/v2/ai231-fil50/audio/vcm/vcm_train_gap000977.wav,2.440,7.007,ok,,
vcm_train_gap000979,vcm,train,ref_tagalog14,Wake me up at 9 PM,ALARM,,0,out/conversions/v2/ai231-fil50/audio/vcm/vcm_train_gap000979.wav,2.120,6.402,ok,,
vcm_train_gap000981,vcm,train,ref_tagalog16,Wake me up at 9 PM,ALARM,,0,out/conversions/v2/ai231-fil50/audio/vcm/vcm_train_gap000981.wav,2.400,7.017,ok,,
vcm_train_gap000983,vcm,train,ref_ilonggo1,Wake me up at 9 PM,ALARM,,0,out/conversions/v2/ai231-fil50/audio/vcm/vcm_train_gap000983.wav,2.960,7.136,ok,,
vcm_train_gap000985,vcm,train,ref_tagalog5,Set an alarm for 9 PM,ALARM,,0,out/conversions/v2/ai231-fil50/audio/vcm/vcm_train_gap000985.wav,2.720,9.309,ok,,
vcm_train_gap000987,vcm,train,ref_tagalog7,Set an alarm for 9 PM,ALARM,,0,out/conversions/v2/ai231-fil50/audio/vcm/vcm_train_gap000987.wav,3.040,8.392,ok,,
vcm_train_gap000989,vcm,train,ref_tagalog9,Set an alarm for 9 PM,ALARM,,0,out/conversions/v2/ai231-fil50/audio/vcm/vcm_train_gap000989.wav,2.160,7.238,ok,,
vcm_train_gap000991,vcm,train,ref_tagalog1,Set an alarm for 9 PM,ALARM,,0,out/conversions/v2/ai231-fil50/audio/vcm/vcm_train_gap000991.wav,2.320,6.636,ok,,
vcm_train_gap000993,vcm,train,ref_tagalog13,Temperature 18 degrees,TEMPERATURE,,0,out/conversions/v2/ai231-fil50/audio/vcm/vcm_train_gap000993.wav,3.200,8.758,ok,,
vcm_train_gap000995,vcm,train,ref_tagalog8,Temperature 26 degrees,TEMPERATURE,,0,out/conversions/v2/ai231-fil50/audio/vcm/vcm_train_gap000995.wav,3.040,8.063,ok,,
vcm_train_gap000997,vcm,train,ref_tagalog15,Temperature 26 degrees,TEMPERATURE,,0,out/conversions/v2/ai231-fil50/audio/vcm/vcm_train_gap000997.wav,2.720,7.117,ok,,
vcm_train_gap000999,vcm,train,ref_tagalog12,Temperature 26 degrees,TEMPERATURE,,0,out/conversions/v2/ai231-fil50/audio/vcm/vcm_train_gap000999.wav,3.160,7.606,ok,,
vcm_train_gap001001,vcm,train,ref_tagalog6,Set the temperature to 18 degrees,TEMPERATURE,,0,out/conversions/v2/ai231-fil50/audio/vcm/vcm_train_gap001001.wav,2.600,6.535,ok,,
vcm_train_gap001003,vcm,train,ref_tagalog10,Set the temperature to 18 degrees,TEMPERATURE,,0,out/conversions/v2/ai231-fil50/audio/vcm/vcm_train_gap001003.wav,3.040,7.651,ok,,
vcm_train_gap001005,vcm,train,ref_tagalog11,Set the temperature to 18 degrees,TEMPERATURE,,0,out/conversions/v2/ai231-fil50/audio/vcm/vcm_train_gap001005.wav,3.160,9.039,ok,,
vcm_train_gap001007,vcm,train,ref_tagalog3,Set the temperature to 18 degrees,TEMPERATURE,,0,out/conversions/v2/ai231-fil50/audio/vcm/vcm_train_gap001007.wav,3.000,7.974,ok,,
vcm_train_gap001009,vcm,train,ref_tagalog2,Set the temperature to 18 degrees,TEMPERATURE,,0,out/conversions/v2/ai231-fil50/audio/vcm/vcm_train_gap001009.wav,2.480,6.992,ok,,
vcm_train_gap001011,vcm,train,ref_tagalog4,Set the temperature to 18 degrees,TEMPERATURE,,0,out/conversions/v2/ai231-fil50/audio/vcm/vcm_train_gap001011.wav,2.960,5.289,ok,,
vcm_train_gap001013,vcm,train,ref_tagalog14,Set the temperature to 18 degrees,TEMPERATURE,,0,out/conversions/v2/ai231-fil50/audio/vcm/vcm_train_gap001013.wav,2.960,7.168,ok,,
vcm_train_gap001015,vcm,train,ref_tagalog16,Set the temperature to 18 degrees,TEMPERATURE,,0,out/conversions/v2/ai231-fil50/audio/vcm/vcm_train_gap001015.wav,2.640,7.924,ok,,
vcm_train_gap001017,vcm,train,ref_ilonggo1,Set the temperature to 22 degrees,TEMPERATURE,,0,out/conversions/v2/ai231-fil50/audio/vcm/vcm_train_gap001017.wav,3.200,7.369,ok,,
vcm_train_gap001019,vcm,train,ref_tagalog5,Set the temperature to 22 degrees,TEMPERATURE,,0,out/conversions/v2/ai231-fil50/audio/vcm/vcm_train_gap001019.wav,3.280,7.387,ok,,
vcm_train_gap001021,vcm,train,ref_tagalog7,Set the temperature to 22 degrees,TEMPERATURE,,0,out/conversions/v2/ai231-fil50/audio/vcm/vcm_train_gap001021.wav,3.200,7.705,ok,,
vcm_train_gap001023,vcm,train,ref_tagalog9,Brightness 20 percent,BRIGHTNESS,,0,out/conversions/v2/ai231-fil50/audio/vcm/vcm_train_gap001023.wav,2.120,6.401,ok,,
vcm_train_gap001025,vcm,train,ref_tagalog1,Brightness 20 percent,BRIGHTNESS,,0,out/conversions/v2/ai231-fil50/audio/vcm/vcm_train_gap001025.wav,1.600,6.441,ok,,
vcm_train_gap001027,vcm,train,ref_tagalog13,Brightness 20 percent,BRIGHTNESS,,0,out/conversions/v2/ai231-fil50/audio/vcm/vcm_train_gap001027.wav,3.200,8.373,ok,,
vcm_train_gap001029,vcm,train,ref_tagalog8,Brightness 20 percent,BRIGHTNESS,,0,out/conversions/v2/ai231-fil50/audio/vcm/vcm_train_gap001029.wav,2.240,6.705,ok,,
vcm_train_gap001031,vcm,train,ref_tagalog15,Brightness 20 percent,BRIGHTNESS,,0,out/conversions/v2/ai231-fil50/audio/vcm/vcm_train_gap001031.wav,2.400,7.081,ok,,
vcm_train_gap001033,vcm,train,ref_tagalog12,Brightness 20 percent,BRIGHTNESS,,0,out/conversions/v2/ai231-fil50/audio/vcm/vcm_train_gap001033.wav,2.160,6.486,ok,,
vcm_train_gap001035,vcm,train,ref_tagalog6,Brightness 20 percent,BRIGHTNESS,,0,out/conversions/v2/ai231-fil50/audio/vcm/vcm_train_gap001035.wav,1.880,8.802,ok,,
vcm_train_gap001037,vcm,train,ref_tagalog10,Brightness 20 percent,BRIGHTNESS,,0,out/conversions/v2/ai231-fil50/audio/vcm/vcm_train_gap001037.wav,2.000,6.480,ok,,
vcm_train_gap001039,vcm,train,ref_tagalog11,Brightness 20 percent,BRIGHTNESS,,0,out/conversions/v2/ai231-fil50/audio/vcm/vcm_train_gap001039.wav,2.120,6.014,ok,,
vcm_train_gap001041,vcm,train,ref_tagalog3,Brightness 20 percent,BRIGHTNESS,,0,out/conversions/v2/ai231-fil50/audio/vcm/vcm_train_gap001041.wav,2.280,6.863,ok,,
vcm_train_gap001043,vcm,train,ref_tagalog2,Brightness 20 percent,BRIGHTNESS,,0,out/conversions/v2/ai231-fil50/audio/vcm/vcm_train_gap001043.wav,2.000,7.243,ok,,
vcm_train_gap001045,vcm,train,ref_tagalog4,Brightness 20 percent,BRIGHTNESS,,0,out/conversions/v2/ai231-fil50/audio/vcm/vcm_train_gap001045.wav,1.640,6.511,ok,,
vcm_train_gap001047,vcm,train,ref_tagalog14,Brightness 20 percent,BRIGHTNESS,,0,out/conversions/v2/ai231-fil50/audio/vcm/vcm_train_gap001047.wav,3.200,10.244,ok,,
vcm_train_gap001049,vcm,train,ref_tagalog16,Brightness 20 percent,BRIGHTNESS,,0,out/conversions/v2/ai231-fil50/audio/vcm/vcm_train_gap001049.wav,2.120,6.832,ok,,
vcm_train_gap001051,vcm,train,ref_ilonggo1,Brightness 20 percent,BRIGHTNESS,,0,out/conversions/v2/ai231-fil50/audio/vcm/vcm_train_gap001051.wav,3.200,7.702,ok,,
vcm_train_gap001053,vcm,train,ref_tagalog5,Brightness 20 percent,BRIGHTNESS,,0,out/conversions/v2/ai231-fil50/audio/vcm/vcm_train_gap001053.wav,2.200,6.329,ok,,
vcm_train_gap001055,vcm,train,ref_tagalog7,Brightness 20 percent,BRIGHTNESS,,0,out/conversions/v2/ai231-fil50/audio/vcm/vcm_train_gap001055.wav,2.120,6.711,ok,,
vcm_train_gap001057,vcm,train,ref_tagalog9,Brightness 20 percent,BRIGHTNESS,,0,out/conversions/v2/ai231-fil50/audio/vcm/vcm_train_gap001057.wav,1.760,8.809,ok,,
vcm_train_gap001059,vcm,train,ref_tagalog1,Brightness 20 percent,BRIGHTNESS,,0,out/conversions/v2/ai231-fil50/audio/vcm/vcm_train_gap001059.wav,2.160,7.380,ok,,
vcm_train_gap001061,vcm,train,ref_tagalog13,Brightness 20 percent,BRIGHTNESS,,0,out/conversions/v2/ai231-fil50/audio/vcm/vcm_train_gap001061.wav,3.200,8.452,ok,,
vcm_train_gap001063,vcm,train,ref_tagalog8,Brightness 20 percent,BRIGHTNESS,,0,out/conversions/v2/ai231-fil50/audio/vcm/vcm_train_gap001063.wav,2.440,6.346,ok,,
vcm_train_gap001065,vcm,train,ref_tagalog15,Brightness 20 percent,BRIGHTNESS,,0,out/conversions/v2/ai231-fil50/audio/vcm/vcm_train_gap001065.wav,2.280,6.189,ok,,
vcm_train_gap001067,vcm,train,ref_tagalog12,Brightness 20 percent,BRIGHTNESS,,0,out/conversions/v2/ai231-fil50/audio/vcm/vcm_train_gap001067.wav,1.760,5.855,ok,,
vcm_train_gap001069,vcm,train,ref_tagalog6,Brightness 20 percent,BRIGHTNESS,,0,out/conversions/v2/ai231-fil50/audio/vcm/vcm_train_gap001069.wav,1.880,5.629,ok,,
vcm_train_gap001071,vcm,train,ref_tagalog10,Brightness 20 percent,BRIGHTNESS,,0,out/conversions/v2/ai231-fil50/audio/vcm/vcm_train_gap001071.wav,2.400,9.488,ok,,
vcm_train_gap001073,vcm,train,ref_tagalog11,Brightness 20 percent,BRIGHTNESS,,0,out/conversions/v2/ai231-fil50/audio/vcm/vcm_train_gap001073.wav,2.080,5.659,ok,,
vcm_train_gap001075,vcm,train,ref_tagalog3,Brightness 20 percent,BRIGHTNESS,,0,out/conversions/v2/ai231-fil50/audio/vcm/vcm_train_gap001075.wav,2.360,6.326,ok,,
vcm_train_gap001077,vcm,train,ref_tagalog2,Brightness 20 percent,BRIGHTNESS,,0,out/conversions/v2/ai231-fil50/audio/vcm/vcm_train_gap001077.wav,2.120,6.261,ok,,
vcm_train_gap001079,vcm,train,ref_tagalog4,Brightness 20 percent,BRIGHTNESS,,0,out/conversions/v2/ai231-fil50/audio/vcm/vcm_train_gap001079.wav,1.840,5.832,ok,,
vcm_train_gap001081,vcm,train,ref_tagalog14,Brightness 20 percent,BRIGHTNESS,,0,out/conversions/v2/ai231-fil50/audio/vcm/vcm_train_gap001081.wav,2.720,7.508,ok,,
vcm_train_gap001083,vcm,train,ref_tagalog16,Brightness 20 percent,BRIGHTNESS,,0,out/conversions/v2/ai231-fil50/audio/vcm/vcm_train_gap001083.wav,2.240,8.162,ok,,
vcm_train_gap001085,vcm,train,ref_ilonggo1,Brightness 20 percent,BRIGHTNESS,,0,out/conversions/v2/ai231-fil50/audio/vcm/vcm_train_gap001085.wav,2.560,6.411,ok,,
vcm_train_gap001087,vcm,train,ref_tagalog5,Brightness 20 percent,BRIGHTNESS,,0,out/conversions/v2/ai231-fil50/audio/vcm/vcm_train_gap001087.wav,2.760,7.378,ok,,
vcm_train_gap001089,vcm,train,ref_tagalog7,Brightness 20 percent,BRIGHTNESS,,0,out/conversions/v2/ai231-fil50/audio/vcm/vcm_train_gap001089.wav,2.280,6.259,ok,,
vcm_train_gap001091,vcm,train,ref_tagalog9,Brightness 20 percent,BRIGHTNESS,,0,out/conversions/v2/ai231-fil50/audio/vcm/vcm_train_gap001091.wav,1.920,6.229,ok,,
vcm_train_gap001093,vcm,train,ref_tagalog1,Brightness 20 percent,BRIGHTNESS,,0,out/conversions/v2/ai231-fil50/audio/vcm/vcm_train_gap001093.wav,1.880,8.105,ok,,
vcm_train_gap001095,vcm,train,ref_tagalog13,Brightness 20 percent,BRIGHTNESS,,0,out/conversions/v2/ai231-fil50/audio/vcm/vcm_train_gap001095.wav,3.200,7.333,ok,,
vcm_train_gap001097,vcm,train,ref_tagalog8,Brightness 20 percent,BRIGHTNESS,,0,out/conversions/v2/ai231-fil50/audio/vcm/vcm_train_gap001097.wav,2.560,7.131,ok,,
vcm_train_gap001099,vcm,train,ref_tagalog15,Brightness 20 percent,BRIGHTNESS,,0,out/conversions/v2/ai231-fil50/audio/vcm/vcm_train_gap001099.wav,2.360,6.432,ok,,
vcm_train_gap001101,vcm,train,ref_tagalog12,Brightness 20 percent,BRIGHTNESS,,0,out/conversions/v2/ai231-fil50/audio/vcm/vcm_train_gap001101.wav,2.640,6.486,ok,,
vcm_train_gap001103,vcm,train,ref_tagalog6,Brightness 20 percent,BRIGHTNESS,,0,out/conversions/v2/ai231-fil50/audio/vcm/vcm_train_gap001103.wav,1.680,6.657,ok,,
vcm_train_gap001105,vcm,train,ref_tagalog10,Brightness 20 percent,BRIGHTNESS,,0,out/conversions/v2/ai231-fil50/audio/vcm/vcm_train_gap001105.wav,2.960,10.678,ok,,
vcm_train_gap001107,vcm,train,ref_tagalog11,Brightness 20 percent,BRIGHTNESS,,0,out/conversions/v2/ai231-fil50/audio/vcm/vcm_train_gap001107.wav,2.240,8.187,ok,,
vcm_train_gap001109,vcm,train,ref_tagalog3,Brightness 20 percent,BRIGHTNESS,,0,out/conversions/v2/ai231-fil50/audio/vcm/vcm_train_gap001109.wav,2.760,6.940,ok,,
vcm_train_gap001111,vcm,train,ref_tagalog2,Brightness 20 percent,BRIGHTNESS,,0,out/conversions/v2/ai231-fil50/audio/vcm/vcm_train_gap001111.wav,2.080,6.264,ok,,
vcm_train_gap001113,vcm,train,ref_tagalog4,Brightness 20 percent,BRIGHTNESS,,0,out/conversions/v2/ai231-fil50/audio/vcm/vcm_train_gap001113.wav,2.000,6.792,ok,,
vcm_train_gap001115,vcm,train,ref_tagalog14,Brightness 20 percent,BRIGHTNESS,,0,out/conversions/v2/ai231-fil50/audio/vcm/vcm_train_gap001115.wav,2.160,6.294,ok,,
vcm_train_gap001117,vcm,train,ref_tagalog16,Brightness 20 percent,BRIGHTNESS,,0,out/conversions/v2/ai231-fil50/audio/vcm/vcm_train_gap001117.wav,1.920,7.269,ok,,
vcm_train_gap001119,vcm,train,ref_ilonggo1,Brightness 20 percent,BRIGHTNESS,,0,out/conversions/v2/ai231-fil50/audio/vcm/vcm_train_gap001119.wav,2.920,9.075,ok,,
vcm_train_gap001121,vcm,train,ref_tagalog5,Brightness 20 percent,BRIGHTNESS,,0,out/conversions/v2/ai231-fil50/audio/vcm/vcm_train_gap001121.wav,2.240,7.307,ok,,
vcm_train_gap001123,vcm,train,ref_tagalog7,Brightness 20 percent,BRIGHTNESS,,0,out/conversions/v2/ai231-fil50/audio/vcm/vcm_train_gap001123.wav,2.400,6.457,ok,,
vcm_train_gap001125,vcm,train,ref_tagalog9,Brightness 20 percent,BRIGHTNESS,,0,out/conversions/v2/ai231-fil50/audio/vcm/vcm_train_gap001125.wav,2.120,7.611,ok,,
vcm_train_gap001127,vcm,train,ref_tagalog1,Brightness 20 percent,BRIGHTNESS,,0,out/conversions/v2/ai231-fil50/audio/vcm/vcm_train_gap001127.wav,1.560,6.456,ok,,
vcm_train_gap001129,vcm,train,ref_tagalog13,Brightness 20 percent,BRIGHTNESS,,0,out/conversions/v2/ai231-fil50/audio/vcm/vcm_train_gap001129.wav,3.200,7.851,ok,,
vcm_train_gap001131,vcm,train,ref_tagalog8,Brightness 20 percent,BRIGHTNESS,,0,out/conversions/v2/ai231-fil50/audio/vcm/vcm_train_gap001131.wav,1.960,6.081,ok,,
vcm_train_gap001133,vcm,train,ref_tagalog15,Brightness 20 percent,BRIGHTNESS,,0,out/conversions/v2/ai231-fil50/audio/vcm/vcm_train_gap001133.wav,2.560,6.705,ok,,
vcm_train_gap001135,vcm,train,ref_tagalog12,Brightness 20 percent,BRIGHTNESS,,0,out/conversions/v2/ai231-fil50/audio/vcm/vcm_train_gap001135.wav,2.320,6.811,ok,,
vcm_train_gap001137,vcm,train,ref_tagalog6,Brightness 60 percent,BRIGHTNESS,,0,out/conversions/v2/ai231-fil50/audio/vcm/vcm_train_gap001137.wav,1.800,9.004,ok,,
vcm_train_gap001139,vcm,train,ref_tagalog10,Brightness 60 percent,BRIGHTNESS,,0,out/conversions/v2/ai231-fil50/audio/vcm/vcm_train_gap001139.wav,2.280,7.007,ok,,
vcm_train_gap001141,vcm,train,ref_tagalog11,Brightness 60 percent,BRIGHTNESS,,0,out/conversions/v2/ai231-fil50/audio/vcm/vcm_train_gap001141.wav,2.760,6.788,ok,,
vcm_train_gap001143,vcm,train,ref_tagalog3,Brightness 60 percent,BRIGHTNESS,,0,out/conversions/v2/ai231-fil50/audio/vcm/vcm_train_gap001143.wav,2.440,7.222,ok,,
vcm_train_gap001145,vcm,train,ref_tagalog2,Brightness 60 percent,BRIGHTNESS,,0,out/conversions/v2/ai231-fil50/audio/vcm/vcm_train_gap001145.wav,2.000,7.769,ok,,
vcm_train_gap001147,vcm,train,ref_tagalog4,Brightness 60 percent,BRIGHTNESS,,0,out/conversions/v2/ai231-fil50/audio/vcm/vcm_train_gap001147.wav,1.960,6.995,ok,,
vcm_train_gap001149,vcm,train,ref_tagalog14,Brightness 60 percent,BRIGHTNESS,,0,out/conversions/v2/ai231-fil50/audio/vcm/vcm_train_gap001149.wav,2.880,8.817,ok,,
vcm_train_gap001151,vcm,train,ref_tagalog16,Brightness 60 percent,BRIGHTNESS,,0,out/conversions/v2/ai231-fil50/audio/vcm/vcm_train_gap001151.wav,1.920,8.751,ok,,
vcm_train_gap001153,vcm,train,ref_ilonggo1,Brightness 60 percent,BRIGHTNESS,,0,out/conversions/v2/ai231-fil50/audio/vcm/vcm_train_gap001153.wav,2.440,8.286,ok,,
vcm_train_gap001155,vcm,train,ref_tagalog5,Brightness 60 percent,BRIGHTNESS,,0,out/conversions/v2/ai231-fil50/audio/vcm/vcm_train_gap001155.wav,2.000,5.948,ok,,
vcm_train_gap001157,vcm,train,ref_tagalog7,Brightness 60 percent,BRIGHTNESS,,0,out/conversions/v2/ai231-fil50/audio/vcm/vcm_train_gap001157.wav,2.360,6.548,ok,,
vcm_train_gap001159,vcm,train,ref_tagalog9,Brightness 60 percent,BRIGHTNESS,,0,out/conversions/v2/ai231-fil50/audio/vcm/vcm_train_gap001159.wav,2.200,7.629,ok,,
vcm_train_gap001161,vcm,train,ref_tagalog1,Brightness 60 percent,BRIGHTNESS,,0,out/conversions/v2/ai231-fil50/audio/vcm/vcm_train_gap001161.wav,2.040,7.738,ok,,
vcm_train_gap001163,vcm,train,ref_tagalog13,Brightness 60 percent,BRIGHTNESS,,0,out/conversions/v2/ai231-fil50/audio/vcm/vcm_train_gap001163.wav,3.200,8.755,ok,,
vcm_train_gap001165,vcm,train,ref_tagalog8,Brightness 60 percent,BRIGHTNESS,,0,out/conversions/v2/ai231-fil50/audio/vcm/vcm_train_gap001165.wav,2.280,7.357,ok,,
vcm_train_gap001167,vcm,train,ref_tagalog15,Brightness 60 percent,BRIGHTNESS,,0,out/conversions/v2/ai231-fil50/audio/vcm/vcm_train_gap001167.wav,2.360,6.757,ok,,
vcm_train_gap001169,vcm,train,ref_tagalog12,Brightness 60 percent,BRIGHTNESS,,0,out/conversions/v2/ai231-fil50/audio/vcm/vcm_train_gap001169.wav,2.520,8.975,ok,,
vcm_train_gap001171,vcm,train,ref_tagalog6,Brightness 60 percent,BRIGHTNESS,,0,out/conversions/v2/ai231-fil50/audio/vcm/vcm_train_gap001171.wav,1.760,5.631,ok,,
vcm_train_gap001173,vcm,train,ref_tagalog10,Brightness 60 percent,BRIGHTNESS,,0,out/conversions/v2/ai231-fil50/audio/vcm/vcm_train_gap001173.wav,2.120,7.580,ok,,
vcm_train_gap001175,vcm,train,ref_tagalog11,Brightness 60 percent,BRIGHTNESS,,0,out/conversions/v2/ai231-fil50/audio/vcm/vcm_train_gap001175.wav,2.880,7.571,ok,,
vcm_train_gap001177,vcm,train,ref_tagalog3,Brightness 60 percent,BRIGHTNESS,,0,out/conversions/v2/ai231-fil50/audio/vcm/vcm_train_gap001177.wav,2.440,6.851,ok,,
vcm_train_gap001179,vcm,train,ref_tagalog2,Brightness 60 percent,BRIGHTNESS,,0,out/conversions/v2/ai231-fil50/audio/vcm/vcm_train_gap001179.wav,2.040,6.974,ok,,
vcm_train_gap001181,vcm,train,ref_tagalog4,Brightness 60 percent,BRIGHTNESS,,0,out/conversions/v2/ai231-fil50/audio/vcm/vcm_train_gap001181.wav,1.720,6.645,ok,,
vcm_train_gap001183,vcm,train,ref_tagalog14,Brightness 60 percent,BRIGHTNESS,,0,out/conversions/v2/ai231-fil50/audio/vcm/vcm_train_gap001183.wav,2.920,8.013,ok,,
vcm_train_gap001185,vcm,train,ref_tagalog16,Brightness 60 percent,BRIGHTNESS,,0,out/conversions/v2/ai231-fil50/audio/vcm/vcm_train_gap001185.wav,1.600,6.053,ok,,
vcm_train_gap001187,vcm,train,ref_ilonggo1,Brightness 60 percent,BRIGHTNESS,,0,out/conversions/v2/ai231-fil50/audio/vcm/vcm_train_gap001187.wav,3.080,8.048,ok,,
vcm_train_gap001189,vcm,train,ref_tagalog5,Brightness 60 percent,BRIGHTNESS,,0,out/conversions/v2/ai231-fil50/audio/vcm/vcm_train_gap001189.wav,2.320,7.491,ok,,
vcm_train_gap001191,vcm,train,ref_tagalog7,Brightness 60 percent,BRIGHTNESS,,0,out/conversions/v2/ai231-fil50/audio/vcm/vcm_train_gap001191.wav,2.360,7.047,ok,,
vcm_train_gap001193,vcm,train,ref_tagalog9,Brightness 60 percent,BRIGHTNESS,,0,out/conversions/v2/ai231-fil50/audio/vcm/vcm_train_gap001193.wav,1.920,6.727,ok,,
vcm_train_gap001195,vcm,train,ref_tagalog1,Brightness 60 percent,BRIGHTNESS,,0,out/conversions/v2/ai231-fil50/audio/vcm/vcm_train_gap001195.wav,1.760,6.661,ok,,
vcm_train_gap001197,vcm,train,ref_tagalog13,Brightness 60 percent,BRIGHTNESS,,0,out/conversions/v2/ai231-fil50/audio/vcm/vcm_train_gap001197.wav,3.200,9.223,ok,,
vcm_train_gap001199,vcm,train,ref_tagalog8,Brightness 60 percent,BRIGHTNESS,,0,out/conversions/v2/ai231-fil50/audio/vcm/vcm_train_gap001199.wav,2.520,8.050,ok,,
vcm_train_gap001201,vcm,train,ref_tagalog15,Brightness 60 percent,BRIGHTNESS,,0,out/conversions/v2/ai231-fil50/audio/vcm/vcm_train_gap001201.wav,2.440,9.900,ok,,
vcm_train_gap001203,vcm,train,ref_tagalog12,Brightness 60 percent,BRIGHTNESS,,0,out/conversions/v2/ai231-fil50/audio/vcm/vcm_train_gap001203.wav,2.640,7.092,ok,,
vcm_train_gap001205,vcm,train,ref_tagalog6,Brightness 60 percent,BRIGHTNESS,,0,out/conversions/v2/ai231-fil50/audio/vcm/vcm_train_gap001205.wav,2.000,7.977,ok,,
vcm_train_gap001207,vcm,train,ref_tagalog10,Brightness 60 percent,BRIGHTNESS,,0,out/conversions/v2/ai231-fil50/audio/vcm/vcm_train_gap001207.wav,2.040,8.174,ok,,
vcm_train_gap001209,vcm,train,ref_tagalog11,Brightness 60 percent,BRIGHTNESS,,0,out/conversions/v2/ai231-fil50/audio/vcm/vcm_train_gap001209.wav,2.240,6.445,ok,,
vcm_train_gap001211,vcm,train,ref_tagalog3,Brightness 60 percent,BRIGHTNESS,,0,out/conversions/v2/ai231-fil50/audio/vcm/vcm_train_gap001211.wav,2.320,7.089,ok,,
vcm_train_gap001213,vcm,train,ref_tagalog2,Brightness 60 percent,BRIGHTNESS,,0,out/conversions/v2/ai231-fil50/audio/vcm/vcm_train_gap001213.wav,2.000,6.519,ok,,
vcm_train_gap001215,vcm,train,ref_tagalog4,Brightness 60 percent,BRIGHTNESS,,0,out/conversions/v2/ai231-fil50/audio/vcm/vcm_train_gap001215.wav,2.360,6.287,ok,,
vcm_train_gap001217,vcm,train,ref_tagalog14,Brightness 60 percent,BRIGHTNESS,,0,out/conversions/v2/ai231-fil50/audio/vcm/vcm_train_gap001217.wav,3.200,8.883,ok,,
vcm_train_gap001219,vcm,train,ref_tagalog16,Brightness 60 percent,BRIGHTNESS,,0,out/conversions/v2/ai231-fil50/audio/vcm/vcm_train_gap001219.wav,2.240,11.105,ok,,
vcm_train_gap001221,vcm,train,ref_ilonggo1,Brightness 60 percent,BRIGHTNESS,,0,out/conversions/v2/ai231-fil50/audio/vcm/vcm_train_gap001221.wav,2.440,9.539,ok,,
vcm_train_gap001223,vcm,train,ref_tagalog5,Brightness 60 percent,BRIGHTNESS,,0,out/conversions/v2/ai231-fil50/audio/vcm/vcm_train_gap001223.wav,2.160,7.557,ok,,
vcm_train_gap001225,vcm,train,ref_tagalog7,Brightness 60 percent,BRIGHTNESS,,0,out/conversions/v2/ai231-fil50/audio/vcm/vcm_train_gap001225.wav,2.160,7.471,ok,,
vcm_train_gap001227,vcm,train,ref_tagalog9,Brightness 60 percent,BRIGHTNESS,,0,out/conversions/v2/ai231-fil50/audio/vcm/vcm_train_gap001227.wav,2.040,7.612,ok,,
vcm_train_gap001229,vcm,train,ref_tagalog1,Brightness 60 percent,BRIGHTNESS,,0,out/conversions/v2/ai231-fil50/audio/vcm/vcm_train_gap001229.wav,2.160,8.359,ok,,
vcm_train_gap001231,vcm,train,ref_tagalog13,Brightness 60 percent,BRIGHTNESS,,0,out/conversions/v2/ai231-fil50/audio/vcm/vcm_train_gap001231.wav,2.880,9.259,ok,,
vcm_train_gap001233,vcm,train,ref_tagalog8,Brightness 60 percent,BRIGHTNESS,,0,out/conversions/v2/ai231-fil50/audio/vcm/vcm_train_gap001233.wav,2.360,7.854,ok,,
vcm_train_gap001235,vcm,train,ref_tagalog15,Brightness 60 percent,BRIGHTNESS,,0,out/conversions/v2/ai231-fil50/audio/vcm/vcm_train_gap001235.wav,2.440,6.836,ok,,
vcm_train_gap001237,vcm,train,ref_tagalog12,Brightness 60 percent,BRIGHTNESS,,0,out/conversions/v2/ai231-fil50/audio/vcm/vcm_train_gap001237.wav,2.160,6.199,ok,,
vcm_train_gap001239,vcm,train,ref_tagalog6,Brightness 60 percent,BRIGHTNESS,,0,out/conversions/v2/ai231-fil50/audio/vcm/vcm_train_gap001239.wav,1.720,5.573,ok,,
vcm_train_gap001241,vcm,train,ref_tagalog10,Brightness 60 percent,BRIGHTNESS,,0,out/conversions/v2/ai231-fil50/audio/vcm/vcm_train_gap001241.wav,1.960,6.107,ok,,
vcm_train_gap001243,vcm,train,ref_tagalog11,Brightness 60 percent,BRIGHTNESS,,0,out/conversions/v2/ai231-fil50/audio/vcm/vcm_train_gap001243.wav,3.200,6.831,ok,,
vcm_train_gap001245,vcm,train,ref_tagalog3,Brightness 60 percent,BRIGHTNESS,,0,out/conversions/v2/ai231-fil50/audio/vcm/vcm_train_gap001245.wav,2.160,7.703,ok,,
vcm_train_gap001247,vcm,train,ref_tagalog2,Brightness 100 percent,BRIGHTNESS,,0,out/conversions/v2/ai231-fil50/audio/vcm/vcm_train_gap001247.wav,2.480,6.838,ok,,
vcm_train_gap001249,vcm,train,ref_tagalog4,Brightness 100 percent,BRIGHTNESS,,0,out/conversions/v2/ai231-fil50/audio/vcm/vcm_train_gap001249.wav,2.120,6.986,ok,,
vcm_train_gap001251,vcm,train,ref_tagalog14,Brightness 100 percent,BRIGHTNESS,,0,out/conversions/v2/ai231-fil50/audio/vcm/vcm_train_gap001251.wav,2.880,7.952,ok,,
vcm_train_gap001253,vcm,train,ref_tagalog16,Brightness 100 percent,BRIGHTNESS,,0,out/conversions/v2/ai231-fil50/audio/vcm/vcm_train_gap001253.wav,2.200,6.230,ok,,
vcm_train_gap001255,vcm,train,ref_ilonggo1,Brightness 100 percent,BRIGHTNESS,,0,out/conversions/v2/ai231-fil50/audio/vcm/vcm_train_gap001255.wav,3.120,8.553,ok,,
vcm_train_gap001257,vcm,train,ref_tagalog5,Brightness 100 percent,BRIGHTNESS,,0,out/conversions/v2/ai231-fil50/audio/vcm/vcm_train_gap001257.wav,2.440,6.401,ok,,
vcm_train_gap001259,vcm,train,ref_tagalog7,Brightness 100 percent,BRIGHTNESS,,0,out/conversions/v2/ai231-fil50/audio/vcm/vcm_train_gap001259.wav,2.720,7.757,ok,,
vcm_train_gap001261,vcm,train,ref_tagalog9,Brightness 100 percent,BRIGHTNESS,,0,out/conversions/v2/ai231-fil50/audio/vcm/vcm_train_gap001261.wav,2.200,7.023,ok,,
vcm_train_gap001263,vcm,train,ref_tagalog1,Brightness 100 percent,BRIGHTNESS,,0,out/conversions/v2/ai231-fil50/audio/vcm/vcm_train_gap001263.wav,2.200,7.101,ok,,
vcm_train_gap001265,vcm,train,ref_tagalog13,Brightness 100 percent,BRIGHTNESS,,0,out/conversions/v2/ai231-fil50/audio/vcm/vcm_train_gap001265.wav,4.000,9.435,ok,,
vcm_train_gap001267,vcm,train,ref_tagalog8,Brightness 100 percent,BRIGHTNESS,,0,out/conversions/v2/ai231-fil50/audio/vcm/vcm_train_gap001267.wav,2.520,7.097,ok,,
vcm_train_gap001269,vcm,train,ref_tagalog15,Brightness 100 percent,BRIGHTNESS,,0,out/conversions/v2/ai231-fil50/audio/vcm/vcm_train_gap001269.wav,2.800,7.591,ok,,
vcm_train_gap001271,vcm,train,ref_tagalog12,Brightness 100 percent,BRIGHTNESS,,0,out/conversions/v2/ai231-fil50/audio/vcm/vcm_train_gap001271.wav,2.920,9.169,ok,,
vcm_train_gap001273,vcm,train,ref_tagalog6,Brightness 100 percent,BRIGHTNESS,,0,out/conversions/v2/ai231-fil50/audio/vcm/vcm_train_gap001273.wav,1.960,7.015,ok,,
vcm_train_gap001275,vcm,train,ref_tagalog10,Brightness 100 percent,BRIGHTNESS,,0,out/conversions/v2/ai231-fil50/audio/vcm/vcm_train_gap001275.wav,2.120,6.982,ok,,
vcm_train_gap001277,vcm,train,ref_tagalog11,Brightness 100 percent,BRIGHTNESS,,0,out/conversions/v2/ai231-fil50/audio/vcm/vcm_train_gap001277.wav,2.480,6.742,ok,,
vcm_train_gap001279,vcm,train,ref_tagalog3,Brightness 100 percent,BRIGHTNESS,,0,out/conversions/v2/ai231-fil50/audio/vcm/vcm_train_gap001279.wav,2.760,7.670,ok,,
vcm_train_gap001281,vcm,train,ref_tagalog2,Brightness 100 percent,BRIGHTNESS,,0,out/conversions/v2/ai231-fil50/audio/vcm/vcm_train_gap001281.wav,2.360,7.202,ok,,
vcm_train_gap001283,vcm,train,ref_tagalog4,Brightness 100 percent,BRIGHTNESS,,0,out/conversions/v2/ai231-fil50/audio/vcm/vcm_train_gap001283.wav,2.000,5.076,ok,,
vcm_train_gap001285,vcm,train,ref_tagalog14,Brightness 100 percent,BRIGHTNESS,,0,out/conversions/v2/ai231-fil50/audio/vcm/vcm_train_gap001285.wav,2.520,7.602,ok,,
vcm_train_gap001287,vcm,train,ref_tagalog16,Brightness 100 percent,BRIGHTNESS,,0,out/conversions/v2/ai231-fil50/audio/vcm/vcm_train_gap001287.wav,2.080,7.419,ok,,
vcm_train_gap001289,vcm,train,ref_ilonggo1,Brightness 100 percent,BRIGHTNESS,,0,out/conversions/v2/ai231-fil50/audio/vcm/vcm_train_gap001289.wav,2.640,8.158,ok,,
vcm_train_gap001291,vcm,train,ref_tagalog5,Brightness 100 percent,BRIGHTNESS,,0,out/conversions/v2/ai231-fil50/audio/vcm/vcm_train_gap001291.wav,2.440,7.254,ok,,
vcm_train_gap001293,vcm,train,ref_tagalog7,Brightness 100 percent,BRIGHTNESS,,0,out/conversions/v2/ai231-fil50/audio/vcm/vcm_train_gap001293.wav,2.160,6.123,ok,,
vcm_train_gap001295,vcm,train,ref_tagalog9,Brightness 100 percent,BRIGHTNESS,,0,out/conversions/v2/ai231-fil50/audio/vcm/vcm_train_gap001295.wav,2.600,8.388,ok,,
vcm_train_gap001297,vcm,train,ref_tagalog1,Brightness 100 percent,BRIGHTNESS,,0,out/conversions/v2/ai231-fil50/audio/vcm/vcm_train_gap001297.wav,1.760,8.251,ok,,
vcm_train_gap001299,vcm,train,ref_tagalog13,Brightness 100 percent,BRIGHTNESS,,0,out/conversions/v2/ai231-fil50/audio/vcm/vcm_train_gap001299.wav,4.000,11.083,ok,,
vcm_train_gap001301,vcm,train,ref_tagalog8,Brightness 100 percent,BRIGHTNESS,,0,out/conversions/v2/ai231-fil50/audio/vcm/vcm_train_gap001301.wav,2.960,10.493,ok,,
vcm_train_gap001303,vcm,train,ref_tagalog15,Brightness 100 percent,BRIGHTNESS,,0,out/conversions/v2/ai231-fil50/audio/vcm/vcm_train_gap001303.wav,2.520,9.390,ok,,
vcm_train_gap001305,vcm,train,ref_tagalog12,Brightness 100 percent,BRIGHTNESS,,0,out/conversions/v2/ai231-fil50/audio/vcm/vcm_train_gap001305.wav,2.480,8.296,ok,,
vcm_train_gap001307,vcm,train,ref_tagalog6,Brightness 100 percent,BRIGHTNESS,,0,out/conversions/v2/ai231-fil50/audio/vcm/vcm_train_gap001307.wav,2.560,6.773,ok,,
vcm_train_gap001309,vcm,train,ref_tagalog10,Brightness 100 percent,BRIGHTNESS,,0,out/conversions/v2/ai231-fil50/audio/vcm/vcm_train_gap001309.wav,2.360,6.934,ok,,
vcm_train_gap001311,vcm,train,ref_tagalog11,Brightness 100 percent,BRIGHTNESS,,0,out/conversions/v2/ai231-fil50/audio/vcm/vcm_train_gap001311.wav,2.680,6.992,ok,,
vcm_train_gap001313,vcm,train,ref_tagalog3,Brightness 100 percent,BRIGHTNESS,,0,out/conversions/v2/ai231-fil50/audio/vcm/vcm_train_gap001313.wav,2.600,7.319,ok,,
vcm_train_gap001315,vcm,train,ref_tagalog2,Brightness 100 percent,BRIGHTNESS,,0,out/conversions/v2/ai231-fil50/audio/vcm/vcm_train_gap001315.wav,2.240,9.697,ok,,
vcm_train_gap001317,vcm,train,ref_tagalog4,Brightness 100 percent,BRIGHTNESS,,0,out/conversions/v2/ai231-fil50/audio/vcm/vcm_train_gap001317.wav,2.280,8.465,ok,,
vcm_train_gap001319,vcm,train,ref_tagalog14,Brightness 100 percent,BRIGHTNESS,,0,out/conversions/v2/ai231-fil50/audio/vcm/vcm_train_gap001319.wav,2.440,7.783,ok,,
vcm_train_gap001321,vcm,train,ref_tagalog16,Brightness 100 percent,BRIGHTNESS,,0,out/conversions/v2/ai231-fil50/audio/vcm/vcm_train_gap001321.wav,2.560,7.150,ok,,
vcm_train_gap001323,vcm,train,ref_ilonggo1,Brightness 100 percent,BRIGHTNESS,,0,out/conversions/v2/ai231-fil50/audio/vcm/vcm_train_gap001323.wav,2.320,6.597,ok,,
vcm_train_gap001325,vcm,train,ref_tagalog5,Brightness 100 percent,BRIGHTNESS,,0,out/conversions/v2/ai231-fil50/audio/vcm/vcm_train_gap001325.wav,2.880,6.718,ok,,
vcm_train_gap001327,vcm,train,ref_tagalog7,Brightness 100 percent,BRIGHTNESS,,0,out/conversions/v2/ai231-fil50/audio/vcm/vcm_train_gap001327.wav,2.720,7.327,ok,,
vcm_train_gap001329,vcm,train,ref_tagalog9,Brightness 100 percent,BRIGHTNESS,,0,out/conversions/v2/ai231-fil50/audio/vcm/vcm_train_gap001329.wav,1.800,6.531,ok,,
vcm_train_gap001331,vcm,train,ref_tagalog1,Brightness 100 percent,BRIGHTNESS,,0,out/conversions/v2/ai231-fil50/audio/vcm/vcm_train_gap001331.wav,2.120,7.600,ok,,
vcm_train_gap001333,vcm,train,ref_tagalog13,Brightness 100 percent,BRIGHTNESS,,0,out/conversions/v2/ai231-fil50/audio/vcm/vcm_train_gap001333.wav,4.000,12.111,ok,,
vcm_train_gap001335,vcm,train,ref_tagalog8,Brightness 100 percent,BRIGHTNESS,,0,out/conversions/v2/ai231-fil50/audio/vcm/vcm_train_gap001335.wav,2.560,7.051,ok,,
vcm_train_gap001337,vcm,train,ref_tagalog15,Brightness 100 percent,BRIGHTNESS,,0,out/conversions/v2/ai231-fil50/audio/vcm/vcm_train_gap001337.wav,2.520,6.780,ok,,
vcm_train_gap001339,vcm,train,ref_tagalog12,Brightness 100 percent,BRIGHTNESS,,0,out/conversions/v2/ai231-fil50/audio/vcm/vcm_train_gap001339.wav,2.640,8.180,ok,,
vcm_train_gap001341,vcm,train,ref_tagalog6,Brightness 100 percent,BRIGHTNESS,,0,out/conversions/v2/ai231-fil50/audio/vcm/vcm_train_gap001341.wav,2.360,6.850,ok,,
vcm_train_gap001343,vcm,train,ref_tagalog10,Brightness 100 percent,BRIGHTNESS,,0,out/conversions/v2/ai231-fil50/audio/vcm/vcm_train_gap001343.wav,2.080,6.876,ok,,
vcm_train_gap001345,vcm,train,ref_tagalog11,Brightness 100 percent,BRIGHTNESS,,0,out/conversions/v2/ai231-fil50/audio/vcm/vcm_train_gap001345.wav,2.480,8.107,ok,,
vcm_train_gap001347,vcm,train,ref_tagalog3,Brightness 100 percent,BRIGHTNESS,,0,out/conversions/v2/ai231-fil50/audio/vcm/vcm_train_gap001347.wav,2.240,6.409,ok,,
vcm_train_gap001349,vcm,train,ref_tagalog2,Brightness 100 percent,BRIGHTNESS,,0,out/conversions/v2/ai231-fil50/audio/vcm/vcm_train_gap001349.wav,2.240,6.241,ok,,
vcm_train_gap001351,vcm,train,ref_tagalog4,Brightness 100 percent,BRIGHTNESS,,0,out/conversions/v2/ai231-fil50/audio/vcm/vcm_train_gap001351.wav,2.760,7.185,ok,,
vcm_train_gap001353,vcm,train,ref_tagalog14,Brightness 100 percent,BRIGHTNESS,,0,out/conversions/v2/ai231-fil50/audio/vcm/vcm_train_gap001353.wav,2.560,7.125,ok,,
vcm_train_gap001355,vcm,train,ref_tagalog16,Brightness 100 percent,BRIGHTNESS,,0,out/conversions/v2/ai231-fil50/audio/vcm/vcm_train_gap001355.wav,2.160,6.015,ok,,
vcm_train_gap001357,vcm,train,ref_ilonggo1,Brightness 100 percent,BRIGHTNESS,,0,out/conversions/v2/ai231-fil50/audio/vcm/vcm_train_gap001357.wav,2.520,6.981,ok,,
vcm_train_gap001359,vcm,train,ref_tagalog5,Brightness 100 percent,BRIGHTNESS,,0,out/conversions/v2/ai231-fil50/audio/vcm/vcm_train_gap001359.wav,2.640,6.847,ok,,
vcm_train_gap001361,vcm,train,ref_tagalog7,Brightness 100 percent,BRIGHTNESS,,0,out/conversions/v2/ai231-fil50/audio/vcm/vcm_train_gap001361.wav,3.040,7.538,ok,,
vcm_train_gap001363,vcm,train,ref_tagalog9,Adjust brightness to 20 percent,BRIGHTNESS,,0,out/conversions/v2/ai231-fil50/audio/vcm/vcm_train_gap001363.wav,2.840,7.873,ok,,
vcm_train_gap001365,vcm,train,ref_tagalog1,Adjust brightness to 20 percent,BRIGHTNESS,,0,out/conversions/v2/ai231-fil50/audio/vcm/vcm_train_gap001365.wav,2.120,7.124,ok,,
vcm_train_gap001367,vcm,train,ref_tagalog13,Adjust brightness to 20 percent,BRIGHTNESS,,0,out/conversions/v2/ai231-fil50/audio/vcm/vcm_train_gap001367.wav,4.360,10.002,ok,,
vcm_train_gap001369,vcm,train,ref_tagalog8,Adjust brightness to 20 percent,BRIGHTNESS,,0,out/conversions/v2/ai231-fil50/audio/vcm/vcm_train_gap001369.wav,2.920,7.602,ok,,
vcm_train_gap001371,vcm,train,ref_tagalog15,Adjust brightness to 60 percent,BRIGHTNESS,,0,out/conversions/v2/ai231-fil50/audio/vcm/vcm_train_gap001371.wav,3.240,8.902,ok,,
vcm_train_gap001373,vcm,train,ref_tagalog12,Adjust brightness to 60 percent,BRIGHTNESS,,0,out/conversions/v2/ai231-fil50/audio/vcm/vcm_train_gap001373.wav,2.880,7.031,ok,,
vcm_train_gap001375,vcm,train,ref_tagalog6,Adjust brightness to 60 percent,BRIGHTNESS,,0,out/conversions/v2/ai231-fil50/audio/vcm/vcm_train_gap001375.wav,2.840,6.967,ok,,
vcm_train_gap001377,vcm,train,ref_tagalog10,Adjust brightness to 100 percent,BRIGHTNESS,,0,out/conversions/v2/ai231-fil50/audio/vcm/vcm_train_gap001377.wav,2.760,7.069,ok,,
vcm_train_gap001379,vcm,train,ref_tagalog11,Adjust brightness to 100 percent,BRIGHTNESS,,0,out/conversions/v2/ai231-fil50/audio/vcm/vcm_train_gap001379.wav,3.120,6.781,ok,,
vcm_train_gap001381,vcm,train,ref_tagalog3,Adjust brightness to 100 percent,BRIGHTNESS,,0,out/conversions/v2/ai231-fil50/audio/vcm/vcm_train_gap001381.wav,3.480,8.251,ok,,
vcm_train_gap001383,vcm,train,ref_tagalog2,Adjust brightness to 100 percent,BRIGHTNESS,,0,out/conversions/v2/ai231-fil50/audio/vcm/vcm_train_gap001383.wav,2.840,7.335,ok,,
vcm_train_gap001385,vcm,train,ref_tagalog4,Adjust brightness to 100 percent,BRIGHTNESS,,0,out/conversions/v2/ai231-fil50/audio/vcm/vcm_train_gap001385.wav,3.120,8.144,ok,,
vcm_train_gap001387,vcm,train,ref_tagalog14,Adjust brightness to 100 percent,BRIGHTNESS,,0,out/conversions/v2/ai231-fil50/audio/vcm/vcm_train_gap001387.wav,4.240,9.459,ok,,
vcm_train_gap001389,vcm,train,ref_tagalog16,Adjust brightness to 100 percent,BRIGHTNESS,,0,out/conversions/v2/ai231-fil50/audio/vcm/vcm_train_gap001389.wav,3.440,7.996,ok,,
vcm_train_gap001391,vcm,train,ref_ilonggo1,Brightness level 20 percent,BRIGHTNESS,,0,out/conversions/v2/ai231-fil50/audio/vcm/vcm_train_gap001391.wav,2.760,6.937,ok,,
vcm_train_gap001393,vcm,train,ref_tagalog5,Brightness level 20 percent,BRIGHTNESS,,0,out/conversions/v2/ai231-fil50/audio/vcm/vcm_train_gap001393.wav,2.720,6.343,ok,,
vcm_train_gap001395,vcm,train,ref_tagalog7,Brightness level 20 percent,BRIGHTNESS,,0,out/conversions/v2/ai231-fil50/audio/vcm/vcm_train_gap001395.wav,2.960,7.254,ok,,
vcm_train_gap001397,vcm,train,ref_tagalog9,Brightness level 20 percent,BRIGHTNESS,,0,out/conversions/v2/ai231-fil50/audio/vcm/vcm_train_gap001397.wav,2.520,6.544,ok,,
vcm_train_gap001399,vcm,train,ref_tagalog1,Brightness level 20 percent,BRIGHTNESS,,0,out/conversions/v2/ai231-fil50/audio/vcm/vcm_train_gap001399.wav,2.720,7.013,ok,,
vcm_train_gap001401,vcm,train,ref_tagalog13,Brightness level 20 percent,BRIGHTNESS,,0,out/conversions/v2/ai231-fil50/audio/vcm/vcm_train_gap001401.wav,4.000,8.430,ok,,
vcm_train_gap001403,vcm,train,ref_tagalog8,Brightness level 20 percent,BRIGHTNESS,,0,out/conversions/v2/ai231-fil50/audio/vcm/vcm_train_gap001403.wav,2.840,6.997,ok,,
vcm_train_gap001405,vcm,train,ref_tagalog15,Brightness level 20 percent,BRIGHTNESS,,0,out/conversions/v2/ai231-fil50/audio/vcm/vcm_train_gap001405.wav,2.560,6.611,ok,,
vcm_train_gap001407,vcm,train,ref_tagalog12,Brightness level 20 percent,BRIGHTNESS,,0,out/conversions/v2/ai231-fil50/audio/vcm/vcm_train_gap001407.wav,3.040,7.229,ok,,
vcm_train_gap001409,vcm,train,ref_tagalog6,Brightness level 20 percent,BRIGHTNESS,,0,out/conversions/v2/ai231-fil50/audio/vcm/vcm_train_gap001409.wav,2.400,6.887,ok,,
vcm_train_gap001411,vcm,train,ref_tagalog10,Brightness level 20 percent,BRIGHTNESS,,0,out/conversions/v2/ai231-fil50/audio/vcm/vcm_train_gap001411.wav,2.640,6.746,ok,,
vcm_train_gap001413,vcm,train,ref_tagalog11,Brightness level 20 percent,BRIGHTNESS,,0,out/conversions/v2/ai231-fil50/audio/vcm/vcm_train_gap001413.wav,2.640,6.683,ok,,
vcm_train_gap001415,vcm,train,ref_tagalog3,Brightness level 20 percent,BRIGHTNESS,,0,out/conversions/v2/ai231-fil50/audio/vcm/vcm_train_gap001415.wav,3.560,5.556,ok,,
vcm_train_gap001417,vcm,train,ref_tagalog2,Brightness level 20 percent,BRIGHTNESS,,0,out/conversions/v2/ai231-fil50/audio/vcm/vcm_train_gap001417.wav,2.720,6.626,ok,,
vcm_train_gap001419,vcm,train,ref_tagalog4,Brightness level 60 percent,BRIGHTNESS,,0,out/conversions/v2/ai231-fil50/audio/vcm/vcm_train_gap001419.wav,2.480,7.683,ok,,
vcm_train_gap001421,vcm,train,ref_tagalog14,Brightness level 60 percent,BRIGHTNESS,,0,out/conversions/v2/ai231-fil50/audio/vcm/vcm_train_gap001421.wav,3.280,8.080,ok,,
vcm_train_gap001423,vcm,train,ref_tagalog16,Brightness level 60 percent,BRIGHTNESS,,0,out/conversions/v2/ai231-fil50/audio/vcm/vcm_train_gap001423.wav,2.560,6.884,ok,,
vcm_train_gap001425,vcm,train,ref_ilonggo1,Brightness level 60 percent,BRIGHTNESS,,0,out/conversions/v2/ai231-fil50/audio/vcm/vcm_train_gap001425.wav,3.360,8.082,ok,,
vcm_train_gap001427,vcm,train,ref_tagalog5,Brightness level 60 percent,BRIGHTNESS,,0,out/conversions/v2/ai231-fil50/audio/vcm/vcm_train_gap001427.wav,2.600,6.832,ok,,
vcm_train_gap001429,vcm,train,ref_tagalog7,Brightness level 60 percent,BRIGHTNESS,,0,out/conversions/v2/ai231-fil50/audio/vcm/vcm_train_gap001429.wav,3.040,7.909,ok,,
vcm_train_gap001431,vcm,train,ref_tagalog9,Brightness level 60 percent,BRIGHTNESS,,0,out/conversions/v2/ai231-fil50/audio/vcm/vcm_train_gap001431.wav,2.920,7.749,ok,,
vcm_train_gap001433,vcm,train,ref_tagalog1,Brightness level 60 percent,BRIGHTNESS,,0,out/conversions/v2/ai231-fil50/audio/vcm/vcm_train_gap001433.wav,3.200,8.079,ok,,
vcm_train_gap001435,vcm,train,ref_tagalog13,Brightness level 60 percent,BRIGHTNESS,,0,out/conversions/v2/ai231-fil50/audio/vcm/vcm_train_gap001435.wav,4.000,8.848,ok,,
vcm_train_gap001437,vcm,train,ref_tagalog8,Brightness level 60 percent,BRIGHTNESS,,0,out/conversions/v2/ai231-fil50/audio/vcm/vcm_train_gap001437.wav,2.520,6.562,ok,,
vcm_train_gap001439,vcm,train,ref_tagalog15,Brightness level 60 percent,BRIGHTNESS,,0,out/conversions/v2/ai231-fil50/audio/vcm/vcm_train_gap001439.wav,3.120,6.954,ok,,
vcm_train_gap001441,vcm,train,ref_tagalog12,Brightness level 60 percent,BRIGHTNESS,,0,out/conversions/v2/ai231-fil50/audio/vcm/vcm_train_gap001441.wav,3.160,7.719,ok,,
vcm_train_gap001443,vcm,train,ref_tagalog6,Brightness level 60 percent,BRIGHTNESS,,0,out/conversions/v2/ai231-fil50/audio/vcm/vcm_train_gap001443.wav,2.400,6.560,ok,,
vcm_train_gap001445,vcm,train,ref_tagalog10,Brightness level 100 percent,BRIGHTNESS,,0,out/conversions/v2/ai231-fil50/audio/vcm/vcm_train_gap001445.wav,2.800,7.695,ok,,
vcm_train_gap001447,vcm,train,ref_tagalog11,Brightness level 100 percent,BRIGHTNESS,,0,out/conversions/v2/ai231-fil50/audio/vcm/vcm_train_gap001447.wav,2.920,7.248,ok,,
vcm_train_gap001449,vcm,train,ref_tagalog3,Brightness level 100 percent,BRIGHTNESS,,0,out/conversions/v2/ai231-fil50/audio/vcm/vcm_train_gap001449.wav,3.160,7.837,ok,,
vcm_train_gap001451,vcm,train,ref_tagalog2,Brightness level 100 percent,BRIGHTNESS,,0,out/conversions/v2/ai231-fil50/audio/vcm/vcm_train_gap001451.wav,2.800,7.490,ok,,
vcm_train_gap001453,vcm,train,ref_tagalog4,Brightness level 100 percent,BRIGHTNESS,,0,out/conversions/v2/ai231-fil50/audio/vcm/vcm_train_gap001453.wav,2.840,7.820,ok,,
vcm_train_gap001455,vcm,train,ref_tagalog14,Brightness level 100 percent,BRIGHTNESS,,0,out/conversions/v2/ai231-fil50/audio/vcm/vcm_train_gap001455.wav,4.440,9.496,ok,,
vcm_train_gap001457,vcm,train,ref_tagalog16,Brightness level 100 percent,BRIGHTNESS,,0,out/conversions/v2/ai231-fil50/audio/vcm/vcm_train_gap001457.wav,2.280,6.954,ok,,
vcm_train_gap001459,vcm,train,ref_ilonggo1,Brightness level 100 percent,BRIGHTNESS,,0,out/conversions/v2/ai231-fil50/audio/vcm/vcm_train_gap001459.wav,3.320,7.866,ok,,
vcm_train_gap001461,vcm,train,ref_tagalog5,Brightness level 100 percent,BRIGHTNESS,,0,out/conversions/v2/ai231-fil50/audio/vcm/vcm_train_gap001461.wav,3.200,7.853,ok,,
vcm_train_gap001463,vcm,train,ref_tagalog7,Brightness level 100 percent,BRIGHTNESS,,0,out/conversions/v2/ai231-fil50/audio/vcm/vcm_train_gap001463.wav,2.960,6.744,ok,,
vcm_train_gap001465,vcm,train,ref_tagalog9,Brightness level 100 percent,BRIGHTNESS,,0,out/conversions/v2/ai231-fil50/audio/vcm/vcm_train_gap001465.wav,3.320,7.302,ok,,
vcm_train_gap001467,vcm,train,ref_tagalog1,Brightness level 100 percent,BRIGHTNESS,,0,out/conversions/v2/ai231-fil50/audio/vcm/vcm_train_gap001467.wav,3.200,7.197,ok,,
vcm_train_gap001469,vcm,train,ref_tagalog13,Brightness level 100 percent,BRIGHTNESS,,0,out/conversions/v2/ai231-fil50/audio/vcm/vcm_train_gap001469.wav,4.560,10.513,ok,,
vcm_train_gap001471,vcm,train,ref_tagalog8,Brightness level 100 percent,BRIGHTNESS,,0,out/conversions/v2/ai231-fil50/audio/vcm/vcm_train_gap001471.wav,3.320,8.745,ok,,
vcm_train_gap001473,vcm,train,ref_tagalog15,Brightness level 100 percent,BRIGHTNESS,,0,out/conversions/v2/ai231-fil50/audio/vcm/vcm_train_gap001473.wav,2.920,6.954,ok,,
vcm_train_gap001475,vcm,train,ref_tagalog12,Brightness level 100 percent,BRIGHTNESS,,0,out/conversions/v2/ai231-fil50/audio/vcm/vcm_train_gap001475.wav,3.200,8.754,ok,,
vcm_train_gap001477,vcm,train,ref_tagalog6,Change color to Red,COLOR,,0,out/conversions/v2/ai231-fil50/audio/vcm/vcm_train_gap001477.wav,2.200,6.630,ok,,
vcm_train_gap001479,vcm,train,ref_tagalog10,Change color to Red,COLOR,,0,out/conversions/v2/ai231-fil50/audio/vcm/vcm_train_gap001479.wav,2.640,6.998,ok,,
vcm_train_gap001481,vcm,train,ref_tagalog11,Change color to Red,COLOR,,0,out/conversions/v2/ai231-fil50/audio/vcm/vcm_train_gap001481.wav,2.120,6.530,ok,,
vcm_train_gap001483,vcm,train,ref_tagalog3,Change color to Red,COLOR,,0,out/conversions/v2/ai231-fil50/audio/vcm/vcm_train_gap001483.wav,2.360,7.698,ok,,
vcm_train_gap001485,vcm,train,ref_tagalog2,Change color to Red,COLOR,,0,out/conversions/v2/ai231-fil50/audio/vcm/vcm_train_gap001485.wav,1.600,5.530,ok,,
vcm_train_gap001487,vcm,train,ref_tagalog4,Change color to Red,COLOR,,0,out/conversions/v2/ai231-fil50/audio/vcm/vcm_train_gap001487.wav,2.120,7.230,ok,,
vcm_train_gap001489,vcm,train,ref_tagalog14,Change color to Red,COLOR,,0,out/conversions/v2/ai231-fil50/audio/vcm/vcm_train_gap001489.wav,3.920,10.438,ok,,
vcm_train_gap001491,vcm,train,ref_tagalog16,Change color to Red,COLOR,,0,out/conversions/v2/ai231-fil50/audio/vcm/vcm_train_gap001491.wav,2.320,6.410,ok,,
vcm_train_gap001493,vcm,train,ref_ilonggo1,Change color to Green,COLOR,,0,out/conversions/v2/ai231-fil50/audio/vcm/vcm_train_gap001493.wav,2.600,6.244,ok,,
vcm_train_gap001495,vcm,train,ref_tagalog5,Set color to Red,COLOR,,0,out/conversions/v2/ai231-fil50/audio/vcm/vcm_train_gap001495.wav,1.840,6.384,ok,,
vcm_train_gap001497,vcm,train,ref_tagalog7,Set color to Red,COLOR,,0,out/conversions/v2/ai231-fil50/audio/vcm/vcm_train_gap001497.wav,2.160,8.087,ok,,
vcm_train_gap001499,vcm,train,ref_tagalog9,Set color to Red,COLOR,,0,out/conversions/v2/ai231-fil50/audio/vcm/vcm_train_gap001499.wav,1.800,7.390,ok,,
vcm_train_gap001501,vcm,train,ref_tagalog1,Set color to Red,COLOR,,0,out/conversions/v2/ai231-fil50/audio/vcm/vcm_train_gap001501.wav,1.680,7.038,ok,,
vcm_train_gap001503,vcm,train,ref_tagalog13,Set color to Red,COLOR,,0,out/conversions/v2/ai231-fil50/audio/vcm/vcm_train_gap001503.wav,2.840,8.063,ok,,
vcm_train_gap001505,vcm,train,ref_tagalog8,Set color to Red,COLOR,,0,out/conversions/v2/ai231-fil50/audio/vcm/vcm_train_gap001505.wav,1.720,5.321,ok,,
vcm_train_gap001507,vcm,train,ref_tagalog15,Set color to Red,COLOR,,0,out/conversions/v2/ai231-fil50/audio/vcm/vcm_train_gap001507.wav,2.240,8.418,ok,,
vcm_train_gap001509,vcm,train,ref_tagalog12,Set color to Red,COLOR,,0,out/conversions/v2/ai231-fil50/audio/vcm/vcm_train_gap001509.wav,2.960,8.531,ok,,
vcm_train_gap001511,vcm,train,ref_tagalog6,Set color to Green,COLOR,,0,out/conversions/v2/ai231-fil50/audio/vcm/vcm_train_gap001511.wav,1.680,7.164,ok,,
vcm_train_gap001513,vcm,train,ref_tagalog10,Set color to Green,COLOR,,0,out/conversions/v2/ai231-fil50/audio/vcm/vcm_train_gap001513.wav,1.720,6.483,ok,,
vcm_train_gap001515,vcm,train,ref_tagalog11,Set color to Green,COLOR,,0,out/conversions/v2/ai231-fil50/audio/vcm/vcm_train_gap001515.wav,2.040,6.781,ok,,
vcm_train_gap001517,vcm,train,ref_tagalog3,Set color to Green,COLOR,,0,out/conversions/v2/ai231-fil50/audio/vcm/vcm_train_gap001517.wav,1.960,6.158,ok,,
vcm_train_gap001519,vcm,train,ref_tagalog2,Reminder Drink water,CREATE_REMINDER,,0,out/conversions/v2/ai231-fil50/audio/vcm/vcm_train_gap001519.wav,1.880,5.912,ok,,
vcm_train_gap001521,vcm,train,ref_tagalog4,Reminder Drink water,CREATE_REMINDER,,0,out/conversions/v2/ai231-fil50/audio/vcm/vcm_train_gap001521.wav,2.120,6.228,ok,,
vcm_train_gap001523,vcm,train,ref_tagalog14,Reminder Drink water,CREATE_REMINDER,,0,out/conversions/v2/ai231-fil50/audio/vcm/vcm_train_gap001523.wav,2.600,7.198,ok,,
vcm_train_gap001525,vcm,train,ref_tagalog16,Reminder Drink water,CREATE_REMINDER,,0,out/conversions/v2/ai231-fil50/audio/vcm/vcm_train_gap001525.wav,2.200,6.901,ok,,
vcm_train_gap001527,vcm,train,ref_ilonggo1,Reminder Drink water,CREATE_REMINDER,,0,out/conversions/v2/ai231-fil50/audio/vcm/vcm_train_gap001527.wav,2.120,6.104,ok,,
vcm_train_gap001529,vcm,train,ref_tagalog5,Reminder Drink water,CREATE_REMINDER,,0,out/conversions/v2/ai231-fil50/audio/vcm/vcm_train_gap001529.wav,2.680,6.309,ok,,
vcm_train_gap001531,vcm,train,ref_tagalog7,Reminder Drink water,CREATE_REMINDER,,0,out/conversions/v2/ai231-fil50/audio/vcm/vcm_train_gap001531.wav,2.120,6.451,ok,,
vcm_train_gap001533,vcm,train,ref_tagalog9,Reminder Drink water,CREATE_REMINDER,,0,out/conversions/v2/ai231-fil50/audio/vcm/vcm_train_gap001533.wav,2.240,7.778,ok,,
vcm_train_gap001535,vcm,train,ref_tagalog1,Reminder Drink water,CREATE_REMINDER,,0,out/conversions/v2/ai231-fil50/audio/vcm/vcm_train_gap001535.wav,1.640,6.064,ok,,
vcm_train_gap001537,vcm,train,ref_tagalog13,Reminder Drink water,CREATE_REMINDER,,0,out/conversions/v2/ai231-fil50/audio/vcm/vcm_train_gap001537.wav,3.200,8.496,ok,,
vcm_train_gap001539,vcm,train,ref_tagalog8,Reminder Drink water,CREATE_REMINDER,,0,out/conversions/v2/ai231-fil50/audio/vcm/vcm_train_gap001539.wav,1.680,5.772,ok,,
vcm_train_gap001541,vcm,train,ref_tagalog15,Reminder Drink water,CREATE_REMINDER,,0,out/conversions/v2/ai231-fil50/audio/vcm/vcm_train_gap001541.wav,2.200,6.846,ok,,
vcm_train_gap001543,vcm,train,ref_tagalog12,Reminder Drink water,CREATE_REMINDER,,0,out/conversions/v2/ai231-fil50/audio/vcm/vcm_train_gap001543.wav,2.360,7.709,ok,,
vcm_train_gap001545,vcm,train,ref_tagalog6,Reminder Drink water,CREATE_REMINDER,,0,out/conversions/v2/ai231-fil50/audio/vcm/vcm_train_gap001545.wav,1.800,6.884,ok,,
vcm_train_gap001547,vcm,train,ref_tagalog10,Reminder Drink water,CREATE_REMINDER,,0,out/conversions/v2/ai231-fil50/audio/vcm/vcm_train_gap001547.wav,2.320,7.617,ok,,
vcm_train_gap001549,vcm,train,ref_tagalog11,Reminder Drink water,CREATE_REMINDER,,0,out/conversions/v2/ai231-fil50/audio/vcm/vcm_train_gap001549.wav,2.840,4.965,ok,,
vcm_train_gap001551,vcm,train,ref_tagalog3,Reminder Drink water,CREATE_REMINDER,,0,out/conversions/v2/ai231-fil50/audio/vcm/vcm_train_gap001551.wav,2.920,7.886,ok,,
vcm_train_gap001553,vcm,train,ref_tagalog2,Reminder Drink water,CREATE_REMINDER,,0,out/conversions/v2/ai231-fil50/audio/vcm/vcm_train_gap001553.wav,2.360,7.587,ok,,
vcm_train_gap001555,vcm,train,ref_tagalog4,Reminder Drink water,CREATE_REMINDER,,0,out/conversions/v2/ai231-fil50/audio/vcm/vcm_train_gap001555.wav,2.200,7.016,ok,,
vcm_train_gap001557,vcm,train,ref_tagalog14,Reminder Drink water,CREATE_REMINDER,,0,out/conversions/v2/ai231-fil50/audio/vcm/vcm_train_gap001557.wav,2.800,7.238,ok,,
vcm_train_gap001559,vcm,train,ref_tagalog16,Reminder Drink water,CREATE_REMINDER,,0,out/conversions/v2/ai231-fil50/audio/vcm/vcm_train_gap001559.wav,2.760,7.672,ok,,
vcm_train_gap001561,vcm,train,ref_ilonggo1,Reminder Drink water,CREATE_REMINDER,,0,out/conversions/v2/ai231-fil50/audio/vcm/vcm_train_gap001561.wav,3.080,7.734,ok,,
vcm_train_gap001563,vcm,train,ref_tagalog5,Reminder Drink water,CREATE_REMINDER,,0,out/conversions/v2/ai231-fil50/audio/vcm/vcm_train_gap001563.wav,2.080,6.913,ok,,
vcm_train_gap001565,vcm,train,ref_tagalog7,Reminder Drink water,CREATE_REMINDER,,0,out/conversions/v2/ai231-fil50/audio/vcm/vcm_train_gap001565.wav,2.000,6.956,ok,,
vcm_train_gap001567,vcm,train,ref_tagalog9,Reminder Drink water,CREATE_REMINDER,,0,out/conversions/v2/ai231-fil50/audio/vcm/vcm_train_gap001567.wav,2.680,9.332,ok,,
vcm_train_gap001569,vcm,train,ref_tagalog1,Reminder Drink water,CREATE_REMINDER,,0,out/conversions/v2/ai231-fil50/audio/vcm/vcm_train_gap001569.wav,1.960,6.926,ok,,
vcm_train_gap001571,vcm,train,ref_tagalog13,Reminder Drink water,CREATE_REMINDER,,0,out/conversions/v2/ai231-fil50/audio/vcm/vcm_train_gap001571.wav,3.200,9.752,ok,,
vcm_train_gap001573,vcm,train,ref_tagalog8,Reminder Drink water,CREATE_REMINDER,,0,out/conversions/v2/ai231-fil50/audio/vcm/vcm_train_gap001573.wav,1.840,6.638,ok,,
vcm_train_gap001575,vcm,train,ref_tagalog15,Reminder Drink water,CREATE_REMINDER,,0,out/conversions/v2/ai231-fil50/audio/vcm/vcm_train_gap001575.wav,2.280,7.310,ok,,
vcm_train_gap001577,vcm,train,ref_tagalog12,Reminder Drink water,CREATE_REMINDER,,0,out/conversions/v2/ai231-fil50/audio/vcm/vcm_train_gap001577.wav,2.080,6.791,ok,,
vcm_train_gap001579,vcm,train,ref_tagalog6,Reminder Drink water,CREATE_REMINDER,,0,out/conversions/v2/ai231-fil50/audio/vcm/vcm_train_gap001579.wav,2.240,7.030,ok,,
vcm_train_gap001581,vcm,train,ref_tagalog10,Reminder Drink water,CREATE_REMINDER,,0,out/conversions/v2/ai231-fil50/audio/vcm/vcm_train_gap001581.wav,3.200,8.783,ok,,
vcm_train_gap001583,vcm,train,ref_tagalog11,Reminder Drink water,CREATE_REMINDER,,0,out/conversions/v2/ai231-fil50/audio/vcm/vcm_train_gap001583.wav,2.280,6.635,ok,,
vcm_train_gap001585,vcm,train,ref_tagalog3,Reminder Drink water,CREATE_REMINDER,,0,out/conversions/v2/ai231-fil50/audio/vcm/vcm_train_gap001585.wav,2.480,7.072,ok,,
vcm_train_gap001587,vcm,train,ref_tagalog2,Reminder Drink water,CREATE_REMINDER,,0,out/conversions/v2/ai231-fil50/audio/vcm/vcm_train_gap001587.wav,2.200,6.234,ok,,
vcm_train_gap001589,vcm,train,ref_tagalog4,Reminder Drink water,CREATE_REMINDER,,0,out/conversions/v2/ai231-fil50/audio/vcm/vcm_train_gap001589.wav,1.560,6.089,ok,,
vcm_train_gap001591,vcm,train,ref_tagalog14,Reminder Study,CREATE_REMINDER,,0,out/conversions/v2/ai231-fil50/audio/vcm/vcm_train_gap001591.wav,1.200,5.317,ok,,
vcm_train_gap001593,vcm,train,ref_tagalog16,Reminder Study,CREATE_REMINDER,,0,out/conversions/v2/ai231-fil50/audio/vcm/vcm_train_gap001593.wav,1.880,6.018,ok,,
vcm_train_gap001595,vcm,train,ref_ilonggo1,Reminder Study,CREATE_REMINDER,,0,out/conversions/v2/ai231-fil50/audio/vcm/vcm_train_gap001595.wav,2.400,6.659,ok,,
vcm_train_gap001597,vcm,train,ref_tagalog5,Reminder Study,CREATE_REMINDER,,0,out/conversions/v2/ai231-fil50/audio/vcm/vcm_train_gap001597.wav,1.720,5.277,ok,,
vcm_train_gap001599,vcm,train,ref_tagalog7,Reminder Study,CREATE_REMINDER,,0,out/conversions/v2/ai231-fil50/audio/vcm/vcm_train_gap001599.wav,2.320,6.197,ok,,
vcm_train_gap001601,vcm,train,ref_tagalog9,Reminder Study,CREATE_REMINDER,,0,out/conversions/v2/ai231-fil50/audio/vcm/vcm_train_gap001601.wav,2.400,6.742,ok,,
vcm_train_gap001603,vcm,train,ref_tagalog1,Reminder Study,CREATE_REMINDER,,0,out/conversions/v2/ai231-fil50/audio/vcm/vcm_train_gap001603.wav,1.520,7.045,ok,,
vcm_train_gap001605,vcm,train,ref_tagalog13,Reminder Study,CREATE_REMINDER,,0,out/conversions/v2/ai231-fil50/audio/vcm/vcm_train_gap001605.wav,2.400,7.380,ok,,
vcm_train_gap001607,vcm,train,ref_tagalog8,Reminder Study,CREATE_REMINDER,,0,out/conversions/v2/ai231-fil50/audio/vcm/vcm_train_gap001607.wav,1.840,6.558,ok,,
vcm_train_gap001609,vcm,train,ref_tagalog15,Reminder Study,CREATE_REMINDER,,0,out/conversions/v2/ai231-fil50/audio/vcm/vcm_train_gap001609.wav,1.480,5.984,ok,,
vcm_train_gap001611,vcm,train,ref_tagalog12,Reminder Study,CREATE_REMINDER,,0,out/conversions/v2/ai231-fil50/audio/vcm/vcm_train_gap001611.wav,2.200,7.025,ok,,
vcm_train_gap001613,vcm,train,ref_tagalog6,Reminder Study,CREATE_REMINDER,,0,out/conversions/v2/ai231-fil50/audio/vcm/vcm_train_gap001613.wav,2.400,7.321,ok,,
vcm_train_gap001615,vcm,train,ref_tagalog10,Reminder Study,CREATE_REMINDER,,0,out/conversions/v2/ai231-fil50/audio/vcm/vcm_train_gap001615.wav,2.240,5.917,ok,,
vcm_train_gap001617,vcm,train,ref_tagalog11,Reminder Study,CREATE_REMINDER,,0,out/conversions/v2/ai231-fil50/audio/vcm/vcm_train_gap001617.wav,2.040,5.590,ok,,
vcm_train_gap001619,vcm,train,ref_tagalog3,Reminder Study,CREATE_REMINDER,,0,out/conversions/v2/ai231-fil50/audio/vcm/vcm_train_gap001619.wav,1.760,7.059,ok,,
vcm_train_gap001621,vcm,train,ref_tagalog2,Reminder Study,CREATE_REMINDER,,0,out/conversions/v2/ai231-fil50/audio/vcm/vcm_train_gap001621.wav,1.760,6.992,ok,,
vcm_train_gap001623,vcm,train,ref_tagalog4,Reminder Study,CREATE_REMINDER,,0,out/conversions/v2/ai231-fil50/audio/vcm/vcm_train_gap001623.wav,1.600,6.212,ok,,
vcm_train_gap001625,vcm,train,ref_tagalog14,Reminder Study,CREATE_REMINDER,,0,out/conversions/v2/ai231-fil50/audio/vcm/vcm_train_gap001625.wav,1.400,6.548,ok,,
vcm_train_gap001627,vcm,train,ref_tagalog16,Reminder Study,CREATE_REMINDER,,0,out/conversions/v2/ai231-fil50/audio/vcm/vcm_train_gap001627.wav,2.400,7.831,ok,,
vcm_train_gap001629,vcm,train,ref_ilonggo1,Reminder Study,CREATE_REMINDER,,0,out/conversions/v2/ai231-fil50/audio/vcm/vcm_train_gap001629.wav,2.400,7.254,ok,,
vcm_train_gap001631,vcm,train,ref_tagalog5,Reminder Study,CREATE_REMINDER,,0,out/conversions/v2/ai231-fil50/audio/vcm/vcm_train_gap001631.wav,1.920,6.292,ok,,
vcm_train_gap001633,vcm,train,ref_tagalog7,Reminder Study,CREATE_REMINDER,,0,out/conversions/v2/ai231-fil50/audio/vcm/vcm_train_gap001633.wav,1.720,6.858,ok,,
vcm_train_gap001635,vcm,train,ref_tagalog9,Reminder Study,CREATE_REMINDER,,0,out/conversions/v2/ai231-fil50/audio/vcm/vcm_train_gap001635.wav,1.240,4.981,ok,,
vcm_train_gap001637,vcm,train,ref_tagalog1,Reminder Study,CREATE_REMINDER,,0,out/conversions/v2/ai231-fil50/audio/vcm/vcm_train_gap001637.wav,1.800,5.401,ok,,
vcm_train_gap001639,vcm,train,ref_tagalog13,Reminder Study,CREATE_REMINDER,,0,out/conversions/v2/ai231-fil50/audio/vcm/vcm_train_gap001639.wav,2.400,7.479,ok,,
vcm_train_gap001641,vcm,train,ref_tagalog8,Reminder Study,CREATE_REMINDER,,0,out/conversions/v2/ai231-fil50/audio/vcm/vcm_train_gap001641.wav,1.440,5.917,ok,,
vcm_train_gap001643,vcm,train,ref_tagalog15,Reminder Study,CREATE_REMINDER,,0,out/conversions/v2/ai231-fil50/audio/vcm/vcm_train_gap001643.wav,1.960,6.466,ok,,
vcm_train_gap001645,vcm,train,ref_tagalog12,Reminder Study,CREATE_REMINDER,,0,out/conversions/v2/ai231-fil50/audio/vcm/vcm_train_gap001645.wav,2.400,5.675,ok,,
vcm_train_gap001647,vcm,train,ref_tagalog6,Reminder Study,CREATE_REMINDER,,0,out/conversions/v2/ai231-fil50/audio/vcm/vcm_train_gap001647.wav,1.400,5.617,ok,,
vcm_train_gap001649,vcm,train,ref_tagalog10,Reminder Study,CREATE_REMINDER,,0,out/conversions/v2/ai231-fil50/audio/vcm/vcm_train_gap001649.wav,1.920,6.113,ok,,
vcm_train_gap001651,vcm,train,ref_tagalog11,Reminder Study,CREATE_REMINDER,,0,out/conversions/v2/ai231-fil50/audio/vcm/vcm_train_gap001651.wav,2.120,6.423,ok,,
vcm_train_gap001653,vcm,train,ref_tagalog3,Reminder Study,CREATE_REMINDER,,0,out/conversions/v2/ai231-fil50/audio/vcm/vcm_train_gap001653.wav,2.280,7.615,ok,,
vcm_train_gap001655,vcm,train,ref_tagalog2,Reminder Study,CREATE_REMINDER,,0,out/conversions/v2/ai231-fil50/audio/vcm/vcm_train_gap001655.wav,1.560,5.944,ok,,
vcm_train_gap001657,vcm,train,ref_tagalog4,Reminder Study,CREATE_REMINDER,,0,out/conversions/v2/ai231-fil50/audio/vcm/vcm_train_gap001657.wav,1.640,5.849,ok,,
vcm_train_gap001659,vcm,train,ref_tagalog14,Reminder Study,CREATE_REMINDER,,0,out/conversions/v2/ai231-fil50/audio/vcm/vcm_train_gap001659.wav,1.200,5.616,ok,,
vcm_train_gap001661,vcm,train,ref_tagalog16,Reminder Study,CREATE_REMINDER,,0,out/conversions/v2/ai231-fil50/audio/vcm/vcm_train_gap001661.wav,2.120,6.832,ok,,
vcm_train_gap001663,vcm,train,ref_ilonggo1,Reminder Study,CREATE_REMINDER,,0,out/conversions/v2/ai231-fil50/audio/vcm/vcm_train_gap001663.wav,2.160,6.831,ok,,
vcm_train_gap001665,vcm,train,ref_tagalog5,Reminder Study,CREATE_REMINDER,,0,out/conversions/v2/ai231-fil50/audio/vcm/vcm_train_gap001665.wav,1.680,5.712,ok,,
vcm_train_gap001667,vcm,train,ref_tagalog7,Reminder Study,CREATE_REMINDER,,0,out/conversions/v2/ai231-fil50/audio/vcm/vcm_train_gap001667.wav,2.040,6.849,ok,,
vcm_train_gap001669,vcm,train,ref_tagalog9,Reminder Study,CREATE_REMINDER,,0,out/conversions/v2/ai231-fil50/audio/vcm/vcm_train_gap001669.wav,1.880,6.045,ok,,
vcm_train_gap001671,vcm,train,ref_tagalog1,Reminder Study,CREATE_REMINDER,,0,out/conversions/v2/ai231-fil50/audio/vcm/vcm_train_gap001671.wav,1.680,5.815,ok,,
vcm_train_gap001673,vcm,train,ref_tagalog13,Reminder Study,CREATE_REMINDER,,0,out/conversions/v2/ai231-fil50/audio/vcm/vcm_train_gap001673.wav,1.680,6.195,ok,,
vcm_train_gap001675,vcm,train,ref_tagalog8,Reminder Study,CREATE_REMINDER,,0,out/conversions/v2/ai231-fil50/audio/vcm/vcm_train_gap001675.wav,1.520,5.603,ok,,
vcm_train_gap001677,vcm,train,ref_tagalog15,Reminder Study,CREATE_REMINDER,,0,out/conversions/v2/ai231-fil50/audio/vcm/vcm_train_gap001677.wav,1.760,5.903,ok,,
vcm_train_gap001679,vcm,train,ref_tagalog12,Reminder Study,CREATE_REMINDER,,0,out/conversions/v2/ai231-fil50/audio/vcm/vcm_train_gap001679.wav,2.000,6.010,ok,,
vcm_train_gap001681,vcm,train,ref_tagalog6,Reminder Study,CREATE_REMINDER,,0,out/conversions/v2/ai231-fil50/audio/vcm/vcm_train_gap001681.wav,1.480,5.442,ok,,
vcm_train_gap001683,vcm,train,ref_tagalog10,Reminder Study,CREATE_REMINDER,,0,out/conversions/v2/ai231-fil50/audio/vcm/vcm_train_gap001683.wav,2.400,6.709,ok,,
vcm_train_gap001685,vcm,train,ref_tagalog11,Reminder Study,CREATE_REMINDER,,0,out/conversions/v2/ai231-fil50/audio/vcm/vcm_train_gap001685.wav,2.400,5.650,ok,,
vcm_train_gap001687,vcm,train,ref_tagalog3,Reminder Study,CREATE_REMINDER,,0,out/conversions/v2/ai231-fil50/audio/vcm/vcm_train_gap001687.wav,2.400,5.815,ok,,
vcm_train_gap001689,vcm,train,ref_tagalog2,Reminder Study,CREATE_REMINDER,,0,out/conversions/v2/ai231-fil50/audio/vcm/vcm_train_gap001689.wav,2.080,4.731,ok,,
vcm_train_gap001691,vcm,train,ref_tagalog4,Reminder Study,CREATE_REMINDER,,0,out/conversions/v2/ai231-fil50/audio/vcm/vcm_train_gap001691.wav,2.240,6.886,ok,,
vcm_train_gap001693,vcm,train,ref_tagalog14,Reminder Study,CREATE_REMINDER,,0,out/conversions/v2/ai231-fil50/audio/vcm/vcm_train_gap001693.wav,1.880,5.720,ok,,
vcm_train_gap001695,vcm,train,ref_tagalog16,Reminder Study,CREATE_REMINDER,,0,out/conversions/v2/ai231-fil50/audio/vcm/vcm_train_gap001695.wav,1.760,5.601,ok,,
vcm_train_gap001697,vcm,train,ref_ilonggo1,Reminder Study,CREATE_REMINDER,,0,out/conversions/v2/ai231-fil50/audio/vcm/vcm_train_gap001697.wav,1.680,4.781,ok,,
vcm_train_gap001699,vcm,train,ref_tagalog5,Reminder Study,CREATE_REMINDER,,0,out/conversions/v2/ai231-fil50/audio/vcm/vcm_train_gap001699.wav,1.560,4.900,ok,,
vcm_train_gap001701,vcm,train,ref_tagalog7,Reminder Study,CREATE_REMINDER,,0,out/conversions/v2/ai231-fil50/audio/vcm/vcm_train_gap001701.wav,1.480,5.049,ok,,
vcm_train_gap001703,vcm,train,ref_tagalog9,Reminder Study,CREATE_REMINDER,,0,out/conversions/v2/ai231-fil50/audio/vcm/vcm_train_gap001703.wav,1.680,6.605,ok,,
vcm_train_gap001705,vcm,train,ref_tagalog1,Reminder Study,CREATE_REMINDER,,0,out/conversions/v2/ai231-fil50/audio/vcm/vcm_train_gap001705.wav,1.480,5.504,ok,,
vcm_train_gap001707,vcm,train,ref_tagalog13,Reminder Study,CREATE_REMINDER,,0,out/conversions/v2/ai231-fil50/audio/vcm/vcm_train_gap001707.wav,1.840,6.029,ok,,
vcm_train_gap001709,vcm,train,ref_tagalog8,Reminder Exercise,CREATE_REMINDER,,0,out/conversions/v2/ai231-fil50/audio/vcm/vcm_train_gap001709.wav,2.360,6.309,ok,,
vcm_train_gap001711,vcm,train,ref_tagalog15,Reminder Exercise,CREATE_REMINDER,,0,out/conversions/v2/ai231-fil50/audio/vcm/vcm_train_gap001711.wav,2.280,6.091,ok,,
vcm_train_gap001713,vcm,train,ref_tagalog12,Reminder Exercise,CREATE_REMINDER,,0,out/conversions/v2/ai231-fil50/audio/vcm/vcm_train_gap001713.wav,1.760,5.745,ok,,
vcm_train_gap001715,vcm,train,ref_tagalog6,Reminder Exercise,CREATE_REMINDER,,0,out/conversions/v2/ai231-fil50/audio/vcm/vcm_train_gap001715.wav,2.400,6.056,ok,,
vcm_train_gap001717,vcm,train,ref_tagalog10,Reminder Exercise,CREATE_REMINDER,,0,out/conversions/v2/ai231-fil50/audio/vcm/vcm_train_gap001717.wav,2.400,6.151,ok,,
vcm_train_gap001719,vcm,train,ref_tagalog11,Reminder Exercise,CREATE_REMINDER,,0,out/conversions/v2/ai231-fil50/audio/vcm/vcm_train_gap001719.wav,2.000,5.265,ok,,
vcm_train_gap001721,vcm,train,ref_tagalog3,Reminder Exercise,CREATE_REMINDER,,0,out/conversions/v2/ai231-fil50/audio/vcm/vcm_train_gap001721.wav,2.400,5.712,ok,,
vcm_train_gap001723,vcm,train,ref_tagalog2,Reminder Exercise,CREATE_REMINDER,,0,out/conversions/v2/ai231-fil50/audio/vcm/vcm_train_gap001723.wav,2.240,5.581,ok,,
vcm_train_gap001725,vcm,train,ref_tagalog4,Reminder Exercise,CREATE_REMINDER,,0,out/conversions/v2/ai231-fil50/audio/vcm/vcm_train_gap001725.wav,2.160,6.853,ok,,
vcm_train_gap001727,vcm,train,ref_tagalog14,Reminder Exercise,CREATE_REMINDER,,0,out/conversions/v2/ai231-fil50/audio/vcm/vcm_train_gap001727.wav,2.000,6.113,ok,,
vcm_train_gap001729,vcm,train,ref_tagalog16,Reminder Exercise,CREATE_REMINDER,,0,out/conversions/v2/ai231-fil50/audio/vcm/vcm_train_gap001729.wav,2.400,7.223,ok,,
vcm_train_gap001731,vcm,train,ref_ilonggo1,Reminder Exercise,CREATE_REMINDER,,0,out/conversions/v2/ai231-fil50/audio/vcm/vcm_train_gap001731.wav,2.400,7.166,ok,,
vcm_train_gap001733,vcm,train,ref_tagalog5,Reminder Exercise,CREATE_REMINDER,,0,out/conversions/v2/ai231-fil50/audio/vcm/vcm_train_gap001733.wav,1.960,5.563,ok,,
vcm_train_gap001735,vcm,train,ref_tagalog7,Reminder Exercise,CREATE_REMINDER,,0,out/conversions/v2/ai231-fil50/audio/vcm/vcm_train_gap001735.wav,2.200,5.847,ok,,
vcm_train_gap001737,vcm,train,ref_tagalog9,Reminder Exercise,CREATE_REMINDER,,0,out/conversions/v2/ai231-fil50/audio/vcm/vcm_train_gap001737.wav,1.960,6.432,ok,,
vcm_train_gap001739,vcm,train,ref_tagalog1,Reminder Exercise,CREATE_REMINDER,,0,out/conversions/v2/ai231-fil50/audio/vcm/vcm_train_gap001739.wav,2.040,5.834,ok,,
vcm_train_gap001741,vcm,train,ref_tagalog13,Reminder Exercise,CREATE_REMINDER,,0,out/conversions/v2/ai231-fil50/audio/vcm/vcm_train_gap001741.wav,2.400,6.685,ok,,
vcm_train_gap001743,vcm,train,ref_tagalog8,Reminder Exercise,CREATE_REMINDER,,0,out/conversions/v2/ai231-fil50/audio/vcm/vcm_train_gap001743.wav,1.920,4.943,ok,,
vcm_train_gap001745,vcm,train,ref_tagalog15,Reminder Exercise,CREATE_REMINDER,,0,out/conversions/v2/ai231-fil50/audio/vcm/vcm_train_gap001745.wav,2.280,6.199,ok,,
vcm_train_gap001747,vcm,train,ref_tagalog12,Reminder Exercise,CREATE_REMINDER,,0,out/conversions/v2/ai231-fil50/audio/vcm/vcm_train_gap001747.wav,2.400,5.970,ok,,
vcm_train_gap001749,vcm,train,ref_tagalog6,Reminder Exercise,CREATE_REMINDER,,0,out/conversions/v2/ai231-fil50/audio/vcm/vcm_train_gap001749.wav,2.120,6.384,ok,,
vcm_train_gap001751,vcm,train,ref_tagalog10,Reminder Exercise,CREATE_REMINDER,,0,out/conversions/v2/ai231-fil50/audio/vcm/vcm_train_gap001751.wav,2.360,6.653,ok,,
vcm_train_gap001753,vcm,train,ref_tagalog11,Reminder Exercise,CREATE_REMINDER,,0,out/conversions/v2/ai231-fil50/audio/vcm/vcm_train_gap001753.wav,2.400,5.774,ok,,
vcm_train_gap001755,vcm,train,ref_tagalog3,Reminder Exercise,CREATE_REMINDER,,0,out/conversions/v2/ai231-fil50/audio/vcm/vcm_train_gap001755.wav,2.040,5.245,ok,,
vcm_train_gap001757,vcm,train,ref_tagalog2,Reminder Exercise,CREATE_REMINDER,,0,out/conversions/v2/ai231-fil50/audio/vcm/vcm_train_gap001757.wav,2.160,5.582,ok,,
vcm_train_gap001759,vcm,train,ref_tagalog4,Reminder Exercise,CREATE_REMINDER,,0,out/conversions/v2/ai231-fil50/audio/vcm/vcm_train_gap001759.wav,1.960,5.278,ok,,
vcm_train_gap001761,vcm,train,ref_tagalog14,Reminder Exercise,CREATE_REMINDER,,0,out/conversions/v2/ai231-fil50/audio/vcm/vcm_train_gap001761.wav,2.160,4.720,ok,,
vcm_train_gap001763,vcm,train,ref_tagalog16,Reminder Exercise,CREATE_REMINDER,,0,out/conversions/v2/ai231-fil50/audio/vcm/vcm_train_gap001763.wav,1.840,4.753,ok,,
vcm_train_gap001765,vcm,train,ref_ilonggo1,Reminder Exercise,CREATE_REMINDER,,0,out/conversions/v2/ai231-fil50/audio/vcm/vcm_train_gap001765.wav,2.280,4.909,ok,,
vcm_train_gap001767,vcm,train,ref_tagalog5,Reminder Exercise,CREATE_REMINDER,,0,out/conversions/v2/ai231-fil50/audio/vcm/vcm_train_gap001767.wav,2.040,4.702,ok,,
vcm_train_gap001769,vcm,train,ref_tagalog7,Reminder Exercise,CREATE_REMINDER,,0,out/conversions/v2/ai231-fil50/audio/vcm/vcm_train_gap001769.wav,2.280,5.931,ok,,
vcm_train_gap001771,vcm,train,ref_tagalog9,Reminder Exercise,CREATE_REMINDER,,0,out/conversions/v2/ai231-fil50/audio/vcm/vcm_train_gap001771.wav,2.040,5.502,ok,,
vcm_train_gap001773,vcm,train,ref_tagalog1,Reminder Exercise,CREATE_REMINDER,,0,out/conversions/v2/ai231-fil50/audio/vcm/vcm_train_gap001773.wav,1.880,5.917,ok,,
vcm_train_gap001775,vcm,train,ref_tagalog13,Reminder Exercise,CREATE_REMINDER,,0,out/conversions/v2/ai231-fil50/audio/vcm/vcm_train_gap001775.wav,2.400,5.879,ok,,
vcm_train_gap001777,vcm,train,ref_tagalog8,Reminder Exercise,CREATE_REMINDER,,0,out/conversions/v2/ai231-fil50/audio/vcm/vcm_train_gap001777.wav,1.760,4.779,ok,,
vcm_train_gap001779,vcm,train,ref_tagalog15,Reminder Exercise,CREATE_REMINDER,,0,out/conversions/v2/ai231-fil50/audio/vcm/vcm_train_gap001779.wav,1.920,4.952,ok,,
vcm_train_gap001781,vcm,train,ref_tagalog12,Reminder Exercise,CREATE_REMINDER,,0,out/conversions/v2/ai231-fil50/audio/vcm/vcm_train_gap001781.wav,1.920,4.768,ok,,
vcm_train_gap001783,vcm,train,ref_tagalog6,Reminder Exercise,CREATE_REMINDER,,0,out/conversions/v2/ai231-fil50/audio/vcm/vcm_train_gap001783.wav,2.400,5.615,ok,,
vcm_train_gap001785,vcm,train,ref_tagalog10,Reminder Exercise,CREATE_REMINDER,,0,out/conversions/v2/ai231-fil50/audio/vcm/vcm_train_gap001785.wav,2.400,5.820,ok,,
vcm_train_gap001787,vcm,train,ref_tagalog11,Reminder Exercise,CREATE_REMINDER,,0,out/conversions/v2/ai231-fil50/audio/vcm/vcm_train_gap001787.wav,2.320,5.042,ok,,
vcm_train_gap001789,vcm,train,ref_tagalog3,Reminder Exercise,CREATE_REMINDER,,0,out/conversions/v2/ai231-fil50/audio/vcm/vcm_train_gap001789.wav,2.280,5.111,ok,,
vcm_train_gap001791,vcm,train,ref_tagalog2,Reminder Exercise,CREATE_REMINDER,,0,out/conversions/v2/ai231-fil50/audio/vcm/vcm_train_gap001791.wav,1.960,5.211,ok,,
vcm_train_gap001793,vcm,train,ref_tagalog4,Reminder Exercise,CREATE_REMINDER,,0,out/conversions/v2/ai231-fil50/audio/vcm/vcm_train_gap001793.wav,2.040,5.511,ok,,
vcm_train_gap001795,vcm,train,ref_tagalog14,Reminder Exercise,CREATE_REMINDER,,0,out/conversions/v2/ai231-fil50/audio/vcm/vcm_train_gap001795.wav,2.240,5.272,ok,,
vcm_train_gap001797,vcm,train,ref_tagalog16,Reminder Exercise,CREATE_REMINDER,,0,out/conversions/v2/ai231-fil50/audio/vcm/vcm_train_gap001797.wav,2.400,5.469,ok,,
vcm_train_gap001799,vcm,train,ref_ilonggo1,Reminder Exercise,CREATE_REMINDER,,0,out/conversions/v2/ai231-fil50/audio/vcm/vcm_train_gap001799.wav,1.960,4.650,ok,,
vcm_train_gap001801,vcm,train,ref_tagalog5,Reminder Exercise,CREATE_REMINDER,,0,out/conversions/v2/ai231-fil50/audio/vcm/vcm_train_gap001801.wav,1.920,4.718,ok,,
vcm_train_gap001803,vcm,train,ref_tagalog7,Reminder Exercise,CREATE_REMINDER,,0,out/conversions/v2/ai231-fil50/audio/vcm/vcm_train_gap001803.wav,2.240,5.257,ok,,
vcm_train_gap001805,vcm,train,ref_tagalog9,Reminder Exercise,CREATE_REMINDER,,0,out/conversions/v2/ai231-fil50/audio/vcm/vcm_train_gap001805.wav,1.640,4.797,ok,,
vcm_train_gap001807,vcm,train,ref_tagalog1,Reminder Exercise,CREATE_REMINDER,,0,out/conversions/v2/ai231-fil50/audio/vcm/vcm_train_gap001807.wav,2.240,5.556,ok,,
vcm_train_gap001809,vcm,train,ref_tagalog13,Reminder Exercise,CREATE_REMINDER,,0,out/conversions/v2/ai231-fil50/audio/vcm/vcm_train_gap001809.wav,2.400,5.875,ok,,
vcm_train_gap001811,vcm,train,ref_tagalog8,Reminder Exercise,CREATE_REMINDER,,0,out/conversions/v2/ai231-fil50/audio/vcm/vcm_train_gap001811.wav,2.040,5.125,ok,,
vcm_train_gap001813,vcm,train,ref_tagalog15,Reminder Exercise,CREATE_REMINDER,,0,out/conversions/v2/ai231-fil50/audio/vcm/vcm_train_gap001813.wav,2.200,5.260,ok,,
vcm_train_gap001815,vcm,train,ref_tagalog12,Reminder Exercise,CREATE_REMINDER,,0,out/conversions/v2/ai231-fil50/audio/vcm/vcm_train_gap001815.wav,2.400,5.768,ok,,
vcm_train_gap001817,vcm,train,ref_tagalog6,Remind me to Study,CREATE_REMINDER,,0,out/conversions/v2/ai231-fil50/audio/vcm/vcm_train_gap001817.wav,2.240,5.402,ok,,
vcm_train_gap001819,vcm,train,ref_tagalog10,Remind me to Study,CREATE_REMINDER,,0,out/conversions/v2/ai231-fil50/audio/vcm/vcm_train_gap001819.wav,2.120,5.399,ok,,
vcm_train_gap001821,vcm,train,ref_tagalog11,Remind me to Study,CREATE_REMINDER,,0,out/conversions/v2/ai231-fil50/audio/vcm/vcm_train_gap001821.wav,2.760,6.564,ok,,
vcm_train_gap001823,vcm,train,ref_tagalog3,Remind me to Study,CREATE_REMINDER,,0,out/conversions/v2/ai231-fil50/audio/vcm/vcm_train_gap001823.wav,2.040,5.177,ok,,
vcm_train_gap001825,vcm,train,ref_tagalog2,Remind me to Study,CREATE_REMINDER,,0,out/conversions/v2/ai231-fil50/audio/vcm/vcm_train_gap001825.wav,1.840,4.952,ok,,
vcm_train_gap001827,vcm,train,ref_tagalog4,Remind me to Exercise,CREATE_REMINDER,,0,out/conversions/v2/ai231-fil50/audio/vcm/vcm_train_gap001827.wav,1.720,5.659,ok,,
vcm_train_gap001829,vcm,train,ref_tagalog14,Remind me to Exercise,CREATE_REMINDER,,0,out/conversions/v2/ai231-fil50/audio/vcm/vcm_train_gap001829.wav,2.120,5.756,ok,,
vcm_train_gap001831,vcm,train,ref_tagalog16,Remind me to Exercise,CREATE_REMINDER,,0,out/conversions/v2/ai231-fil50/audio/vcm/vcm_train_gap001831.wav,2.360,5.459,ok,,
vcm_train_gap001833,vcm,train,ref_ilonggo1,Remind me to Exercise,CREATE_REMINDER,,0,out/conversions/v2/ai231-fil50/audio/vcm/vcm_train_gap001833.wav,2.680,6.649,ok,,
vcm_train_gap001835,vcm,train,ref_tagalog5,Remind me to Exercise,CREATE_REMINDER,,0,out/conversions/v2/ai231-fil50/audio/vcm/vcm_train_gap001835.wav,2.800,6.277,ok,,
vcm_train_gap001837,vcm,train,ref_tagalog7,Remind me to Exercise,CREATE_REMINDER,,0,out/conversions/v2/ai231-fil50/audio/vcm/vcm_train_gap001837.wav,2.360,5.817,ok,,
vcm_train_gap001839,vcm,train,ref_tagalog9,Remind me to Exercise,CREATE_REMINDER,,0,out/conversions/v2/ai231-fil50/audio/vcm/vcm_train_gap001839.wav,2.400,7.094,ok,,
vcm_train_gap001841,vcm,train,ref_tagalog1,Remind me to Exercise,CREATE_REMINDER,,0,out/conversions/v2/ai231-fil50/audio/vcm/vcm_train_gap001841.wav,2.280,6.013,ok,,
vcm_train_gap001843,vcm,train,ref_tagalog13,Remind me to Exercise,CREATE_REMINDER,,0,out/conversions/v2/ai231-fil50/audio/vcm/vcm_train_gap001843.wav,3.360,8.096,ok,,
vcm_train_gap001845,vcm,train,ref_tagalog8,Remind me to Exercise,CREATE_REMINDER,,0,out/conversions/v2/ai231-fil50/audio/vcm/vcm_train_gap001845.wav,2.000,5.525,ok,,
vcm_train_gap001847,vcm,train,ref_tagalog15,Remind me to Exercise,CREATE_REMINDER,,0,out/conversions/v2/ai231-fil50/audio/vcm/vcm_train_gap001847.wav,2.280,5.797,ok,,
