job_id,model,split,voice_id,text,label,source_row_ref,noisy_target
vcm_train_gap000000,vcm,train,ref_tagalog10,Play some music,PLAY_MUSIC,,0
vcm_train_gap000001,vcm,train,ref_tagalog7,Play some music,PLAY_MUSIC,,0
vcm_train_gap000002,vcm,train,ref_tagalog11,Play some music,PLAY_MUSIC,,0
vcm_train_gap000003,vcm,train,ref_tagalog9,Play some music,PLAY_MUSIC,,0
vcm_train_gap000004,vcm,train,ref_tagalog3,Play some music,PLAY_MUSIC,,0
vcm_train_gap000005,vcm,train,ref_tagalog1,Play some music,PLAY_MUSIC,,0
vcm_train_gap000006,vcm,train,ref_tagalog2,Play some music,PLAY_MUSIC,,0
vcm_train_gap000007,vcm,train,ref_tagalog13,Play some music,PLAY_MUSIC,,0
vcm_train_gap000008,vcm,train,ref_tagalog4,Play some music,PLAY_MUSIC,,0
vcm_train_gap000009,vcm,train,ref_tagalog8,Play some music,PLAY_MUSIC,,0
vcm_train_gap000010,vcm,train,ref_tagalog14,Play some music,PLAY_MUSIC,,0
vcm_train_gap000011,vcm,train,ref_tagalog15,Play some music,PLAY_MUSIC,,0
vcm_train_gap000012,vcm,train,ref_tagalog16,Weather,WEATHER,,0
vcm_train_gap000013,vcm,train,ref_tagalog12,Weather,WEATHER,,0
vcm_train_gap000014,vcm,train,ref_ilonggo1,Weather,WEATHER,,0
vcm_train_gap000015,vcm,train,ref_tagalog6,Weather,WEATHER,,0
vcm_train_gap000016,vcm,train,ref_tagalog5,Weather,WEATHER,,0
vcm_train_gap000017,vcm,train,ref_tagalog10,Weather,WEATHER,,0
vcm_train_gap000018,vcm,train,ref_tagalog7,Weather,WEATHER,,0
vcm_train_gap000019,vcm,train,ref_tagalog11,Weather,WEATHER,,0
vcm_train_gap000020,vcm,train,ref_tagalog9,Weather,WEATHER,,0
vcm_train_gap000021,vcm,train,ref_tagalog3,Weather,WEATHER,,0
vcm_train_gap000022,vcm,train,ref_tagalog1,Weather,WEATHER,,0
vcm_train_gap000023,vcm,train,ref_tagalog2,Weather,WEATHER,,0
vcm_train_gap000024,vcm,train,ref_tagalog13,Weather,WEATHER,,0
vcm_train_gap000025,vcm,train,ref_tagalog4,Weather,WEATHER,,0
vcm_train_gap000026,vcm,train,ref_tagalog8,Weather,WEATHER,,0
vcm_train_gap000027,vcm,train,ref_tagalog14,Weather,WEATHER,,0
vcm_train_gap000028,vcm,train,ref_tagalog15,Weather,WEATHER,,0
vcm_train_gap000029,vcm,train,ref_tagalog16,Weather,WEATHER,,0
vcm_train_gap000030,vcm,train,ref_tagalog12,Weather,WEATHER,,0
vcm_train_gap000031,vcm,train,ref_ilonggo1,Weather,WEATHER,,0
vcm_train_gap000032,vcm,train,ref_tagalog6,Weather,WEATHER,,0
vcm_train_gap000033,vcm,train,ref_tagalog5,Weather,WEATHER,,0
vcm_train_gap000034,vcm,train,ref_tagalog10,Weather,WEATHER,,0
vcm_train_gap000035,vcm,train,ref_tagalog7,Weather,WEATHER,,0
vcm_train_gap000036,vcm,train,ref_tagalog11,Weather,WEATHER,,0
vcm_train_gap000037,vcm,train,ref_tagalog9,Weather,WEATHER,,0
vcm_train_gap000038,vcm,train,ref_tagalog3,Weather,WEATHER,,0
vcm_train_gap000039,vcm,train,ref_tagalog1,Weather,WEATHER,,0
vcm_train_gap000040,vcm,train,ref_tagalog2,Weather,WEATHER,,0
vcm_train_gap000041,vcm,train,ref_tagalog13,Weather,WEATHER,,0
vcm_train_gap000042,vcm,train,ref_tagalog4,Weather,WEATHER,,0
vcm_train_gap000043,vcm,train,ref_tagalog8,Weather,WEATHER,,0
vcm_train_gap000044,vcm,train,ref_tagalog14,Weather,WEATHER,,0
vcm_train_gap000045,vcm,train,ref_tagalog15,Weather,WEATHER,,0
vcm_train_gap000046,vcm,train,ref_tagalog16,Weather,WEATHER,,0
vcm_train_gap000047,vcm,train,ref_tagalog12,Weather,WEATHER,,0
vcm_train_gap000048,vcm,train,ref_ilonggo1,Weather,WEATHER,,0
vcm_train_gap000049,vcm,train,ref_tagalog6,Weather,WEATHER,,0
vcm_train_gap000050,vcm,train,ref_tagalog5,Weather,WEATHER,,0
vcm_train_gap000051,vcm,train,ref_tagalog10,Weather,WEATHER,,0
vcm_train_gap000052,vcm,train,ref_tagalog7,Weather,WEATHER,,0
vcm_train_gap000053,vcm,train,ref_tagalog11,Weather,WEATHER,,0
vcm_train_gap000054,vcm,train,ref_tagalog9,Weather,WEATHER,,0
vcm_train_gap000055,vcm,train,ref_tagalog3,Weather,WEATHER,,0
vcm_train_gap000056,vcm,train,ref_tagalog1,Weather,WEATHER,,0
vcm_train_gap000057,vcm,train,ref_tagalog2,Weather,WEATHER,,0
vcm_train_gap000058,vcm,train,ref_tagalog13,What's the weather?,WEATHER,,0
vcm_train_gap000059,vcm,train,ref_tagalog4,What's the weather?,WEATHER,,0
vcm_train_gap000060,vcm,train,ref_tagalog8,What's the weather?,WEATHER,,0
vcm_train_gap000061,vcm,train,ref_tagalog14,What's the weather?,WEATHER,,0
vcm_train_gap000062,vcm,train,ref_tagalog15,What's the weather?,WEATHER,,0
vcm_train_gap000063,vcm,train,ref_tagalog16,What's the weather?,WEATHER,,0
vcm_train_gap000064,vcm,train,ref_tagalog12,What's the weather?,WEATHER,,0
vcm_train_gap000065,vcm,train,ref_ilonggo1,Time,TIME,,0
vcm_train_gap000066,vcm,train,ref_tagalog6,Time,TIME,,0
vcm_train_gap000067,vcm,train,ref_tagalog5,Time,TIME,,0
vcm_train_gap000068,vcm,train,ref_tagalog10,Time,TIME,,0
vcm_train_gap000069,vcm,train,ref_tagalog7,Time,TIME,,0
vcm_train_gap000070,vcm,train,ref_tagalog11,Time,TIME,,0
vcm_train_gap000071,vcm,train,ref_tagalog9,Time,TIME,,0
vcm_train_gap000072,vcm,train,ref_tagalog3,Time,TIME,,0
vcm_train_gap000073,vcm,train,ref_tagalog1,Time,TIME,,0
vcm_train_gap000074,vcm,train,ref_tagalog2,Time,TIME,,0
vcm_train_gap000075,vcm,train,ref_tagalog13,Time,TIME,,0
vcm_train_gap000076,vcm,train,ref_tagalog4,Time,TIME,,0
vcm_train_gap000077,vcm,train,ref_tagalog8,Time,TIME,,0
vcm_train_gap000078,vcm,train,ref_tagalog14,Time,TIME,,0
vcm_train_gap000079,vcm,train,ref_tagalog15,Time,TIME,,0
vcm_train_gap000080,vcm,train,ref_tagalog16,Time,TIME,,0
vcm_train_gap000081,vcm,train,ref_tagalog12,Time,TIME,,0
vcm_train_gap000082,vcm,train,ref_ilonggo1,Time,TIME,,0
vcm_train_gap000083,vcm,train,ref_tagalog6,Time,TIME,,0
vcm_train_gap000084,vcm,train,ref_tagalog5,Time,TIME,,0
vcm_train_gap000085,vcm,train,ref_tagalog10,Time,TIME,,0
vcm_train_gap000086,vcm,train,ref_tagalog7,Time,TIME,,0
vcm_train_gap000087,vcm,train,ref_tagalog11,Time,TIME,,0
vcm_train_gap000088,vcm,train,ref_tagalog9,Time,TIME,,0
vcm_train_gap000089,vcm,train,ref_tagalog3,Time,TIME,,0
vcm_train_gap000090,vcm,train,ref_tagalog1,Time,TIME,,0
vcm_train_gap000091,vcm,train,ref_tagalog2,Time,TIME,,0
vcm_train_gap000092,vcm,train,ref_tagalog13,Time,TIME,,0
vcm_train_gap000093,vcm,train,ref_tagalog4,Time,TIME,,0
vcm_train_gap000094,vcm,train,ref_tagalog8,Time,TIME,,0
vcm_train_gap000095,vcm,train,ref_tagalog14,Time,TIME,,0
vcm_train_gap000096,vcm,train,ref_tagalog15,Time,TIME,,0
vcm_train_gap000097,vcm,train,ref_tagalog16,Time,TIME,,0
vcm_train_gap000098,vcm,train,ref_tagalog12,Time,TIME,,0
vcm_train_gap000099,vcm,train,ref_ilonggo1,Time,TIME,,0
vcm_train_gap000100,vcm,train,ref_tagalog6,Time,TIME,,0
vcm_train_gap000101,vcm,train,ref_tagalog5,Time,TIME,,0
vcm_train_gap000102,vcm,train,ref_tagalog10,Time,TIME,,0
vcm_train_gap000103,vcm,train,ref_tagalog7,Time,TIME,,0
vcm_train_gap000104,vcm,train,ref_tagalog11,Time,TIME,,0
vcm_train_gap000105,vcm,train,ref_tagalog9,Time,TIME,,0
vcm_train_gap000106,vcm,train,ref_tagalog3,Time,TIME,,0
vcm_train_gap000107,vcm,train,ref_tagalog1,Time,TIME,,0
vcm_train_gap000108,vcm,train,ref_tagalog2,Time,TIME,,0
vcm_train_gap000109,vcm,train,ref_tagalog13,Time,TIME,,0
vcm_train_gap000110,vcm,train,ref_tagalog4,Time,TIME,,0
vcm_train_gap000111,vcm,train,ref_tagalog8,Time,TIME,,0
vcm_train_gap000112,vcm,train,ref_tagalog14,Time,TIME,,0
vcm_train_gap000113,vcm,train,ref_tagalog15,Time,TIME,,0
vcm_train_gap000114,vcm,train,ref_tagalog16,Time,TIME,,0
vcm_train_gap000115,vcm,train,ref_tagalog12,Time,TIME,,0
vcm_train_gap000116,vcm,train,ref_ilonggo1,Time,TIME,,0
vcm_train_gap000117,vcm,train,ref_tagalog6,Time,TIME,,0
vcm_train_gap000118,vcm,train,ref_tagalog5,Time,TIME,,0
vcm_train_gap000119,vcm,train,ref_tagalog10,Lights on,LIGHT_ON,,0
vcm_train_gap000120,vcm,train,ref_tagalog7,Lights on,LIGHT_ON,,0
vcm_train_gap000121,vcm,train,ref_tagalog11,Lights on,LIGHT_ON,,0
vcm_train_gap000122,vcm,train,ref_tagalog9,Lights on,LIGHT_ON,,0
vcm_train_gap000123,vcm,train,ref_tagalog3,Lights on,LIGHT_ON,,0
vcm_train_gap000124,vcm,train,ref_tagalog1,Lights on,LIGHT_ON,,0
vcm_train_gap000125,vcm,train,ref_tagalog2,Lights on,LIGHT_ON,,0
vcm_train_gap000126,vcm,train,ref_tagalog13,Lights on,LIGHT_ON,,0
vcm_train_gap000127,vcm,train,ref_tagalog4,Lights on,LIGHT_ON,,0
vcm_train_gap000128,vcm,train,ref_tagalog8,Lights on,LIGHT_ON,,0
vcm_train_gap000129,vcm,train,ref_tagalog14,Lights on,LIGHT_ON,,0
vcm_train_gap000130,vcm,train,ref_tagalog15,Power on the lights,LIGHT_ON,,0
vcm_train_gap000131,vcm,train,ref_tagalog16,Power on the lights,LIGHT_ON,,0
vcm_train_gap000132,vcm,train,ref_tagalog12,Power on the lights,LIGHT_ON,,0
vcm_train_gap000133,vcm,train,ref_ilonggo1,Lights out,LIGHT_OFF,,0
vcm_train_gap000134,vcm,train,ref_tagalog6,Lights out,LIGHT_OFF,,0
vcm_train_gap000135,vcm,train,ref_tagalog5,Lights out,LIGHT_OFF,,0
vcm_train_gap000136,vcm,train,ref_tagalog10,Lights out,LIGHT_OFF,,0
vcm_train_gap000137,vcm,train,ref_tagalog7,Lights out,LIGHT_OFF,,0
vcm_train_gap000138,vcm,train,ref_tagalog11,Lights out,LIGHT_OFF,,0
vcm_train_gap000139,vcm,train,ref_tagalog9,Lights out,LIGHT_OFF,,0
vcm_train_gap000140,vcm,train,ref_tagalog3,Lights out,LIGHT_OFF,,0
vcm_train_gap000141,vcm,train,ref_tagalog1,Lights out,LIGHT_OFF,,0
vcm_train_gap000142,vcm,train,ref_tagalog2,Lights out,LIGHT_OFF,,0
vcm_train_gap000143,vcm,train,ref_tagalog13,Lights out,LIGHT_OFF,,0
vcm_train_gap000144,vcm,train,ref_tagalog4,Lights out,LIGHT_OFF,,0
vcm_train_gap000145,vcm,train,ref_tagalog8,Lights out,LIGHT_OFF,,0
vcm_train_gap000146,vcm,train,ref_tagalog14,Lights out,LIGHT_OFF,,0
vcm_train_gap000147,vcm,train,ref_tagalog15,Lights out,LIGHT_OFF,,0
vcm_train_gap000148,vcm,train,ref_tagalog16,Lights out,LIGHT_OFF,,0
vcm_train_gap000149,vcm,train,ref_tagalog12,Lights out,LIGHT_OFF,,0
vcm_train_gap000150,vcm,train,ref_ilonggo1,Lights out,LIGHT_OFF,,0
vcm_train_gap000151,vcm,train,ref_tagalog6,Lights out,LIGHT_OFF,,0
vcm_train_gap000152,vcm,train,ref_tagalog5,Lights out,LIGHT_OFF,,0
vcm_train_gap000153,vcm,train,ref_tagalog10,Lights out,LIGHT_OFF,,0
vcm_train_gap000154,vcm,train,ref_tagalog7,Lights out,LIGHT_OFF,,0
vcm_train_gap000155,vcm,train,ref_tagalog11,Lights out,LIGHT_OFF,,0
vcm_train_gap000156,vcm,train,ref_tagalog9,Pause audio,PAUSE,,0
vcm_train_gap000157,vcm,train,ref_tagalog3,Pause audio,PAUSE,,0
vcm_train_gap000158,vcm,train,ref_tagalog1,Pause audio,PAUSE,,0
vcm_train_gap000159,vcm,train,ref_tagalog2,Pause audio,PAUSE,,0
vcm_train_gap000160,vcm,train,ref_tagalog13,Pause audio,PAUSE,,0
vcm_train_gap000161,vcm,train,ref_tagalog4,Pause audio,PAUSE,,0
vcm_train_gap000162,vcm,train,ref_tagalog8,Pause audio,PAUSE,,0
vcm_train_gap000163,vcm,train,ref_tagalog14,Pause audio,PAUSE,,0
vcm_train_gap000164,vcm,train,ref_tagalog15,Pause audio,PAUSE,,0
vcm_train_gap000165,vcm,train,ref_tagalog16,Pause audio,PAUSE,,0
vcm_train_gap000166,vcm,train,ref_tagalog12,Pause audio,PAUSE,,0
vcm_train_gap000167,vcm,train,ref_ilonggo1,Pause audio,PAUSE,,0
vcm_train_gap000168,vcm,train,ref_tagalog6,Pause audio,PAUSE,,0
vcm_train_gap000169,vcm,train,ref_tagalog5,Pause audio,PAUSE,,0
vcm_train_gap000170,vcm,train,ref_tagalog10,Pause audio,PAUSE,,0
vcm_train_gap000171,vcm,train,ref_tagalog7,Pause audio,PAUSE,,0
vcm_train_gap000172,vcm,train,ref_tagalog11,Pause audio,PAUSE,,0
vcm_train_gap000173,vcm,train,ref_tagalog9,Pause audio,PAUSE,,0
vcm_train_gap000174,vcm,train,ref_tagalog3,Pause audio,PAUSE,,0
vcm_train_gap000175,vcm,train,ref_tagalog1,Pause audio,PAUSE,,0
vcm_train_gap000176,vcm,train,ref_tagalog2,Pause audio,PAUSE,,0
vcm_train_gap000177,vcm,train,ref_tagalog13,Pause audio,PAUSE,,0
vcm_train_gap000178,vcm,train,ref_tagalog4,Pause audio,PAUSE,,0
vcm_train_gap000179,vcm,train,ref_tagalog8,Pause audio,PAUSE,,0
vcm_train_gap000180,vcm,train,ref_tagalog14,Pause audio,PAUSE,,0
vcm_train_gap000181,vcm,train,ref_tagalog15,Pause audio,PAUSE,,0
vcm_train_gap000182,vcm,train,ref_tagalog16,Pause audio,PAUSE,,0
vcm_train_gap000183,vcm,train,ref_tagalog12,Pause audio,PAUSE,,0
vcm_train_gap000184,vcm,train,ref_ilonggo1,Pause audio,PAUSE,,0
vcm_train_gap000185,vcm,train,ref_tagalog6,Pause audio,PAUSE,,0
vcm_train_gap000186,vcm,train,ref_tagalog5,Pause audio,PAUSE,,0
vcm_train_gap000187,vcm,train,ref_tagalog10,Pause audio,PAUSE,,0
vcm_train_gap000188,vcm,train,ref_tagalog7,Pause audio,PAUSE,,0
vcm_train_gap000189,vcm,train,ref_tagalog11,Pause audio,PAUSE,,0
vcm_train_gap000190,vcm,train,ref_tagalog9,Pause audio,PAUSE,,0
vcm_train_gap000191,vcm,train,ref_tagalog3,Pause audio,PAUSE,,0
vcm_train_gap000192,vcm,train,ref_tagalog1,Pause audio,PAUSE,,0
vcm_train_gap000193,vcm,train,ref_tagalog2,Pause audio,PAUSE,,0
vcm_train_gap000194,vcm,train,ref_tagalog13,Pause audio,PAUSE,,0
vcm_train_gap000195,vcm,train,ref_tagalog4,Pause audio,PAUSE,,0
vcm_train_gap000196,vcm,train,ref_tagalog8,Pause audio,PAUSE,,0
vcm_train_gap000197,vcm,train,ref_tagalog14,Pause audio,PAUSE,,0
vcm_train_gap000198,vcm,train,ref_tagalog15,Pause audio,PAUSE,,0
vcm_train_gap000199,vcm,train,ref_tagalog16,Pause audio,PAUSE,,0
vcm_train_gap000200,vcm,train,ref_tagalog12,Pause audio,PAUSE,,0
vcm_train_gap000201,vcm,train,ref_ilonggo1,Pause audio,PAUSE,,0
vcm_train_gap000202,vcm,train,ref_tagalog6,Pause audio,PAUSE,,0
vcm_train_gap000203,vcm,train,ref_tagalog5,Pause audio,PAUSE,,0
vcm_train_gap000204,vcm,train,ref_tagalog10,Pause audio,PAUSE,,0
vcm_train_gap000205,vcm,train,ref_tagalog7,Pause audio,PAUSE,,0
vcm_train_gap000206,vcm,train,ref_tagalog11,Pause audio,PAUSE,,0
vcm_train_gap000207,vcm,train,ref_tagalog9,Pause audio,PAUSE,,0
vcm_train_gap000208,vcm,train,ref_tagalog3,Pause audio,PAUSE,,0
vcm_train_gap000209,vcm,train,ref_tagalog1,Pause audio,PAUSE,,0
vcm_train_gap000210,vcm,train,ref_tagalog2,Pause audio,PAUSE,,0
vcm_train_gap000211,vcm,train,ref_tagalog13,Pause audio,PAUSE,,0
vcm_train_gap000212,vcm,train,ref_tagalog4,Pause audio,PAUSE,,0
vcm_train_gap000213,vcm,train,ref_tagalog8,Pause audio,PAUSE,,0
vcm_train_gap000214,vcm,train,ref_tagalog14,Pause audio,PAUSE,,0
vcm_train_gap000215,vcm,train,ref_tagalog15,Pause audio,PAUSE,,0
vcm_train_gap000216,vcm,train,ref_tagalog16,Pause audio,PAUSE,,0
vcm_train_gap000217,vcm,train,ref_tagalog12,Pause audio,PAUSE,,0
vcm_train_gap000218,vcm,train,ref_ilonggo1,Pause song,PAUSE,,0
vcm_train_gap000219,vcm,train,ref_tagalog6,Pause song,PAUSE,,0
vcm_train_gap000220,vcm,train,ref_tagalog5,Pause song,PAUSE,,0
vcm_train_gap000221,vcm,train,ref_tagalog10,Pause song,PAUSE,,0
vcm_train_gap000222,vcm,train,ref_tagalog7,Pause song,PAUSE,,0
vcm_train_gap000223,vcm,train,ref_tagalog11,Pause song,PAUSE,,0
vcm_train_gap000224,vcm,train,ref_tagalog9,Pause song,PAUSE,,0
vcm_train_gap000225,vcm,train,ref_tagalog3,Pause song,PAUSE,,0
vcm_train_gap000226,vcm,train,ref_tagalog1,Pause song,PAUSE,,0
vcm_train_gap000227,vcm,train,ref_tagalog2,Pause song,PAUSE,,0
vcm_train_gap000228,vcm,train,ref_tagalog13,Pause song,PAUSE,,0
vcm_train_gap000229,vcm,train,ref_tagalog4,Pause song,PAUSE,,0
vcm_train_gap000230,vcm,train,ref_tagalog8,Pause song,PAUSE,,0
vcm_train_gap000231,vcm,train,ref_tagalog14,Pause song,PAUSE,,0
vcm_train_gap000232,vcm,train,ref_tagalog15,Pause song,PAUSE,,0
vcm_train_gap000233,vcm,train,ref_tagalog16,Pause song,PAUSE,,0
vcm_train_gap000234,vcm,train,ref_tagalog12,Pause song,PAUSE,,0
vcm_train_gap000235,vcm,train,ref_ilonggo1,Pause song,PAUSE,,0
vcm_train_gap000236,vcm,train,ref_tagalog6,Pause song,PAUSE,,0
vcm_train_gap000237,vcm,train,ref_tagalog5,Pause song,PAUSE,,0
vcm_train_gap000238,vcm,train,ref_tagalog10,Pause song,PAUSE,,0
vcm_train_gap000239,vcm,train,ref_tagalog7,Pause song,PAUSE,,0
vcm_train_gap000240,vcm,train,ref_tagalog11,Pause song,PAUSE,,0
vcm_train_gap000241,vcm,train,ref_tagalog9,Pause song,PAUSE,,0
vcm_train_gap000242,vcm,train,ref_tagalog3,Pause song,PAUSE,,0
vcm_train_gap000243,vcm,train,ref_tagalog1,Pause song,PAUSE,,0
vcm_train_gap000244,vcm,train,ref_tagalog2,Pause song,PAUSE,,0
vcm_train_gap000245,vcm,train,ref_tagalog13,Pause song,PAUSE,,0
vcm_train_gap000246,vcm,train,ref_tagalog4,Pause song,PAUSE,,0
vcm_train_gap000247,vcm,train,ref_tagalog8,Pause song,PAUSE,,0
vcm_train_gap000248,vcm,train,ref_tagalog14,Pause song,PAUSE,,0
vcm_train_gap000249,vcm,train,ref_tagalog15,Pause song,PAUSE,,0
vcm_train_gap000250,vcm,train,ref_tagalog16,Pause song,PAUSE,,0
vcm_train_gap000251,vcm,train,ref_tagalog12,Pause song,PAUSE,,0
vcm_train_gap000252,vcm,train,ref_ilonggo1,Pause song,PAUSE,,0
vcm_train_gap000253,vcm,train,ref_tagalog6,Pause song,PAUSE,,0
vcm_train_gap000254,vcm,train,ref_tagalog5,Pause song,PAUSE,,0
vcm_train_gap000255,vcm,train,ref_tagalog10,Pause song,PAUSE,,0
vcm_train_gap000256,vcm,train,ref_tagalog7,Pause song,PAUSE,,0
vcm_train_gap000257,vcm,train,ref_tagalog11,Pause song,PAUSE,,0
vcm_train_gap000258,vcm,train,ref_tagalog9,Pause song,PAUSE,,0
vcm_train_gap000259,vcm,train,ref_tagalog3,Pause song,PAUSE,,0
vcm_train_gap000260,vcm,train,ref_tagalog1,Pause song,PAUSE,,0
vcm_train_gap000261,vcm,train,ref_tagalog2,Pause song,PAUSE,,0
vcm_train_gap000262,vcm,train,ref_tagalog13,Pause song,PAUSE,,0
vcm_train_gap000263,vcm,train,ref_tagalog4,Pause song,PAUSE,,0
vcm_train_gap000264,vcm,train,ref_tagalog8,Pause song,PAUSE,,0
vcm_train_gap000265,vcm,train,ref_tagalog14,Pause song,PAUSE,,0
vcm_train_gap000266,vcm,train,ref_tagalog15,Pause song,PAUSE,,0
vcm_train_gap000267,vcm,train,ref_tagalog16,Pause song,PAUSE,,0
vcm_train_gap000268,vcm,train,ref_tagalog12,Pause song,PAUSE,,0
vcm_train_gap000269,vcm,train,ref_ilonggo1,Pause song,PAUSE,,0
vcm_train_gap000270,vcm,train,ref_tagalog6,Pause song,PAUSE,,0
vcm_train_gap000271,vcm,train,ref_tagalog5,Pause song,PAUSE,,0
vcm_train_gap000272,vcm,train,ref_tagalog10,Pause song,PAUSE,,0
vcm_train_gap000273,vcm,train,ref_tagalog7,Pause song,PAUSE,,0
vcm_train_gap000274,vcm,train,ref_tagalog11,Pause song,PAUSE,,0
vcm_train_gap000275,vcm,train,ref_tagalog9,Pause song,PAUSE,,0
vcm_train_gap000276,vcm,train,ref_tagalog3,Pause song,PAUSE,,0
vcm_train_gap000277,vcm,train,ref_tagalog1,Pause song,PAUSE,,0
vcm_train_gap000278,vcm,train,ref_tagalog2,Pause song,PAUSE,,0
vcm_train_gap000279,vcm,train,ref_tagalog13,Pause song,PAUSE,,0
vcm_train_gap000280,vcm,train,ref_tagalog4,Pause song,PAUSE,,0
vcm_train_gap000281,vcm,train,ref_tagalog8,Pause song,PAUSE,,0
vcm_train_gap000282,vcm,train,ref_tagalog14,Pause song,PAUSE,,0
vcm_train_gap000283,vcm,train,ref_tagalog15,Pause song,PAUSE,,0
vcm_train_gap000284,vcm,train,ref_tagalog16,Pause song,PAUSE,,0
vcm_train_gap000285,vcm,train,ref_tagalog12,Pause song,PAUSE,,0
vcm_train_gap000286,vcm,train,ref_ilonggo1,Pause song,PAUSE,,0
vcm_train_gap000287,vcm,train,ref_tagalog6,Pause song,PAUSE,,0
vcm_train_gap000288,vcm,train,ref_tagalog5,Pause song,PAUSE,,0
vcm_train_gap000289,vcm,train,ref_tagalog10,Pause song,PAUSE,,0
vcm_train_gap000290,vcm,train,ref_tagalog7,Pause song,PAUSE,,0
vcm_train_gap000291,vcm,train,ref_tagalog11,Pause song,PAUSE,,0
vcm_train_gap000292,vcm,train,ref_tagalog9,Pause song,PAUSE,,0
vcm_train_gap000293,vcm,train,ref_tagalog3,Pause song,PAUSE,,0
vcm_train_gap000294,vcm,train,ref_tagalog1,Pause song,PAUSE,,0
vcm_train_gap000295,vcm,train,ref_tagalog2,Pause song,PAUSE,,0
vcm_train_gap000296,vcm,train,ref_tagalog13,Pause song,PAUSE,,0
vcm_train_gap000297,vcm,train,ref_tagalog4,Pause song,PAUSE,,0
vcm_train_gap000298,vcm,train,ref_tagalog8,Pause song,PAUSE,,0
vcm_train_gap000299,vcm,train,ref_tagalog14,Pause song,PAUSE,,0
vcm_train_gap000300,vcm,train,ref_tagalog15,Pause song,PAUSE,,0
vcm_train_gap000301,vcm,train,ref_tagalog16,Pause song,PAUSE,,0
vcm_train_gap000302,vcm,train,ref_tagalog12,Pause song,PAUSE,,0
vcm_train_gap000303,vcm,train,ref_ilonggo1,Pause song,PAUSE,,0
vcm_train_gap000304,vcm,train,ref_tagalog6,Pause song,PAUSE,,0
vcm_train_gap000305,vcm,train,ref_tagalog5,Pause song,PAUSE,,0
vcm_train_gap000306,vcm,train,ref_tagalog10,Pause song,PAUSE,,0
vcm_train_gap000307,vcm,train,ref_tagalog7,Pause song,PAUSE,,0
vcm_train_gap000308,vcm,train,ref_tagalog11,Pause song,PAUSE,,0
vcm_train_gap000309,vcm,train,ref_tagalog9,Pause song,PAUSE,,0
vcm_train_gap000310,vcm,train,ref_tagalog3,Pause song,PAUSE,,0
vcm_train_gap000311,vcm,train,ref_tagalog1,Pause song,PAUSE,,0
vcm_train_gap000312,vcm,train,ref_tagalog2,Pause song,PAUSE,,0
vcm_train_gap000313,vcm,train,ref_tagalog13,Pause song,PAUSE,,0
vcm_train_gap000314,vcm,train,ref_tagalog4,Pause song,PAUSE,,0
vcm_train_gap000315,vcm,train,ref_tagalog8,Pause song,PAUSE,,0
vcm_train_gap000316,vcm,train,ref_tagalog14,Pause song,PAUSE,,0
vcm_train_gap000317,vcm,train,ref_tagalog15,Pause song,PAUSE,,0
vcm_train_gap000318,vcm,train,ref_tagalog16,Pause song,PAUSE,,0
vcm_train_gap000319,vcm,train,ref_tagalog12,Pause song,PAUSE,,0
vcm_train_gap000320,vcm,train,ref_ilonggo1,Pause song,PAUSE,,0
vcm_train_gap000321,vcm,train,ref_tagalog6,Pause song,PAUSE,,0
vcm_train_gap000322,vcm,train,ref_tagalog5,Pause song,PAUSE,,0
vcm_train_gap000323,vcm,train,ref_tagalog10,Pause song,PAUSE,,0
vcm_train_gap000324,vcm,train,ref_tagalog7,Pause song,PAUSE,,0
vcm_train_gap000325,vcm,train,ref_tagalog11,Pause song,PAUSE,,0
vcm_train_gap000326,vcm,train,ref_tagalog9,Pause song,PAUSE,,0
vcm_train_gap000327,vcm,train,ref_tagalog3,Pause song,PAUSE,,0
vcm_train_gap000328,vcm,train,ref_tagalog1,Pause song,PAUSE,,0
vcm_train_gap000329,vcm,train,ref_tagalog2,Pause song,PAUSE,,0
vcm_train_gap000330,vcm,train,ref_tagalog13,Pause song,PAUSE,,0
vcm_train_gap000331,vcm,train,ref_tagalog4,Pause song,PAUSE,,0
vcm_train_gap000332,vcm,train,ref_tagalog8,Pause song,PAUSE,,0
vcm_train_gap000333,vcm,train,ref_tagalog14,Pause song,PAUSE,,0
vcm_train_gap000334,vcm,train,ref_tagalog15,Pause song,PAUSE,,0
vcm_train_gap000335,vcm,train,ref_tagalog16,End playback,STOP,,0
vcm_train_gap000336,vcm,train,ref_tagalog12,End playback,STOP,,0
vcm_train_gap000337,vcm,train,ref_ilonggo1,End playback,STOP,,0
vcm_train_gap000338,vcm,train,ref_tagalog6,End playback,STOP,,0
vcm_train_gap000339,vcm,train,ref_tagalog5,End playback,STOP,,0
vcm_train_gap000340,vcm,train,ref_tagalog10,End playback,STOP,,0
vcm_train_gap000341,vcm,train,ref_tagalog7,End playback,STOP,,0
vcm_train_gap000342,vcm,train,ref_tagalog11,End playback,STOP,,0
vcm_train_gap000343,vcm,train,ref_tagalog9,End playback,STOP,,0
vcm_train_gap000344,vcm,train,ref_tagalog3,End playback,STOP,,0
vcm_train_gap000345,vcm,train,ref_tagalog1,End playback,STOP,,0
vcm_train_gap000346,vcm,train,ref_tagalog2,End playback,STOP,,0
vcm_train_gap000347,vcm,train,ref_tagalog13,End playback,STOP,,0
vcm_train_gap000348,vcm,train,ref_tagalog4,End playback,STOP,,0
vcm_train_gap000349,vcm,train,ref_tagalog8,End playback,STOP,,0
vcm_train_gap000350,vcm,train,ref_tagalog14,End playback,STOP,,0
vcm_train_gap000351,vcm,train,ref_tagalog15,End playback,STOP,,0
vcm_train_gap000352,vcm,train,ref_tagalog16,End playback,STOP,,0
vcm_train_gap000353,vcm,train,ref_tagalog12,End playback,STOP,,0
vcm_train_gap000354,vcm,train,ref_ilonggo1,End playback,STOP,,0
vcm_train_gap000355,vcm,train,ref_tagalog6,Skip song,NEXT,,0
vcm_train_gap000356,vcm,train,ref_tagalog5,Skip song,NEXT,,0
vcm_train_gap000357,vcm,train,ref_tagalog10,Skip song,NEXT,,0
vcm_train_gap000358,vcm,train,ref_tagalog7,Skip song,NEXT,,0
vcm_train_gap000359,vcm,train,ref_tagalog11,Skip song,NEXT,,0
vcm_train_gap000360,vcm,train,ref_tagalog9,Skip song,NEXT,,0
vcm_train_gap000361,vcm,train,ref_tagalog3,Skip song,NEXT,,0
vcm_train_gap000362,vcm,train,ref_tagalog1,Skip song,NEXT,,0
vcm_train_gap000363,vcm,train,ref_tagalog2,Skip song,NEXT,,0
vcm_train_gap000364,vcm,train,ref_tagalog13,Skip song,NEXT,,0
vcm_train_gap000365,vcm,train,ref_tagalog4,Skip song,NEXT,,0
vcm_train_gap000366,vcm,train,ref_tagalog8,Play next song,NEXT,,0
vcm_train_gap000367,vcm,train,ref_tagalog14,Play next song,NEXT,,0
vcm_train_gap000368,vcm,train,ref_tagalog15,Play next song,NEXT,,0
vcm_train_gap000369,vcm,train,ref_tagalog16,Play next song,NEXT,,0
vcm_train_gap000370,vcm,train,ref_tagalog12,Play next song,NEXT,,0
vcm_train_gap000371,vcm,train,ref_ilonggo1,Play next song,NEXT,,0
vcm_train_gap000372,vcm,train,ref_tagalog6,Play next song,NEXT,,0
vcm_train_gap000373,vcm,train,ref_tagalog5,Play next song,NEXT,,0
vcm_train_gap000374,vcm,train,ref_tagalog10,Play next song,NEXT,,0
vcm_train_gap000375,vcm,train,ref_tagalog7,Play next song,NEXT,,0
vcm_train_gap000376,vcm,train,ref_tagalog11,Play next song,NEXT,,0
vcm_train_gap000377,vcm,train,ref_tagalog9,Volume up,VOLUME_UP,,0
vcm_train_gap000378,vcm,train,ref_tagalog3,Volume up,VOLUME_UP,,0
vcm_train_gap000379,vcm,train,ref_tagalog1,Volume up,VOLUME_UP,,0
vcm_train_gap000380,vcm,train,ref_tagalog2,Volume up,VOLUME_UP,,0
vcm_train_gap000381,vcm,train,ref_tagalog13,Volume up,VOLUME_UP,,0
vcm_train_gap000382,vcm,train,ref_tagalog4,Volume up,VOLUME_UP,,0
vcm_train_gap000383,vcm,train,ref_tagalog8,Volume up,VOLUME_UP,,0
vcm_train_gap000384,vcm,train,ref_tagalog14,Volume up,VOLUME_UP,,0
vcm_train_gap000385,vcm,train,ref_tagalog15,Volume up,VOLUME_UP,,0
vcm_train_gap000386,vcm,train,ref_tagalog16,Volume up,VOLUME_UP,,0
vcm_train_gap000387,vcm,train,ref_tagalog12,Volume up,VOLUME_UP,,0
vcm_train_gap000388,vcm,train,ref_ilonggo1,Volume up,VOLUME_UP,,0
vcm_train_gap000389,vcm,train,ref_tagalog6,Volume down,VOLUME_DOWN,,0
vcm_train_gap000390,vcm,train,ref_tagalog5,Volume down,VOLUME_DOWN,,0
vcm_train_gap000391,vcm,train,ref_tagalog10,Volume down,VOLUME_DOWN,,0
vcm_train_gap000392,vcm,train,ref_tagalog7,Volume down,VOLUME_DOWN,,0
vcm_train_gap000393,vcm,train,ref_tagalog11,Volume down,VOLUME_DOWN,,0
vcm_train_gap000394,vcm,train,ref_tagalog9,Volume down,VOLUME_DOWN,,0
vcm_train_gap000395,vcm,train,ref_tagalog3,Volume down,VOLUME_DOWN,,0
vcm_train_gap000396,vcm,train,ref_tagalog1,Volume down,VOLUME_DOWN,,0
vcm_train_gap000397,vcm,train,ref_tagalog2,Volume down,VOLUME_DOWN,,0
vcm_train_gap000398,vcm,train,ref_tagalog13,Volume down,VOLUME_DOWN,,0
vcm_train_gap000399,vcm,train,ref_tagalog4,Volume down,VOLUME_DOWN,,0
vcm_train_gap000400,vcm,train,ref_tagalog8,Volume down,VOLUME_DOWN,,0
vcm_train_gap000401,vcm,train,ref_tagalog14,Volume down,VOLUME_DOWN,,0
vcm_train_gap000402,vcm,train,ref_tagalog15,Volume down,VOLUME_DOWN,,0
vcm_train_gap000403,vcm,train,ref_tagalog16,Volume down,VOLUME_DOWN,,0
vcm_train_gap000404,vcm,train,ref_tagalog12,Volume down,VOLUME_DOWN,,0
vcm_train_gap000405,vcm,train,ref_ilonggo1,Volume down,VOLUME_DOWN,,0
vcm_train_gap000406,vcm,train,ref_tagalog6,Volume down,VOLUME_DOWN,,0
vcm_train_gap000407,vcm,train,ref_tagalog5,Volume down,VOLUME_DOWN,,0
vcm_train_gap000408,vcm,train,ref_tagalog10,Volume down,VOLUME_DOWN,,0
vcm_train_gap000409,vcm,train,ref_tagalog7,Volume down,VOLUME_DOWN,,0
vcm_train_gap000410,vcm,train,ref_tagalog11,Volume down,VOLUME_DOWN,,0
vcm_train_gap000411,vcm,train,ref_tagalog9,Volume down,VOLUME_DOWN,,0
vcm_train_gap000412,vcm,train,ref_tagalog3,Volume down,VOLUME_DOWN,,0
vcm_train_gap000413,vcm,train,ref_tagalog1,Volume down,VOLUME_DOWN,,0
vcm_train_gap000414,vcm,train,ref_tagalog2,Volume down,VOLUME_DOWN,,0
vcm_train_gap000415,vcm,train,ref_tagalog13,Volume down,VOLUME_DOWN,,0
vcm_train_gap000416,vcm,train,ref_tagalog4,Volume down,VOLUME_DOWN,,0
vcm_train_gap000417,vcm,train,ref_tagalog8,Volume down,VOLUME_DOWN,,0
vcm_train_gap000418,vcm,train,ref_tagalog14,Volume down,VOLUME_DOWN,,0
vcm_train_gap000419,vcm,train,ref_tagalog15,Volume down,VOLUME_DOWN,,0
vcm_train_gap000420,vcm,train,ref_tagalog16,Volume down,VOLUME_DOWN,,0
vcm_train_gap000421,vcm,train,ref_tagalog12,Volume down,VOLUME_DOWN,,0
vcm_train_gap000422,vcm,train,ref_ilonggo1,Volume down,VOLUME_DOWN,,0
vcm_train_gap000423,vcm,train,ref_tagalog6,Volume down,VOLUME_DOWN,,0
vcm_train_gap000424,vcm,train,ref_tagalog5,Volume down,VOLUME_DOWN,,0
vcm_train_gap000425,vcm,train,ref_tagalog10,Volume down,VOLUME_DOWN,,0
vcm_train_gap000426,vcm,train,ref_tagalog7,Call,CALL,,0
vcm_train_gap000427,vcm,train,ref_tagalog11,Call,CALL,,0
vcm_train_gap000428,vcm,train,ref_tagalog9,Call,CALL,,0
vcm_train_gap000429,vcm,train,ref_tagalog3,Call,CALL,,0
vcm_train_gap000430,vcm,train,ref_tagalog1,Call,CALL,,0
vcm_train_gap000431,vcm,train,ref_tagalog2,Call,CALL,,0
vcm_train_gap000432,vcm,train,ref_tagalog13,Call,CALL,,0
vcm_train_gap000433,vcm,train,ref_tagalog4,Call,CALL,,0
vcm_train_gap000434,vcm,train,ref_tagalog8,Call,CALL,,0
vcm_train_gap000435,vcm,train,ref_tagalog14,Call,CALL,,0
vcm_train_gap000436,vcm,train,ref_tagalog15,Call,CALL,,0
vcm_train_gap000437,vcm,train,ref_tagalog16,Call,CALL,,0
vcm_train_gap000438,vcm,train,ref_tagalog12,Call,CALL,,0
vcm_train_gap000439,vcm,train,ref_ilonggo1,Call,CALL,,0
vcm_train_gap000440,vcm,train,ref_tagalog6,Call,CALL,,0
vcm_train_gap000441,vcm,train,ref_tagalog5,Call,CALL,,0
vcm_train_gap000442,vcm,train,ref_tagalog10,Call,CALL,,0
vcm_train_gap000443,vcm,train,ref_tagalog7,Call,CALL,,0
vcm_train_gap000444,vcm,train,ref_tagalog11,Call,CALL,,0
vcm_train_gap000445,vcm,train,ref_tagalog9,Call,CALL,,0
vcm_train_gap000446,vcm,train,ref_tagalog3,Call,CALL,,0
vcm_train_gap000447,vcm,train,ref_tagalog1,Call,CALL,,0
vcm_train_gap000448,vcm,train,ref_tagalog2,Call,CALL,,0
vcm_train_gap000449,vcm,train,ref_tagalog13,Call,CALL,,0
vcm_train_gap000450,vcm,train,ref_tagalog4,Call,CALL,,0
vcm_train_gap000451,vcm,train,ref_tagalog8,Call,CALL,,0
vcm_train_gap000452,vcm,train,ref_tagalog14,Call,CALL,,0
vcm_train_gap000453,vcm,train,ref_tagalog15,Call,CALL,,0
vcm_train_gap000454,vcm,train,ref_tagalog16,Call,CALL,,0
vcm_train_gap000455,vcm,train,ref_tagalog12,Call,CALL,,0
vcm_train_gap000456,vcm,train,ref_ilonggo1,Call,CALL,,0
vcm_train_gap000457,vcm,train,ref_tagalog6,Call,CALL,,0
vcm_train_gap000458,vcm,train,ref_tagalog5,Call,CALL,,0
vcm_train_gap000459,vcm,train,ref_tagalog10,Call,CALL,,0
vcm_train_gap000460,vcm,train,ref_tagalog7,Call,CALL,,0
vcm_train_gap000461,vcm,train,ref_tagalog11,Call,CALL,,0
vcm_train_gap000462,vcm,train,ref_tagalog9,Call,CALL,,0
vcm_train_gap000463,vcm,train,ref_tagalog3,Call,CALL,,0
vcm_train_gap000464,vcm,train,ref_tagalog1,Call,CALL,,0
vcm_train_gap000465,vcm,train,ref_tagalog2,Call,CALL,,0
vcm_train_gap000466,vcm,train,ref_tagalog13,Call,CALL,,0
vcm_train_gap000467,vcm,train,ref_tagalog4,Call,CALL,,0
vcm_train_gap000468,vcm,train,ref_tagalog8,Call,CALL,,0
vcm_train_gap000469,vcm,train,ref_tagalog14,Call,CALL,,0
vcm_train_gap000470,vcm,train,ref_tagalog15,Call,CALL,,0
vcm_train_gap000471,vcm,train,ref_tagalog16,Call,CALL,,0
vcm_train_gap000472,vcm,train,ref_tagalog12,Call,CALL,,0
vcm_train_gap000473,vcm,train,ref_ilonggo1,Call,CALL,,0
vcm_train_gap000474,vcm,train,ref_tagalog6,Call,CALL,,0
vcm_train_gap000475,vcm,train,ref_tagalog5,Call,CALL,,0
vcm_train_gap000476,vcm,train,ref_tagalog10,Call,CALL,,0
vcm_train_gap000477,vcm,train,ref_tagalog7,Call,CALL,,0
vcm_train_gap000478,vcm,train,ref_tagalog11,Call,CALL,,0
vcm_train_gap000479,vcm,train,ref_tagalog9,Call,CALL,,0
vcm_train_gap000480,vcm,train,ref_tagalog3,Call,CALL,,0
vcm_train_gap000481,vcm,train,ref_tagalog1,Call,CALL,,0
vcm_train_gap000482,vcm,train,ref_tagalog2,Call,CALL,,0
vcm_train_gap000483,vcm,train,ref_tagalog13,Call,CALL,,0
vcm_train_gap000484,vcm,train,ref_tagalog4,Call,CALL,,0
vcm_train_gap000485,vcm,train,ref_tagalog8,Call,CALL,,0
vcm_train_gap000486,vcm,train,ref_tagalog14,Call,CALL,,0
vcm_train_gap000487,vcm,train,ref_tagalog15,Call,CALL,,0
vcm_train_gap000488,vcm,train,ref_tagalog16,Call,CALL,,0
vcm_train_gap000489,vcm,train,ref_tagalog12,Call,CALL,,0
vcm_train_gap000490,vcm,train,ref_ilonggo1,Call,CALL,,0
vcm_train_gap000491,vcm,train,ref_tagalog6,Call,CALL,,0
vcm_train_gap000492,vcm,train,ref_tagalog5,Call,CALL,,0
vcm_train_gap000493,vcm,train,ref_tagalog10,Call,CALL,,0
vcm_train_gap000494,vcm,train,ref_tagalog7,Call,CALL,,0
vcm_train_gap000495,vcm,train,ref_tagalog11,Call,CALL,,0
vcm_train_gap000496,vcm,train,ref_tagalog9,Call,CALL,,0
vcm_train_gap000497,vcm,train,ref_tagalog3,Call,CALL,,0
vcm_train_gap000498,vcm,train,ref_tagalog1,Call,CALL,,0
vcm_train_gap000499,vcm,train,ref_tagalog2,Call,CALL,,0
vcm_train_gap000500,vcm,train,ref_tagalog13,Call,CALL,,0
vcm_train_gap000501,vcm,train,ref_tagalog4,Call,CALL,,0
vcm_train_gap000502,vcm,train,ref_tagalog8,Make a call,CALL,,0
vcm_train_gap000503,vcm,train,ref_tagalog14,Make a call,CALL,,0
vcm_train_gap000504,vcm,train,ref_tagalog15,Make a call,CALL,,0
vcm_train_gap000505,vcm,train,ref_tagalog16,Make a call,CALL,,0
vcm_train_gap000506,vcm,train,ref_tagalog12,Make a call,CALL,,0
vcm_train_gap000507,vcm,train,ref_ilonggo1,Make a call,CALL,,0
vcm_train_gap000508,vcm,train,ref_tagalog6,Make a call,CALL,,0
vcm_train_gap000509,vcm,train,ref_tagalog5,Make a call,CALL,,0
vcm_train_gap000510,vcm,train,ref_tagalog10,Make a call,CALL,,0
vcm_train_gap000511,vcm,train,ref_tagalog7,Make a call,CALL,,0
vcm_train_gap000512,vcm,train,ref_tagalog11,Make a call,CALL,,0
vcm_train_gap000513,vcm,train,ref_tagalog9,Make a call,CALL,,0
vcm_train_gap000514,vcm,train,ref_tagalog3,Make a call,CALL,,0
vcm_train_gap000515,vcm,train,ref_tagalog1,Make a call,CALL,,0
vcm_train_gap000516,vcm,train,ref_tagalog2,Make a call,CALL,,0
vcm_train_gap000517,vcm,train,ref_tagalog13,Make a call,CALL,,0
vcm_train_gap000518,vcm,train,ref_tagalog4,Make a call,CALL,,0
vcm_train_gap000519,vcm,train,ref_tagalog8,Make a call,CALL,,0
vcm_train_gap000520,vcm,train,ref_tagalog14,Make a call,CALL,,0
vcm_train_gap000521,vcm,train,ref_tagalog15,Make a call,CALL,,0
vcm_train_gap000522,vcm,train,ref_tagalog16,Make a call,CALL,,0
vcm_train_gap000523,vcm,train,ref_tagalog12,Make a call,CALL,,0
vcm_train_gap000524,vcm,train,ref_ilonggo1,Make a call,CALL,,0
vcm_train_gap000525,vcm,train,ref_tagalog6,Make a call,CALL,,0
vcm_train_gap000526,vcm,train,ref_tagalog5,Make a call,CALL,,0
vcm_train_gap000527,vcm,train,ref_tagalog10,Make a call,CALL,,0
vcm_train_gap000528,vcm,train,ref_tagalog7,Make a call,CALL,,0
vcm_train_gap000529,vcm,train,ref_tagalog11,Make a call,CALL,,0
vcm_train_gap000530,vcm,train,ref_tagalog9,Make a call,CALL,,0
vcm_train_gap000531,vcm,train,ref_tagalog3,Make a call,CALL,,0
vcm_train_gap000532,vcm,train,ref_tagalog1,Make a call,CALL,,0
vcm_train_gap000533,vcm,train,ref_tagalog2,Make a call,CALL,,0
vcm_train_gap000534,vcm,train,ref_tagalog13,Make a call,CALL,,0
vcm_train_gap000535,vcm,train,ref_tagalog4,Make a call,CALL,,0
vcm_train_gap000536,vcm,train,ref_tagalog8,Make a call,CALL,,0
vcm_train_gap000537,vcm,train,ref_tagalog14,Make a call,CALL,,0
vcm_train_gap000538,vcm,train,ref_tagalog15,Make a call,CALL,,0
vcm_train_gap000539,vcm,train,ref_tagalog16,Make a call,CALL,,0
vcm_train_gap000540,vcm,train,ref_tagalog12,Make a call,CALL,,0
vcm_train_gap000541,vcm,train,ref_ilonggo1,Make a call,CALL,,0
vcm_train_gap000542,vcm,train,ref_tagalog6,Make a call,CALL,,0
vcm_train_gap000543,vcm,train,ref_tagalog5,Make a call,CALL,,0
vcm_train_gap000544,vcm,train,ref_tagalog10,Make a call,CALL,,0
vcm_train_gap000545,vcm,train,ref_tagalog7,Make a call,CALL,,0
vcm_train_gap000546,vcm,train,ref_tagalog11,Make a call,CALL,,0
vcm_train_gap000547,vcm,train,ref_tagalog9,Make a call,CALL,,0
vcm_train_gap000548,vcm,train,ref_tagalog3,Make a call,CALL,,0
vcm_train_gap000549,vcm,train,ref_tagalog1,Make a call,CALL,,0
vcm_train_gap000550,vcm,train,ref_tagalog2,Make a call,CALL,,0
vcm_train_gap000551,vcm,train,ref_tagalog13,Make a call,CALL,,0
vcm_train_gap000552,vcm,train,ref_tagalog4,Make a call,CALL,,0
vcm_train_gap000553,vcm,train,ref_tagalog8,Make a call,CALL,,0
vcm_train_gap000554,vcm,train,ref_tagalog14,Make a call,CALL,,0
vcm_train_gap000555,vcm,train,ref_tagalog15,Make a call,CALL,,0
vcm_train_gap000556,vcm,train,ref_tagalog16,Make a call,CALL,,0
vcm_train_gap000557,vcm,train,ref_tagalog12,Make a call,CALL,,0
vcm_train_gap000558,vcm,train,ref_ilonggo1,Make a call,CALL,,0
vcm_train_gap000559,vcm,train,ref_tagalog6,Make a call,CALL,,0
vcm_train_gap000560,vcm,train,ref_tagalog5,Make a call,CALL,,0
vcm_train_gap000561,vcm,train,ref_tagalog10,Make a call,CALL,,0
vcm_train_gap000562,vcm,train,ref_tagalog7,Make a call,CALL,,0
vcm_train_gap000563,vcm,train,ref_tagalog11,Make a call,CALL,,0
vcm_train_gap000564,vcm,train,ref_tagalog9,Make a call,CALL,,0
vcm_train_gap000565,vcm,train,ref_tagalog3,Make a call,CALL,,0
vcm_train_gap000566,vcm,train,ref_tagalog1,Make a call,CALL,,0
vcm_train_gap000567,vcm,train,ref_tagalog2,Make a call,CALL,,0
vcm_train_gap000568,vcm,train,ref_tagalog13,Make a call,CALL,,0
vcm_train_gap000569,vcm,train,ref_tagalog4,Make a call,CALL,,0
vcm_train_gap000570,vcm,train,ref_tagalog8,Make a call,CALL,,0
vcm_train_gap000571,vcm,train,ref_tagalog14,Make a call,CALL,,0
vcm_train_gap000572,vcm,train,ref_tagalog15,Make a call,CALL,,0
vcm_train_gap000573,vcm,train,ref_tagalog16,Make a call,CALL,,0
vcm_train_gap000574,vcm,train,ref_tagalog12,Make a call,CALL,,0
vcm_train_gap000575,vcm,train,ref_ilonggo1,Make a call,CALL,,0
vcm_train_gap000576,vcm,train,ref_tagalog6,Make a call,CALL,,0
vcm_train_gap000577,vcm,train,ref_tagalog5,Make a call,CALL,,0
vcm_train_gap000578,vcm,train,ref_tagalog10,Make a call,CALL,,0
vcm_train_gap000579,vcm,train,ref_tagalog7,Make a call,CALL,,0
vcm_train_gap000580,vcm,train,ref_tagalog11,Make a call,CALL,,0
vcm_train_gap000581,vcm,train,ref_tagalog9,Make a call,CALL,,0
vcm_train_gap000582,vcm,train,ref_tagalog3,Make a call,CALL,,0
vcm_train_gap000583,vcm,train,ref_tagalog1,Make a call,CALL,,0
vcm_train_gap000584,vcm,train,ref_tagalog2,Make a call,CALL,,0
vcm_train_gap000585,vcm,train,ref_tagalog13,Make a call,CALL,,0
vcm_train_gap000586,vcm,train,ref_tagalog4,Make a call,CALL,,0
vcm_train_gap000587,vcm,train,ref_tagalog8,Make a call,CALL,,0
vcm_train_gap000588,vcm,train,ref_tagalog14,Make a call,CALL,,0
vcm_train_gap000589,vcm,train,ref_tagalog15,Make a call,CALL,,0
vcm_train_gap000590,vcm,train,ref_tagalog16,Make a call,CALL,,0
vcm_train_gap000591,vcm,train,ref_tagalog12,Make a call,CALL,,0
vcm_train_gap000592,vcm,train,ref_ilonggo1,Make a call,CALL,,0
vcm_train_gap000593,vcm,train,ref_tagalog6,Make a call,CALL,,0
vcm_train_gap000594,vcm,train,ref_tagalog5,Make a call,CALL,,0
vcm_train_gap000595,vcm,train,ref_tagalog10,Make a call,CALL,,0
vcm_train_gap000596,vcm,train,ref_tagalog7,Make a call,CALL,,0
vcm_train_gap000597,vcm,train,ref_tagalog11,Make a call,CALL,,0
vcm_train_gap000598,vcm,train,ref_tagalog9,Make a call,CALL,,0
vcm_train_gap000599,vcm,train,ref_tagalog3,Make a call,CALL,,0
vcm_train_gap000600,vcm,train,ref_tagalog1,Make a call,CALL,,0
vcm_train_gap000601,vcm,train,ref_tagalog2,Make a call,CALL,,0
vcm_train_gap000602,vcm,train,ref_tagalog13,Make a call,CALL,,0
vcm_train_gap000603,vcm,train,ref_tagalog4,Make a call,CALL,,0
vcm_train_gap000604,vcm,train,ref_tagalog8,Make a call,CALL,,0
vcm_train_gap000605,vcm,train,ref_tagalog14,Make a call,CALL,,0
vcm_train_gap000606,vcm,train,ref_tagalog15,Make a call,CALL,,0
vcm_train_gap000607,vcm,train,ref_tagalog16,Make a call,CALL,,0
vcm_train_gap000608,vcm,train,ref_tagalog12,Make a call,CALL,,0
vcm_train_gap000609,vcm,train,ref_ilonggo1,Make a call,CALL,,0
vcm_train_gap000610,vcm,train,ref_tagalog6,Make a call,CALL,,0
vcm_train_gap000611,vcm,train,ref_tagalog5,Make a call,CALL,,0
vcm_train_gap000612,vcm,train,ref_tagalog10,Make a call,CALL,,0
vcm_train_gap000613,vcm,train,ref_tagalog7,Make a call,CALL,,0
vcm_train_gap000614,vcm,train,ref_tagalog11,Make a call,CALL,,0
vcm_train_gap000615,vcm,train,ref_tagalog9,Make a call,CALL,,0
vcm_train_gap000616,vcm,train,ref_tagalog3,Make a call,CALL,,0
vcm_train_gap000617,vcm,train,ref_tagalog1,Make a call,CALL,,0
vcm_train_gap000618,vcm,train,ref_tagalog2,Make a call,CALL,,0
vcm_train_gap000619,vcm,train,ref_tagalog13,Message,MESSAGE,,0
vcm_train_gap000620,vcm,train,ref_tagalog4,Message,MESSAGE,,0
vcm_train_gap000621,vcm,train,ref_tagalog8,Message,MESSAGE,,0
vcm_train_gap000622,vcm,train,ref_tagalog14,Message,MESSAGE,,0
vcm_train_gap000623,vcm,train,ref_tagalog15,Message,MESSAGE,,0
vcm_train_gap000624,vcm,train,ref_tagalog16,Message,MESSAGE,,0
vcm_train_gap000625,vcm,train,ref_tagalog12,Message,MESSAGE,,0
vcm_train_gap000626,vcm,train,ref_ilonggo1,Message,MESSAGE,,0
vcm_train_gap000627,vcm,train,ref_tagalog6,Message,MESSAGE,,0
vcm_train_gap000628,vcm,train,ref_tagalog5,Message,MESSAGE,,0
vcm_train_gap000629,vcm,train,ref_tagalog10,Message,MESSAGE,,0
vcm_train_gap000630,vcm,train,ref_tagalog7,Message,MESSAGE,,0
vcm_train_gap000631,vcm,train,ref_tagalog11,Message,MESSAGE,,0
vcm_train_gap000632,vcm,train,ref_tagalog9,Message,MESSAGE,,0
vcm_train_gap000633,vcm,train,ref_tagalog3,Message,MESSAGE,,0
vcm_train_gap000634,vcm,train,ref_tagalog1,Message,MESSAGE,,0
vcm_train_gap000635,vcm,train,ref_tagalog2,Message,MESSAGE,,0
vcm_train_gap000636,vcm,train,ref_tagalog13,Message,MESSAGE,,0
vcm_train_gap000637,vcm,train,ref_tagalog4,Message,MESSAGE,,0
vcm_train_gap000638,vcm,train,ref_tagalog8,Message,MESSAGE,,0
vcm_train_gap000639,vcm,train,ref_tagalog14,Message,MESSAGE,,0
vcm_train_gap000640,vcm,train,ref_tagalog15,Message,MESSAGE,,0
vcm_train_gap000641,vcm,train,ref_tagalog16,Message,MESSAGE,,0
vcm_train_gap000642,vcm,train,ref_tagalog12,Message,MESSAGE,,0
vcm_train_gap000643,vcm,train,ref_ilonggo1,Message,MESSAGE,,0
vcm_train_gap000644,vcm,train,ref_tagalog6,Message,MESSAGE,,0
vcm_train_gap000645,vcm,train,ref_tagalog5,Message,MESSAGE,,0
vcm_train_gap000646,vcm,train,ref_tagalog10,Message,MESSAGE,,0
vcm_train_gap000647,vcm,train,ref_tagalog7,Message,MESSAGE,,0
vcm_train_gap000648,vcm,train,ref_tagalog11,Message,MESSAGE,,0
vcm_train_gap000649,vcm,train,ref_tagalog9,Message,MESSAGE,,0
vcm_train_gap000650,vcm,train,ref_tagalog3,Message,MESSAGE,,0
vcm_train_gap000651,vcm,train,ref_tagalog1,Message,MESSAGE,,0
vcm_train_gap000652,vcm,train,ref_tagalog2,Message,MESSAGE,,0
vcm_train_gap000653,vcm,train,ref_tagalog13,Message,MESSAGE,,0
vcm_train_gap000654,vcm,train,ref_tagalog4,Message,MESSAGE,,0
vcm_train_gap000655,vcm,train,ref_tagalog8,Message,MESSAGE,,0
vcm_train_gap000656,vcm,train,ref_tagalog14,Message,MESSAGE,,0
vcm_train_gap000657,vcm,train,ref_tagalog15,Message,MESSAGE,,0
vcm_train_gap000658,vcm,train,ref_tagalog16,Message,MESSAGE,,0
vcm_train_gap000659,vcm,train,ref_tagalog12,Message,MESSAGE,,0
vcm_train_gap000660,vcm,train,ref_ilonggo1,Message,MESSAGE,,0
vcm_train_gap000661,vcm,train,ref_tagalog6,Message,MESSAGE,,0
vcm_train_gap000662,vcm,train,ref_tagalog5,Message,MESSAGE,,0
vcm_train_gap000663,vcm,train,ref_tagalog10,Message,MESSAGE,,0
vcm_train_gap000664,vcm,train,ref_tagalog7,Message,MESSAGE,,0
vcm_train_gap000665,vcm,train,ref_tagalog11,Message,MESSAGE,,0
vcm_train_gap000666,vcm,train,ref_tagalog9,Message,MESSAGE,,0
vcm_train_gap000667,vcm,train,ref_tagalog3,Message,MESSAGE,,0
vcm_train_gap000668,vcm,train,ref_tagalog1,Message,MESSAGE,,0
vcm_train_gap000669,vcm,train,ref_tagalog2,Message,MESSAGE,,0
vcm_train_gap000670,vcm,train,ref_tagalog13,Send a message,MESSAGE,,0
vcm_train_gap000671,vcm,train,ref_tagalog4,Send a message,MESSAGE,,0
vcm_train_gap000672,vcm,train,ref_tagalog8,Send a message,MESSAGE,,0
vcm_train_gap000673,vcm,train,ref_tagalog14,Send a message,MESSAGE,,0
vcm_train_gap000674,vcm,train,ref_tagalog15,Send a message,MESSAGE,,0
vcm_train_gap000675,vcm,train,ref_tagalog16,Send a message,MESSAGE,,0
vcm_train_gap000676,vcm,train,ref_tagalog12,Send a message,MESSAGE,,0
vcm_train_gap000677,vcm,train,ref_ilonggo1,Send a message,MESSAGE,,0
vcm_train_gap000678,vcm,train,ref_tagalog6,Send a message,MESSAGE,,0
vcm_train_gap000679,vcm,train,ref_tagalog5,Send a message,MESSAGE,,0
vcm_train_gap000680,vcm,train,ref_tagalog10,Send a message,MESSAGE,,0
vcm_train_gap000681,vcm,train,ref_tagalog7,Send a message,MESSAGE,,0
vcm_train_gap000682,vcm,train,ref_tagalog11,Send a message,MESSAGE,,0
vcm_train_gap000683,vcm,train,ref_tagalog9,Send a message,MESSAGE,,0
vcm_train_gap000684,vcm,train,ref_tagalog3,Send a message,MESSAGE,,0
vcm_train_gap000685,vcm,train,ref_tagalog1,Send a message,MESSAGE,,0
vcm_train_gap000686,vcm,train,ref_tagalog2,Send a message,MESSAGE,,0
vcm_train_gap000687,vcm,train,ref_tagalog13,Send a message,MESSAGE,,0
vcm_train_gap000688,vcm,train,ref_tagalog4,Send a message,MESSAGE,,0
vcm_train_gap000689,vcm,train,ref_tagalog8,Reminders,LIST_REMINDERS,,0
vcm_train_gap000690,vcm,train,ref_tagalog14,Reminders,LIST_REMINDERS,,0
vcm_train_gap000691,vcm,train,ref_tagalog15,Reminders,LIST_REMINDERS,,0
vcm_train_gap000692,vcm,train,ref_tagalog16,Reminders,LIST_REMINDERS,,0
vcm_train_gap000693,vcm,train,ref_tagalog12,Reminders,LIST_REMINDERS,,0
vcm_train_gap000694,vcm,train,ref_ilonggo1,Reminders,LIST_REMINDERS,,0
vcm_train_gap000695,vcm,train,ref_tagalog6,Reminders,LIST_REMINDERS,,0
vcm_train_gap000696,vcm,train,ref_tagalog5,Reminders,LIST_REMINDERS,,0
vcm_train_gap000697,vcm,train,ref_tagalog10,Reminders,LIST_REMINDERS,,0
vcm_train_gap000698,vcm,train,ref_tagalog7,Reminders,LIST_REMINDERS,,0
vcm_train_gap000699,vcm,train,ref_tagalog11,Reminders,LIST_REMINDERS,,0
vcm_train_gap000700,vcm,train,ref_tagalog9,Reminders,LIST_REMINDERS,,0
vcm_train_gap000701,vcm,train,ref_tagalog3,Reminders,LIST_REMINDERS,,0
vcm_train_gap000702,vcm,train,ref_tagalog1,Reminders,LIST_REMINDERS,,0
vcm_train_gap000703,vcm,train,ref_tagalog2,Reminders,LIST_REMINDERS,,0
vcm_train_gap000704,vcm,train,ref_tagalog13,Reminders,LIST_REMINDERS,,0
vcm_train_gap000705,vcm,train,ref_tagalog4,Reminders,LIST_REMINDERS,,0
vcm_train_gap000706,vcm,train,ref_tagalog8,Reminders,LIST_REMINDERS,,0
vcm_train_gap000707,vcm,train,ref_tagalog14,Reminders,LIST_REMINDERS,,0
vcm_train_gap000708,vcm,train,ref_tagalog15,Reminders,LIST_REMINDERS,,0
vcm_train_gap000709,vcm,train,ref_tagalog16,Reminders,LIST_REMINDERS,,0
vcm_train_gap000710,vcm,train,ref_tagalog12,Reminders,LIST_REMINDERS,,0
vcm_train_gap000711,vcm,train,ref_ilonggo1,Reminders,LIST_REMINDERS,,0
vcm_train_gap000712,vcm,train,ref_tagalog6,Reminders,LIST_REMINDERS,,0
vcm_train_gap000713,vcm,train,ref_tagalog5,Reminders,LIST_REMINDERS,,0
vcm_train_gap000714,vcm,train,ref_tagalog10,Reminders,LIST_REMINDERS,,0
vcm_train_gap000715,vcm,train,ref_tagalog7,Reminders,LIST_REMINDERS,,0
vcm_train_gap000716,vcm,train,ref_tagalog11,Reminders,LIST_REMINDERS,,0
vcm_train_gap000717,vcm,train,ref_tagalog9,Reminders,LIST_REMINDERS,,0
vcm_train_gap000718,vcm,train,ref_tagalog3,Show my reminders,LIST_REMINDERS,,0
vcm_train_gap000719,vcm,train,ref_tagalog1,Show my reminders,LIST_REMINDERS,,0
vcm_train_gap000720,vcm,train,ref_tagalog2,Show my reminders,LIST_REMINDERS,,0
vcm_train_gap000721,vcm,train,ref_tagalog13,Show my reminders,LIST_REMINDERS,,0
vcm_train_gap000722,vcm,train,ref_tagalog4,Show my reminders,LIST_REMINDERS,,0
vcm_train_gap000723,vcm,train,ref_tagalog8,Show my reminders,LIST_REMINDERS,,0
vcm_train_gap000724,vcm,train,ref_tagalog14,Show my reminders,LIST_REMINDERS,,0
vcm_train_gap000725,vcm,train,ref_tagalog15,Show my reminders,LIST_REMINDERS,,0
vcm_train_gap000726,vcm,train,ref_tagalog16,Show my reminders,LIST_REMINDERS,,0
vcm_train_gap000727,vcm,train,ref_tagalog12,Show my reminders,LIST_REMINDERS,,0
vcm_train_gap000728,vcm,train,ref_ilonggo1,Show my reminders,LIST_REMINDERS,,0
vcm_train_gap000729,vcm,train,ref_tagalog6,Show my reminders,LIST_REMINDERS,,0
vcm_train_gap000730,vcm,train,ref_tagalog5,Show my reminders,LIST_REMINDERS,,0
vcm_train_gap000731,vcm,train,ref_tagalog10,Show my reminders,LIST_REMINDERS,,0
vcm_train_gap000732,vcm,train,ref_tagalog7,Show my reminders,LIST_REMINDERS,,0
vcm_train_gap000733,vcm,train,ref_tagalog11,Show my reminders,LIST_REMINDERS,,0
vcm_train_gap000734,vcm,train,ref_tagalog9,Show my reminders,LIST_REMINDERS,,0
vcm_train_gap000735,vcm,train,ref_tagalog3,Show my reminders,LIST_REMINDERS,,0
vcm_train_gap000736,vcm,train,ref_tagalog1,Show my reminders,LIST_REMINDERS,,0
vcm_train_gap000737,vcm,train,ref_tagalog2,Show my reminders,LIST_REMINDERS,,0
vcm_train_gap000738,vcm,train,ref_tagalog13,List my reminders,LIST_REMINDERS,,0
vcm_train_gap000739,vcm,train,ref_tagalog4,List my reminders,LIST_REMINDERS,,0
vcm_train_gap000740,vcm,train,ref_tagalog8,List my reminders,LIST_REMINDERS,,0
vcm_train_gap000741,vcm,train,ref_tagalog14,List my reminders,LIST_REMINDERS,,0
vcm_train_gap000742,vcm,train,ref_tagalog15,List my reminders,LIST_REMINDERS,,0
vcm_train_gap000743,vcm,train,ref_tagalog16,List my reminders,LIST_REMINDERS,,0
vcm_train_gap000744,vcm,train,ref_tagalog12,List my reminders,LIST_REMINDERS,,0
vcm_train_gap000745,vcm,train,ref_ilonggo1,Timer 10 seconds,TIMER,,0
vcm_train_gap000746,vcm,train,ref_tagalog6,Timer 10 seconds,TIMER,,0
vcm_train_gap000747,vcm,train,ref_tagalog5,Timer 10 seconds,TIMER,,0
vcm_train_gap000748,vcm,train,ref_tagalog10,Timer 10 seconds,TIMER,,0
vcm_train_gap000749,vcm,train,ref_tagalog7,Timer 10 seconds,TIMER,,0
vcm_train_gap000750,vcm,train,ref_tagalog11,Timer 10 seconds,TIMER,,0
vcm_train_gap000751,vcm,train,ref_tagalog9,Timer 10 seconds,TIMER,,0
vcm_train_gap000752,vcm,train,ref_tagalog3,Timer 10 seconds,TIMER,,0
vcm_train_gap000753,vcm,train,ref_tagalog1,Timer 10 seconds,TIMER,,0
vcm_train_gap000754,vcm,train,ref_tagalog2,Timer 10 seconds,TIMER,,0
vcm_train_gap000755,vcm,train,ref_tagalog13,Timer 1 minute,TIMER,,0
vcm_train_gap000756,vcm,train,ref_tagalog4,Timer 1 minute,TIMER,,0
vcm_train_gap000757,vcm,train,ref_tagalog8,Timer 1 minute,TIMER,,0
vcm_train_gap000758,vcm,train,ref_tagalog14,Timer 1 minute,TIMER,,0
vcm_train_gap000759,vcm,train,ref_tagalog15,Timer 1 minute,TIMER,,0
vcm_train_gap000760,vcm,train,ref_tagalog16,Timer 1 minute,TIMER,,0
vcm_train_gap000761,vcm,train,ref_tagalog12,Timer 1 minute,TIMER,,0
vcm_train_gap000762,vcm,train,ref_ilonggo1,Timer 1 minute,TIMER,,0
vcm_train_gap000763,vcm,train,ref_tagalog6,Timer 1 minute,TIMER,,0
vcm_train_gap000764,vcm,train,ref_tagalog5,Timer 1 minute,TIMER,,0
vcm_train_gap000765,vcm,train,ref_tagalog10,Timer 1 minute,TIMER,,0
vcm_train_gap000766,vcm,train,ref_tagalog7,Timer 1 minute,TIMER,,0
vcm_train_gap000767,vcm,train,ref_tagalog11,Timer 1 minute,TIMER,,0
vcm_train_gap000768,vcm,train,ref_tagalog9,Timer 1 minute,TIMER,,0
vcm_train_gap000769,vcm,train,ref_tagalog3,Timer 1 minute,TIMER,,0
vcm_train_gap000770,vcm,train,ref_tagalog1,Timer 1 minute,TIMER,,0
vcm_train_gap000771,vcm,train,ref_tagalog2,Timer 1 minute,TIMER,,0
vcm_train_gap000772,vcm,train,ref_tagalog13,Timer 1 minute,TIMER,,0
vcm_train_gap000773,vcm,train,ref_tagalog4,Timer 1 minute,TIMER,,0
vcm_train_gap000774,vcm,train,ref_tagalog8,Timer 1 minute,TIMER,,0
vcm_train_gap000775,vcm,train,ref_tagalog14,Timer 1 minute,TIMER,,0
vcm_train_gap000776,vcm,train,ref_tagalog15,Timer 1 minute,TIMER,,0
vcm_train_gap000777,vcm,train,ref_tagalog16,Timer 1 minute,TIMER,,0
vcm_train_gap000778,vcm,train,ref_tagalog12,Timer 1 minute,TIMER,,0
vcm_train_gap000779,vcm,train,ref_ilonggo1,Timer 1 minute,TIMER,,0
vcm_train_gap000780,vcm,train,ref_tagalog6,Timer 1 minute,TIMER,,0
vcm_train_gap000781,vcm,train,ref_tagalog5,Timer 1 minute,TIMER,,0
vcm_train_gap000782,vcm,train,ref_tagalog10,Timer 1 minute,TIMER,,0
vcm_train_gap000783,vcm,train,ref_tagalog7,Timer 1 minute,TIMER,,0
vcm_train_gap000784,vcm,train,ref_tagalog11,Timer 1 minute,TIMER,,0
vcm_train_gap000785,vcm,train,ref_tagalog9,Timer 1 minute,TIMER,,0
vcm_train_gap000786,vcm,train,ref_tagalog3,Timer 1 minute,TIMER,,0
vcm_train_gap000787,vcm,train,ref_tagalog1,Timer 1 minute,TIMER,,0
vcm_train_gap000788,vcm,train,ref_tagalog2,Timer 1 minute,TIMER,,0
vcm_train_gap000789,vcm,train,ref_tagalog13,Timer 1 minute,TIMER,,0
vcm_train_gap000790,vcm,train,ref_tagalog4,Timer 1 minute,TIMER,,0
vcm_train_gap000791,vcm,train,ref_tagalog8,Timer 1 minute,TIMER,,0
vcm_train_gap000792,vcm,train,ref_tagalog14,Timer 1 minute,TIMER,,0
vcm_train_gap000793,vcm,train,ref_tagalog15,Timer 1 minute,TIMER,,0
vcm_train_gap000794,vcm,train,ref_tagalog16,Timer 1 minute,TIMER,,0
vcm_train_gap000795,vcm,train,ref_tagalog12,Timer 1 minute,TIMER,,0
vcm_train_gap000796,vcm,train,ref_ilonggo1,Timer 1 minute,TIMER,,0
vcm_train_gap000797,vcm,train,ref_tagalog6,Timer 1 minute,TIMER,,0
vcm_train_gap000798,vcm,train,ref_tagalog5,Timer 1 minute,TIMER,,0
vcm_train_gap000799,vcm,train,ref_tagalog10,Timer 1 minute,TIMER,,0
vcm_train_gap000800,vcm,train,ref_tagalog7,Timer 1 minute,TIMER,,0
vcm_train_gap000801,vcm,train,ref_tagalog11,Timer 1 minute,TIMER,,0
vcm_train_gap000802,vcm,train,ref_tagalog9,Timer 1 minute,TIMER,,0
vcm_train_gap000803,vcm,train,ref_tagalog3,Timer 1 minute,TIMER,,0
vcm_train_gap000804,vcm,train,ref_tagalog1,Timer 1 minute,TIMER,,0
vcm_train_gap000805,vcm,train,ref_tagalog2,Timer 1 minute,TIMER,,0
vcm_train_gap000806,vcm,train,ref_tagalog13,Timer 1 minute,TIMER,,0
vcm_train_gap000807,vcm,train,ref_tagalog4,Timer 1 minute,TIMER,,0
vcm_train_gap000808,vcm,train,ref_tagalog8,Timer 1 minute,TIMER,,0
vcm_train_gap000809,vcm,train,ref_tagalog14,Countdown for 1 minute,TIMER,,0
vcm_train_gap000810,vcm,train,ref_tagalog15,Countdown for 1 minute,TIMER,,0
vcm_train_gap000811,vcm,train,ref_tagalog16,Countdown for 1 minute,TIMER,,0
vcm_train_gap000812,vcm,train,ref_tagalog12,Countdown for 1 minute,TIMER,,0
vcm_train_gap000813,vcm,train,ref_ilonggo1,Countdown for 1 minute,TIMER,,0
vcm_train_gap000814,vcm,train,ref_tagalog6,Countdown for 1 minute,TIMER,,0
vcm_train_gap000815,vcm,train,ref_tagalog5,Countdown for 1 minute,TIMER,,0
vcm_train_gap000816,vcm,train,ref_tagalog10,Countdown for 1 minute,TIMER,,0
vcm_train_gap000817,vcm,train,ref_tagalog7,Countdown for 1 minute,TIMER,,0
vcm_train_gap000818,vcm,train,ref_tagalog11,Countdown for 1 minute,TIMER,,0
vcm_train_gap000819,vcm,train,ref_tagalog9,Countdown for 1 minute,TIMER,,0
vcm_train_gap000820,vcm,train,ref_tagalog3,Countdown for 1 minute,TIMER,,0
vcm_train_gap000821,vcm,train,ref_tagalog1,Countdown for 1 minute,TIMER,,0
vcm_train_gap000822,vcm,train,ref_tagalog2,Countdown for 1 minute,TIMER,,0
vcm_train_gap000823,vcm,train,ref_tagalog13,Countdown for 1 minute,TIMER,,0
vcm_train_gap000824,vcm,train,ref_tagalog4,Countdown for 1 minute,TIMER,,0
vcm_train_gap000825,vcm,train,ref_tagalog8,Countdown for 1 minute,TIMER,,0
vcm_train_gap000826,vcm,train,ref_tagalog14,Countdown for 1 minute,TIMER,,0
vcm_train_gap000827,vcm,train,ref_tagalog15,Countdown for 1 minute,TIMER,,0
vcm_train_gap000828,vcm,train,ref_tagalog16,Countdown for 1 minute,TIMER,,0
vcm_train_gap000829,vcm,train,ref_tagalog12,Countdown for 1 minute,TIMER,,0
vcm_train_gap000830,vcm,train,ref_ilonggo1,Countdown for 1 minute,TIMER,,0
vcm_train_gap000831,vcm,train,ref_tagalog6,Countdown for 1 minute,TIMER,,0
vcm_train_gap000832,vcm,train,ref_tagalog5,Countdown for 1 minute,TIMER,,0
vcm_train_gap000833,vcm,train,ref_tagalog10,Countdown for 1 minute,TIMER,,0
vcm_train_gap000834,vcm,train,ref_tagalog7,Countdown for 1 minute,TIMER,,0
vcm_train_gap000835,vcm,train,ref_tagalog11,Countdown for 1 minute,TIMER,,0
vcm_train_gap000836,vcm,train,ref_tagalog9,Countdown for 1 minute,TIMER,,0
vcm_train_gap000837,vcm,train,ref_tagalog3,Countdown for 1 minute,TIMER,,0
vcm_train_gap000838,vcm,train,ref_tagalog1,Countdown for 1 minute,TIMER,,0
vcm_train_gap000839,vcm,train,ref_tagalog2,Countdown for 1 minute,TIMER,,0
vcm_train_gap000840,vcm,train,ref_tagalog13,Countdown for 1 minute,TIMER,,0
vcm_train_gap000841,vcm,train,ref_tagalog4,Countdown for 1 minute,TIMER,,0
vcm_train_gap000842,vcm,train,ref_tagalog8,Countdown for 1 minute,TIMER,,0
vcm_train_gap000843,vcm,train,ref_tagalog14,Countdown for 1 minute,TIMER,,0
vcm_train_gap000844,vcm,train,ref_tagalog15,Countdown for 1 minute,TIMER,,0
vcm_train_gap000845,vcm,train,ref_tagalog16,Countdown for 1 minute,TIMER,,0
vcm_train_gap000846,vcm,train,ref_tagalog12,Start a timer for 30 seconds,TIMER,,0
vcm_train_gap000847,vcm,train,ref_ilonggo1,Start a timer for 30 seconds,TIMER,,0
vcm_train_gap000848,vcm,train,ref_tagalog6,Start a timer for 1 minute,TIMER,,0
vcm_train_gap000849,vcm,train,ref_tagalog5,Start a timer for 1 minute,TIMER,,0
vcm_train_gap000850,vcm,train,ref_tagalog10,Alarm 6 AM,ALARM,,0
vcm_train_gap000851,vcm,train,ref_tagalog7,Alarm 6 AM,ALARM,,0
vcm_train_gap000852,vcm,train,ref_tagalog11,Alarm 6 AM,ALARM,,0
vcm_train_gap000853,vcm,train,ref_tagalog9,Alarm 6 AM,ALARM,,0
vcm_train_gap000854,vcm,train,ref_tagalog3,Alarm 6 AM,ALARM,,0
vcm_train_gap000855,vcm,train,ref_tagalog1,Alarm 6 AM,ALARM,,0
vcm_train_gap000856,vcm,train,ref_tagalog2,Alarm 6 AM,ALARM,,0
vcm_train_gap000857,vcm,train,ref_tagalog13,Alarm 6 AM,ALARM,,0
vcm_train_gap000858,vcm,train,ref_tagalog4,Alarm 6 AM,ALARM,,0
vcm_train_gap000859,vcm,train,ref_tagalog8,Alarm 6 AM,ALARM,,0
vcm_train_gap000860,vcm,train,ref_tagalog14,Alarm 6 AM,ALARM,,0
vcm_train_gap000861,vcm,train,ref_tagalog15,Alarm 6 AM,ALARM,,0
vcm_train_gap000862,vcm,train,ref_tagalog16,Alarm 6 AM,ALARM,,0
vcm_train_gap000863,vcm,train,ref_tagalog12,Alarm 6 AM,ALARM,,0
vcm_train_gap000864,vcm,train,ref_ilonggo1,Alarm 6 AM,ALARM,,0
vcm_train_gap000865,vcm,train,ref_tagalog6,Alarm 6 AM,ALARM,,0
vcm_train_gap000866,vcm,train,ref_tagalog5,Alarm 6 AM,ALARM,,0
vcm_train_gap000867,vcm,train,ref_tagalog10,Alarm 6 AM,ALARM,,0
vcm_train_gap000868,vcm,train,ref_tagalog7,Alarm 6 AM,ALARM,,0
vcm_train_gap000869,vcm,train,ref_tagalog11,Alarm 6 AM,ALARM,,0
vcm_train_gap000870,vcm,train,ref_tagalog9,Alarm 6 AM,ALARM,,0
vcm_train_gap000871,vcm,train,ref_tagalog3,Alarm 6 AM,ALARM,,0
vcm_train_gap000872,vcm,train,ref_tagalog1,Alarm 6 AM,ALARM,,0
vcm_train_gap000873,vcm,train,ref_tagalog2,Alarm 8 AM,ALARM,,0
vcm_train_gap000874,vcm,train,ref_tagalog13,Alarm 8 AM,ALARM,,0
vcm_train_gap000875,vcm,train,ref_tagalog4,Alarm 8 AM,ALARM,,0
vcm_train_gap000876,vcm,train,ref_tagalog8,Alarm 8 AM,ALARM,,0
vcm_train_gap000877,vcm,train,ref_tagalog14,Alarm 8 AM,ALARM,,0
vcm_train_gap000878,vcm,train,ref_tagalog15,Alarm 8 AM,ALARM,,0
vcm_train_gap000879,vcm,train,ref_tagalog16,Alarm 8 AM,ALARM,,0
vcm_train_gap000880,vcm,train,ref_tagalog12,Alarm 8 AM,ALARM,,0
vcm_train_gap000881,vcm,train,ref_ilonggo1,Alarm 8 AM,ALARM,,0
vcm_train_gap000882,vcm,train,ref_tagalog6,Alarm 8 AM,ALARM,,0
vcm_train_gap000883,vcm,train,ref_tagalog5,Alarm 8 AM,ALARM,,0
vcm_train_gap000884,vcm,train,ref_tagalog10,Alarm 8 AM,ALARM,,0
vcm_train_gap000885,vcm,train,ref_tagalog7,Alarm 8 AM,ALARM,,0
vcm_train_gap000886,vcm,train,ref_tagalog11,Alarm 8 AM,ALARM,,0
vcm_train_gap000887,vcm,train,ref_tagalog9,Alarm 8 AM,ALARM,,0
vcm_train_gap000888,vcm,train,ref_tagalog3,Alarm 8 AM,ALARM,,0
vcm_train_gap000889,vcm,train,ref_tagalog1,Alarm 8 AM,ALARM,,0
vcm_train_gap000890,vcm,train,ref_tagalog2,Alarm 9 PM,ALARM,,0
vcm_train_gap000891,vcm,train,ref_tagalog13,Alarm 9 PM,ALARM,,0
vcm_train_gap000892,vcm,train,ref_tagalog4,Alarm 9 PM,ALARM,,0
vcm_train_gap000893,vcm,train,ref_tagalog8,Alarm 9 PM,ALARM,,0
vcm_train_gap000894,vcm,train,ref_tagalog14,Alarm 9 PM,ALARM,,0
vcm_train_gap000895,vcm,train,ref_tagalog15,Alarm 9 PM,ALARM,,0
vcm_train_gap000896,vcm,train,ref_tagalog16,Alarm 9 PM,ALARM,,0
vcm_train_gap000897,vcm,train,ref_tagalog12,Alarm 9 PM,ALARM,,0
vcm_train_gap000898,vcm,train,ref_ilonggo1,Alarm 9 PM,ALARM,,0
vcm_train_gap000899,vcm,train,ref_tagalog6,Alarm 9 PM,ALARM,,0
vcm_train_gap000900,vcm,train,ref_tagalog5,Alarm 9 PM,ALARM,,0
vcm_train_gap000901,vcm,train,ref_tagalog10,Alarm 9 PM,ALARM,,0
vcm_train_gap000902,vcm,train,ref_tagalog7,Alarm 9 PM,ALARM,,0
vcm_train_gap000903,vcm,train,ref_tagalog11,Alarm 9 PM,ALARM,,0
vcm_train_gap000904,vcm,train,ref_tagalog9,Alarm 9 PM,ALARM,,0
vcm_train_gap000905,vcm,train,ref_tagalog3,Alarm 9 PM,ALARM,,0
vcm_train_gap000906,vcm,train,ref_tagalog1,Alarm 9 PM,ALARM,,0
vcm_train_gap000907,vcm,train,ref_tagalog2,Alarm 9 PM,ALARM,,0
vcm_train_gap000908,vcm,train,ref_tagalog13,Alarm 9 PM,ALARM,,0
vcm_train_gap000909,vcm,train,ref_tagalog4,Alarm 9 PM,ALARM,,0
vcm_train_gap000910,vcm,train,ref_tagalog8,Alarm 9 PM,ALARM,,0
vcm_train_gap000911,vcm,train,ref_tagalog14,Alarm 9 PM,ALARM,,0
vcm_train_gap000912,vcm,train,ref_tagalog15,Alarm 9 PM,ALARM,,0
vcm_train_gap000913,vcm,train,ref_tagalog16,Alarm 9 PM,ALARM,,0
vcm_train_gap000914,vcm,train,ref_tagalog12,Alarm 9 PM,ALARM,,0
vcm_train_gap000915,vcm,train,ref_ilonggo1,Alarm 9 PM,ALARM,,0
vcm_train_gap000916,vcm,train,ref_tagalog6,Alarm 9 PM,ALARM,,0
vcm_train_gap000917,vcm,train,ref_tagalog5,Alarm 9 PM,ALARM,,0
vcm_train_gap000918,vcm,train,ref_tagalog10,Alarm 9 PM,ALARM,,0
vcm_train_gap000919,vcm,train,ref_tagalog7,Alarm 9 PM,ALARM,,0
vcm_train_gap000920,vcm,train,ref_tagalog11,Alarm 9 PM,ALARM,,0
vcm_train_gap000921,vcm,train,ref_tagalog9,Alarm 9 PM,ALARM,,0
vcm_train_gap000922,vcm,train,ref_tagalog3,Alarm 9 PM,ALARM,,0
vcm_train_gap000923,vcm,train,ref_tagalog1,Wake me up at 6 AM,ALARM,,0
vcm_train_gap000924,vcm,train,ref_tagalog2,Wake me up at 6 AM,ALARM,,0
vcm_train_gap000925,vcm,train,ref_tagalog13,Wake me up at 6 AM,ALARM,,0
vcm_train_gap000926,vcm,train,ref_tagalog4,Wake me up at 6 AM,ALARM,,0
vcm_train_gap000927,vcm,train,ref_tagalog8,Wake me up at 6 AM,ALARM,,0
vcm_train_gap000928,vcm,train,ref_tagalog14,Wake me up at 6 AM,ALARM,,0
vcm_train_gap000929,vcm,train,ref_tagalog15,Wake me up at 6 AM,ALARM,,0
vcm_train_gap000930,vcm,train,ref_tagalog16,Wake me up at 6 AM,ALARM,,0
vcm_train_gap000931,vcm,train,ref_tagalog12,Wake me up at 6 AM,ALARM,,0
vcm_train_gap000932,vcm,train,ref_ilonggo1,Wake me up at 6 AM,ALARM,,0
vcm_train_gap000933,vcm,train,ref_tagalog6,Wake me up at 6 AM,ALARM,,0
vcm_train_gap000934,vcm,train,ref_tagalog5,Wake me up at 6 AM,ALARM,,0
vcm_train_gap000935,vcm,train,ref_tagalog10,Wake me up at 6 AM,ALARM,,0
vcm_train_gap000936,vcm,train,ref_tagalog7,Wake me up at 6 AM,ALARM,,0
vcm_train_gap000937,vcm,train,ref_tagalog11,Wake me up at 6 AM,ALARM,,0
vcm_train_gap000938,vcm,train,ref_tagalog9,Wake me up at 6 AM,ALARM,,0
vcm_train_gap000939,vcm,train,ref_tagalog3,Wake me up at 6 AM,ALARM,,0
vcm_train_gap000940,vcm,train,ref_tagalog1,Wake me up at 6 AM,ALARM,,0
vcm_train_gap000941,vcm,train,ref_tagalog2,Wake me up at 6 AM,ALARM,,0
vcm_train_gap000942,vcm,train,ref_tagalog13,Wake me up at 6 AM,ALARM,,0
vcm_train_gap000943,vcm,train,ref_tagalog4,Wake me up at 6 AM,ALARM,,0
vcm_train_gap000944,vcm,train,ref_tagalog8,Wake me up at 6 AM,ALARM,,0
vcm_train_gap000945,vcm,train,ref_tagalog14,Wake me up at 6 AM,ALARM,,0
vcm_train_gap000946,vcm,train,ref_tagalog15,Wake me up at 6 AM,ALARM,,0
vcm_train_gap000947,vcm,train,ref_tagalog16,Wake me up at 6 AM,ALARM,,0
vcm_train_gap000948,vcm,train,ref_tagalog12,Wake me up at 6 AM,ALARM,,0
vcm_train_gap000949,vcm,train,ref_ilonggo1,Wake me up at 6 AM,ALARM,,0
vcm_train_gap000950,vcm,train,ref_tagalog6,Wake me up at 6 AM,ALARM,,0
vcm_train_gap000951,vcm,train,ref_tagalog5,Wake me up at 6 AM,ALARM,,0
vcm_train_gap000952,vcm,train,ref_tagalog10,Wake me up at 9 PM,ALARM,,0
vcm_train_gap000953,vcm,train,ref_tagalog7,Wake me up at 9 PM,ALARM,,0
vcm_train_gap000954,vcm,train,ref_tagalog11,Wake me up at 9 PM,ALARM,,0
vcm_train_gap000955,vcm,train,ref_tagalog9,Wake me up at 9 PM,ALARM,,0
vcm_train_gap000956,vcm,train,ref_tagalog3,Wake me up at 9 PM,ALARM,,0
vcm_train_gap000957,vcm,train,ref_tagalog1,Wake me up at 9 PM,ALARM,,0
vcm_train_gap000958,vcm,train,ref_tagalog2,Wake me up at 9 PM,ALARM,,0
vcm_train_gap000959,vcm,train,ref_tagalog13,Wake me up at 9 PM,ALARM,,0
vcm_train_gap000960,vcm,train,ref_tagalog4,Wake me up at 9 PM,ALARM,,0
vcm_train_gap000961,vcm,train,ref_tagalog8,Wake me up at 9 PM,ALARM,,0
vcm_train_gap000962,vcm,train,ref_tagalog14,Wake me up at 9 PM,ALARM,,0
vcm_train_gap000963,vcm,train,ref_tagalog15,Wake me up at 9 PM,ALARM,,0
vcm_train_gap000964,vcm,train,ref_tagalog16,Wake me up at 9 PM,ALARM,,0
vcm_train_gap000965,vcm,train,ref_tagalog12,Wake me up at 9 PM,ALARM,,0
vcm_train_gap000966,vcm,train,ref_ilonggo1,Wake me up at 9 PM,ALARM,,0
vcm_train_gap000967,vcm,train,ref_tagalog6,Wake me up at 9 PM,ALARM,,0
vcm_train_gap000968,vcm,train,ref_tagalog5,Wake me up at 9 PM,ALARM,,0
vcm_train_gap000969,vcm,train,ref_tagalog10,Wake me up at 9 PM,ALARM,,0
vcm_train_gap000970,vcm,train,ref_tagalog7,Wake me up at 9 PM,ALARM,,0
vcm_train_gap000971,vcm,train,ref_tagalog11,Wake me up at 9 PM,ALARM,,0
vcm_train_gap000972,vcm,train,ref_tagalog9,Wake me up at 9 PM,ALARM,,0
vcm_train_gap000973,vcm,train,ref_tagalog3,Wake me up at 9 PM,ALARM,,0
vcm_train_gap000974,vcm,train,ref_tagalog1,Wake me up at 9 PM,ALARM,,0
vcm_train_gap000975,vcm,train,ref_tagalog2,Wake me up at 9 PM,ALARM,,0
vcm_train_gap000976,vcm,train,ref_tagalog13,Wake me up at 9 PM,ALARM,,0
vcm_train_gap000977,vcm,train,ref_tagalog4,Wake me up at 9 PM,ALARM,,0
vcm_train_gap000978,vcm,train,ref_tagalog8,Wake me up at 9 PM,ALARM,,0
vcm_train_gap000979,vcm,train,ref_tagalog14,Wake me up at 9 PM,ALARM,,0
vcm_train_gap000980,vcm,train,ref_tagalog15,Wake me up at 9 PM,ALARM,,0
vcm_train_gap000981,vcm,train,ref_tagalog16,Wake me up at 9 PM,ALARM,,0
vcm_train_gap000982,vcm,train,ref_tagalog12,Wake me up at 9 PM,ALARM,,0
vcm_train_gap000983,vcm,train,ref_ilonggo1,Wake me up at 9 PM,ALARM,,0
vcm_train_gap000984,vcm,train,ref_tagalog6,Set an alarm for 9 PM,ALARM,,0
vcm_train_gap000985,vcm,train,ref_tagalog5,Set an alarm for 9 PM,ALARM,,0
vcm_train_gap000986,vcm,train,ref_tagalog10,Set an alarm for 9 PM,ALARM,,0
vcm_train_gap000987,vcm,train,ref_tagalog7,Set an alarm for 9 PM,ALARM,,0
vcm_train_gap000988,vcm,train,ref_tagalog11,Set an alarm for 9 PM,ALARM,,0
vcm_train_gap000989,vcm,train,ref_tagalog9,Set an alarm for 9 PM,ALARM,,0
vcm_train_gap000990,vcm,train,ref_tagalog3,Set an alarm for 9 PM,ALARM,,0
vcm_train_gap000991,vcm,train,ref_tagalog1,Set an alarm for 9 PM,ALARM,,0
vcm_train_gap000992,vcm,train,ref_tagalog2,Temperature 18 degrees,TEMPERATURE,,0
vcm_train_gap000993,vcm,train,ref_tagalog13,Temperature 18 degrees,TEMPERATURE,,0
vcm_train_gap000994,vcm,train,ref_tagalog4,Temperature 26 degrees,TEMPERATURE,,0
vcm_train_gap000995,vcm,train,ref_tagalog8,Temperature 26 degrees,TEMPERATURE,,0
vcm_train_gap000996,vcm,train,ref_tagalog14,Temperature 26 degrees,TEMPERATURE,,0
vcm_train_gap000997,vcm,train,ref_tagalog15,Temperature 26 degrees,TEMPERATURE,,0
vcm_train_gap000998,vcm,train,ref_tagalog16,Temperature 26 degrees,TEMPERATURE,,0
vcm_train_gap000999,vcm,train,ref_tagalog12,Temperature 26 degrees,TEMPERATURE,,0
vcm_train_gap001000,vcm,train,ref_ilonggo1,Set the temperature to 18 degrees,TEMPERATURE,,0
vcm_train_gap001001,vcm,train,ref_tagalog6,Set the temperature to 18 degrees,TEMPERATURE,,0
vcm_train_gap001002,vcm,train,ref_tagalog5,Set the temperature to 18 degrees,TEMPERATURE,,0
vcm_train_gap001003,vcm,train,ref_tagalog10,Set the temperature to 18 degrees,TEMPERATURE,,0
vcm_train_gap001004,vcm,train,ref_tagalog7,Set the temperature to 18 degrees,TEMPERATURE,,0
vcm_train_gap001005,vcm,train,ref_tagalog11,Set the temperature to 18 degrees,TEMPERATURE,,0
vcm_train_gap001006,vcm,train,ref_tagalog9,Set the temperature to 18 degrees,TEMPERATURE,,0
vcm_train_gap001007,vcm,train,ref_tagalog3,Set the temperature to 18 degrees,TEMPERATURE,,0
vcm_train_gap001008,vcm,train,ref_tagalog1,Set the temperature to 18 degrees,TEMPERATURE,,0
vcm_train_gap001009,vcm,train,ref_tagalog2,Set the temperature to 18 degrees,TEMPERATURE,,0
vcm_train_gap001010,vcm,train,ref_tagalog13,Set the temperature to 18 degrees,TEMPERATURE,,0
vcm_train_gap001011,vcm,train,ref_tagalog4,Set the temperature to 18 degrees,TEMPERATURE,,0
vcm_train_gap001012,vcm,train,ref_tagalog8,Set the temperature to 18 degrees,TEMPERATURE,,0
vcm_train_gap001013,vcm,train,ref_tagalog14,Set the temperature to 18 degrees,TEMPERATURE,,0
vcm_train_gap001014,vcm,train,ref_tagalog15,Set the temperature to 18 degrees,TEMPERATURE,,0
vcm_train_gap001015,vcm,train,ref_tagalog16,Set the temperature to 18 degrees,TEMPERATURE,,0
vcm_train_gap001016,vcm,train,ref_tagalog12,Set the temperature to 22 degrees,TEMPERATURE,,0
vcm_train_gap001017,vcm,train,ref_ilonggo1,Set the temperature to 22 degrees,TEMPERATURE,,0
vcm_train_gap001018,vcm,train,ref_tagalog6,Set the temperature to 22 degrees,TEMPERATURE,,0
vcm_train_gap001019,vcm,train,ref_tagalog5,Set the temperature to 22 degrees,TEMPERATURE,,0
vcm_train_gap001020,vcm,train,ref_tagalog10,Set the temperature to 22 degrees,TEMPERATURE,,0
vcm_train_gap001021,vcm,train,ref_tagalog7,Set the temperature to 22 degrees,TEMPERATURE,,0
vcm_train_gap001022,vcm,train,ref_tagalog11,Brightness 20 percent,BRIGHTNESS,,0
vcm_train_gap001023,vcm,train,ref_tagalog9,Brightness 20 percent,BRIGHTNESS,,0
vcm_train_gap001024,vcm,train,ref_tagalog3,Brightness 20 percent,BRIGHTNESS,,0
vcm_train_gap001025,vcm,train,ref_tagalog1,Brightness 20 percent,BRIGHTNESS,,0
vcm_train_gap001026,vcm,train,ref_tagalog2,Brightness 20 percent,BRIGHTNESS,,0
vcm_train_gap001027,vcm,train,ref_tagalog13,Brightness 20 percent,BRIGHTNESS,,0
vcm_train_gap001028,vcm,train,ref_tagalog4,Brightness 20 percent,BRIGHTNESS,,0
vcm_train_gap001029,vcm,train,ref_tagalog8,Brightness 20 percent,BRIGHTNESS,,0
vcm_train_gap001030,vcm,train,ref_tagalog14,Brightness 20 percent,BRIGHTNESS,,0
vcm_train_gap001031,vcm,train,ref_tagalog15,Brightness 20 percent,BRIGHTNESS,,0
vcm_train_gap001032,vcm,train,ref_tagalog16,Brightness 20 percent,BRIGHTNESS,,0
vcm_train_gap001033,vcm,train,ref_tagalog12,Brightness 20 percent,BRIGHTNESS,,0
vcm_train_gap001034,vcm,train,ref_ilonggo1,Brightness 20 percent,BRIGHTNESS,,0
vcm_train_gap001035,vcm,train,ref_tagalog6,Brightness 20 percent,BRIGHTNESS,,0
vcm_train_gap001036,vcm,train,ref_tagalog5,Brightness 20 percent,BRIGHTNESS,,0
vcm_train_gap001037,vcm,train,ref_tagalog10,Brightness 20 percent,BRIGHTNESS,,0
vcm_train_gap001038,vcm,train,ref_tagalog7,Brightness 20 percent,BRIGHTNESS,,0
vcm_train_gap001039,vcm,train,ref_tagalog11,Brightness 20 percent,BRIGHTNESS,,0
vcm_train_gap001040,vcm,train,ref_tagalog9,Brightness 20 percent,BRIGHTNESS,,0
vcm_train_gap001041,vcm,train,ref_tagalog3,Brightness 20 percent,BRIGHTNESS,,0
vcm_train_gap001042,vcm,train,ref_tagalog1,Brightness 20 percent,BRIGHTNESS,,0
vcm_train_gap001043,vcm,train,ref_tagalog2,Brightness 20 percent,BRIGHTNESS,,0
vcm_train_gap001044,vcm,train,ref_tagalog13,Brightness 20 percent,BRIGHTNESS,,0
vcm_train_gap001045,vcm,train,ref_tagalog4,Brightness 20 percent,BRIGHTNESS,,0
vcm_train_gap001046,vcm,train,ref_tagalog8,Brightness 20 percent,BRIGHTNESS,,0
vcm_train_gap001047,vcm,train,ref_tagalog14,Brightness 20 percent,BRIGHTNESS,,0
vcm_train_gap001048,vcm,train,ref_tagalog15,Brightness 20 percent,BRIGHTNESS,,0
vcm_train_gap001049,vcm,train,ref_tagalog16,Brightness 20 percent,BRIGHTNESS,,0
vcm_train_gap001050,vcm,train,ref_tagalog12,Brightness 20 percent,BRIGHTNESS,,0
vcm_train_gap001051,vcm,train,ref_ilonggo1,Brightness 20 percent,BRIGHTNESS,,0
vcm_train_gap001052,vcm,train,ref_tagalog6,Brightness 20 percent,BRIGHTNESS,,0
vcm_train_gap001053,vcm,train,ref_tagalog5,Brightness 20 percent,BRIGHTNESS,,0
vcm_train_gap001054,vcm,train,ref_tagalog10,Brightness 20 percent,BRIGHTNESS,,0
vcm_train_gap001055,vcm,train,ref_tagalog7,Brightness 20 percent,BRIGHTNESS,,0
vcm_train_gap001056,vcm,train,ref_tagalog11,Brightness 20 percent,BRIGHTNESS,,0
vcm_train_gap001057,vcm,train,ref_tagalog9,Brightness 20 percent,BRIGHTNESS,,0
vcm_train_gap001058,vcm,train,ref_tagalog3,Brightness 20 percent,BRIGHTNESS,,0
vcm_train_gap001059,vcm,train,ref_tagalog1,Brightness 20 percent,BRIGHTNESS,,0
vcm_train_gap001060,vcm,train,ref_tagalog2,Brightness 20 percent,BRIGHTNESS,,0
vcm_train_gap001061,vcm,train,ref_tagalog13,Brightness 20 percent,BRIGHTNESS,,0
vcm_train_gap001062,vcm,train,ref_tagalog4,Brightness 20 percent,BRIGHTNESS,,0
vcm_train_gap001063,vcm,train,ref_tagalog8,Brightness 20 percent,BRIGHTNESS,,0
vcm_train_gap001064,vcm,train,ref_tagalog14,Brightness 20 percent,BRIGHTNESS,,0
vcm_train_gap001065,vcm,train,ref_tagalog15,Brightness 20 percent,BRIGHTNESS,,0
vcm_train_gap001066,vcm,train,ref_tagalog16,Brightness 20 percent,BRIGHTNESS,,0
vcm_train_gap001067,vcm,train,ref_tagalog12,Brightness 20 percent,BRIGHTNESS,,0
vcm_train_gap001068,vcm,train,ref_ilonggo1,Brightness 20 percent,BRIGHTNESS,,0
vcm_train_gap001069,vcm,train,ref_tagalog6,Brightness 20 percent,BRIGHTNESS,,0
vcm_train_gap001070,vcm,train,ref_tagalog5,Brightness 20 percent,BRIGHTNESS,,0
vcm_train_gap001071,vcm,train,ref_tagalog10,Brightness 20 percent,BRIGHTNESS,,0
vcm_train_gap001072,vcm,train,ref_tagalog7,Brightness 20 percent,BRIGHTNESS,,0
vcm_train_gap001073,vcm,train,ref_tagalog11,Brightness 20 percent,BRIGHTNESS,,0
vcm_train_gap001074,vcm,train,ref_tagalog9,Brightness 20 percent,BRIGHTNESS,,0
vcm_train_gap001075,vcm,train,ref_tagalog3,Brightness 20 percent,BRIGHTNESS,,0
vcm_train_gap001076,vcm,train,ref_tagalog1,Brightness 20 percent,BRIGHTNESS,,0
vcm_train_gap001077,vcm,train,ref_tagalog2,Brightness 20 percent,BRIGHTNESS,,0
vcm_train_gap001078,vcm,train,ref_tagalog13,Brightness 20 percent,BRIGHTNESS,,0
vcm_train_gap001079,vcm,train,ref_tagalog4,Brightness 20 percent,BRIGHTNESS,,0
vcm_train_gap001080,vcm,train,ref_tagalog8,Brightness 20 percent,BRIGHTNESS,,0
vcm_train_gap001081,vcm,train,ref_tagalog14,Brightness 20 percent,BRIGHTNESS,,0
vcm_train_gap001082,vcm,train,ref_tagalog15,Brightness 20 percent,BRIGHTNESS,,0
vcm_train_gap001083,vcm,train,ref_tagalog16,Brightness 20 percent,BRIGHTNESS,,0
vcm_train_gap001084,vcm,train,ref_tagalog12,Brightness 20 percent,BRIGHTNESS,,0
vcm_train_gap001085,vcm,train,ref_ilonggo1,Brightness 20 percent,BRIGHTNESS,,0
vcm_train_gap001086,vcm,train,ref_tagalog6,Brightness 20 percent,BRIGHTNESS,,0
vcm_train_gap001087,vcm,train,ref_tagalog5,Brightness 20 percent,BRIGHTNESS,,0
vcm_train_gap001088,vcm,train,ref_tagalog10,Brightness 20 percent,BRIGHTNESS,,0
vcm_train_gap001089,vcm,train,ref_tagalog7,Brightness 20 percent,BRIGHTNESS,,0
vcm_train_gap001090,vcm,train,ref_tagalog11,Brightness 20 percent,BRIGHTNESS,,0
vcm_train_gap001091,vcm,train,ref_tagalog9,Brightness 20 percent,BRIGHTNESS,,0
vcm_train_gap001092,vcm,train,ref_tagalog3,Brightness 20 percent,BRIGHTNESS,,0
vcm_train_gap001093,vcm,train,ref_tagalog1,Brightness 20 percent,BRIGHTNESS,,0
vcm_train_gap001094,vcm,train,ref_tagalog2,Brightness 20 percent,BRIGHTNESS,,0
vcm_train_gap001095,vcm,train,ref_tagalog13,Brightness 20 percent,BRIGHTNESS,,0
vcm_train_gap001096,vcm,train,ref_tagalog4,Brightness 20 percent,BRIGHTNESS,,0
vcm_train_gap001097,vcm,train,ref_tagalog8,Brightness 20 percent,BRIGHTNESS,,0
vcm_train_gap001098,vcm,train,ref_tagalog14,Brightness 20 percent,BRIGHTNESS,,0
vcm_train_gap001099,vcm,train,ref_tagalog15,Brightness 20 percent,BRIGHTNESS,,0
vcm_train_gap001100,vcm,train,ref_tagalog16,Brightness 20 percent,BRIGHTNESS,,0
vcm_train_gap001101,vcm,train,ref_tagalog12,Brightness 20 percent,BRIGHTNESS,,0
vcm_train_gap001102,vcm,train,ref_ilonggo1,Brightness 20 percent,BRIGHTNESS,,0
vcm_train_gap001103,vcm,train,ref_tagalog6,Brightness 20 percent,BRIGHTNESS,,0
vcm_train_gap001104,vcm,train,ref_tagalog5,Brightness 20 percent,BRIGHTNESS,,0
vcm_train_gap001105,vcm,train,ref_tagalog10,Brightness 20 percent,BRIGHTNESS,,0
vcm_train_gap001106,vcm,train,ref_tagalog7,Brightness 20 percent,BRIGHTNESS,,0
vcm_train_gap001107,vcm,train,ref_tagalog11,Brightness 20 percent,BRIGHTNESS,,0
vcm_train_gap001108,vcm,train,ref_tagalog9,Brightness 20 percent,BRIGHTNESS,,0
vcm_train_gap001109,vcm,train,ref_tagalog3,Brightness 20 percent,BRIGHTNESS,,0
vcm_train_gap001110,vcm,train,ref_tagalog1,Brightness 20 percent,BRIGHTNESS,,0
vcm_train_gap001111,vcm,train,ref_tagalog2,Brightness 20 percent,BRIGHTNESS,,0
vcm_train_gap001112,vcm,train,ref_tagalog13,Brightness 20 percent,BRIGHTNESS,,0
vcm_train_gap001113,vcm,train,ref_tagalog4,Brightness 20 percent,BRIGHTNESS,,0
vcm_train_gap001114,vcm,train,ref_tagalog8,Brightness 20 percent,BRIGHTNESS,,0
vcm_train_gap001115,vcm,train,ref_tagalog14,Brightness 20 percent,BRIGHTNESS,,0
vcm_train_gap001116,vcm,train,ref_tagalog15,Brightness 20 percent,BRIGHTNESS,,0
vcm_train_gap001117,vcm,train,ref_tagalog16,Brightness 20 percent,BRIGHTNESS,,0
vcm_train_gap001118,vcm,train,ref_tagalog12,Brightness 20 percent,BRIGHTNESS,,0
vcm_train_gap001119,vcm,train,ref_ilonggo1,Brightness 20 percent,BRIGHTNESS,,0
vcm_train_gap001120,vcm,train,ref_tagalog6,Brightness 20 percent,BRIGHTNESS,,0
vcm_train_gap001121,vcm,train,ref_tagalog5,Brightness 20 percent,BRIGHTNESS,,0
vcm_train_gap001122,vcm,train,ref_tagalog10,Brightness 20 percent,BRIGHTNESS,,0
vcm_train_gap001123,vcm,train,ref_tagalog7,Brightness 20 percent,BRIGHTNESS,,0
vcm_train_gap001124,vcm,train,ref_tagalog11,Brightness 20 percent,BRIGHTNESS,,0
vcm_train_gap001125,vcm,train,ref_tagalog9,Brightness 20 percent,BRIGHTNESS,,0
vcm_train_gap001126,vcm,train,ref_tagalog3,Brightness 20 percent,BRIGHTNESS,,0
vcm_train_gap001127,vcm,train,ref_tagalog1,Brightness 20 percent,BRIGHTNESS,,0
vcm_train_gap001128,vcm,train,ref_tagalog2,Brightness 20 percent,BRIGHTNESS,,0
vcm_train_gap001129,vcm,train,ref_tagalog13,Brightness 20 percent,BRIGHTNESS,,0
vcm_train_gap001130,vcm,train,ref_tagalog4,Brightness 20 percent,BRIGHTNESS,,0
vcm_train_gap001131,vcm,train,ref_tagalog8,Brightness 20 percent,BRIGHTNESS,,0
vcm_train_gap001132,vcm,train,ref_tagalog14,Brightness 20 percent,BRIGHTNESS,,0
vcm_train_gap001133,vcm,train,ref_tagalog15,Brightness 20 percent,BRIGHTNESS,,0
vcm_train_gap001134,vcm,train,ref_tagalog16,Brightness 20 percent,BRIGHTNESS,,0
vcm_train_gap001135,vcm,train,ref_tagalog12,Brightness 20 percent,BRIGHTNESS,,0
vcm_train_gap001136,vcm,train,ref_ilonggo1,Brightness 60 percent,BRIGHTNESS,,0
vcm_train_gap001137,vcm,train,ref_tagalog6,Brightness 60 percent,BRIGHTNESS,,0
vcm_train_gap001138,vcm,train,ref_tagalog5,Brightness 60 percent,BRIGHTNESS,,0
vcm_train_gap001139,vcm,train,ref_tagalog10,Brightness 60 percent,BRIGHTNESS,,0
vcm_train_gap001140,vcm,train,ref_tagalog7,Brightness 60 percent,BRIGHTNESS,,0
vcm_train_gap001141,vcm,train,ref_tagalog11,Brightness 60 percent,BRIGHTNESS,,0
vcm_train_gap001142,vcm,train,ref_tagalog9,Brightness 60 percent,BRIGHTNESS,,0
vcm_train_gap001143,vcm,train,ref_tagalog3,Brightness 60 percent,BRIGHTNESS,,0
vcm_train_gap001144,vcm,train,ref_tagalog1,Brightness 60 percent,BRIGHTNESS,,0
vcm_train_gap001145,vcm,train,ref_tagalog2,Brightness 60 percent,BRIGHTNESS,,0
vcm_train_gap001146,vcm,train,ref_tagalog13,Brightness 60 percent,BRIGHTNESS,,0
vcm_train_gap001147,vcm,train,ref_tagalog4,Brightness 60 percent,BRIGHTNESS,,0
vcm_train_gap001148,vcm,train,ref_tagalog8,Brightness 60 percent,BRIGHTNESS,,0
vcm_train_gap001149,vcm,train,ref_tagalog14,Brightness 60 percent,BRIGHTNESS,,0
vcm_train_gap001150,vcm,train,ref_tagalog15,Brightness 60 percent,BRIGHTNESS,,0
vcm_train_gap001151,vcm,train,ref_tagalog16,Brightness 60 percent,BRIGHTNESS,,0
vcm_train_gap001152,vcm,train,ref_tagalog12,Brightness 60 percent,BRIGHTNESS,,0
vcm_train_gap001153,vcm,train,ref_ilonggo1,Brightness 60 percent,BRIGHTNESS,,0
vcm_train_gap001154,vcm,train,ref_tagalog6,Brightness 60 percent,BRIGHTNESS,,0
vcm_train_gap001155,vcm,train,ref_tagalog5,Brightness 60 percent,BRIGHTNESS,,0
vcm_train_gap001156,vcm,train,ref_tagalog10,Brightness 60 percent,BRIGHTNESS,,0
vcm_train_gap001157,vcm,train,ref_tagalog7,Brightness 60 percent,BRIGHTNESS,,0
vcm_train_gap001158,vcm,train,ref_tagalog11,Brightness 60 percent,BRIGHTNESS,,0
vcm_train_gap001159,vcm,train,ref_tagalog9,Brightness 60 percent,BRIGHTNESS,,0
vcm_train_gap001160,vcm,train,ref_tagalog3,Brightness 60 percent,BRIGHTNESS,,0
vcm_train_gap001161,vcm,train,ref_tagalog1,Brightness 60 percent,BRIGHTNESS,,0
vcm_train_gap001162,vcm,train,ref_tagalog2,Brightness 60 percent,BRIGHTNESS,,0
vcm_train_gap001163,vcm,train,ref_tagalog13,Brightness 60 percent,BRIGHTNESS,,0
vcm_train_gap001164,vcm,train,ref_tagalog4,Brightness 60 percent,BRIGHTNESS,,0
vcm_train_gap001165,vcm,train,ref_tagalog8,Brightness 60 percent,BRIGHTNESS,,0
vcm_train_gap001166,vcm,train,ref_tagalog14,Brightness 60 percent,BRIGHTNESS,,0
vcm_train_gap001167,vcm,train,ref_tagalog15,Brightness 60 percent,BRIGHTNESS,,0
vcm_train_gap001168,vcm,train,ref_tagalog16,Brightness 60 percent,BRIGHTNESS,,0
vcm_train_gap001169,vcm,train,ref_tagalog12,Brightness 60 percent,BRIGHTNESS,,0
vcm_train_gap001170,vcm,train,ref_ilonggo1,Brightness 60 percent,BRIGHTNESS,,0
vcm_train_gap001171,vcm,train,ref_tagalog6,Brightness 60 percent,BRIGHTNESS,,0
vcm_train_gap001172,vcm,train,ref_tagalog5,Brightness 60 percent,BRIGHTNESS,,0
vcm_train_gap001173,vcm,train,ref_tagalog10,Brightness 60 percent,BRIGHTNESS,,0
vcm_train_gap001174,vcm,train,ref_tagalog7,Brightness 60 percent,BRIGHTNESS,,0
vcm_train_gap001175,vcm,train,ref_tagalog11,Brightness 60 percent,BRIGHTNESS,,0
vcm_train_gap001176,vcm,train,ref_tagalog9,Brightness 60 percent,BRIGHTNESS,,0
vcm_train_gap001177,vcm,train,ref_tagalog3,Brightness 60 percent,BRIGHTNESS,,0
vcm_train_gap001178,vcm,train,ref_tagalog1,Brightness 60 percent,BRIGHTNESS,,0
vcm_train_gap001179,vcm,train,ref_tagalog2,Brightness 60 percent,BRIGHTNESS,,0
vcm_train_gap001180,vcm,train,ref_tagalog13,Brightness 60 percent,BRIGHTNESS,,0
vcm_train_gap001181,vcm,train,ref_tagalog4,Brightness 60 percent,BRIGHTNESS,,0
vcm_train_gap001182,vcm,train,ref_tagalog8,Brightness 60 percent,BRIGHTNESS,,0
vcm_train_gap001183,vcm,train,ref_tagalog14,Brightness 60 percent,BRIGHTNESS,,0
vcm_train_gap001184,vcm,train,ref_tagalog15,Brightness 60 percent,BRIGHTNESS,,0
vcm_train_gap001185,vcm,train,ref_tagalog16,Brightness 60 percent,BRIGHTNESS,,0
vcm_train_gap001186,vcm,train,ref_tagalog12,Brightness 60 percent,BRIGHTNESS,,0
vcm_train_gap001187,vcm,train,ref_ilonggo1,Brightness 60 percent,BRIGHTNESS,,0
vcm_train_gap001188,vcm,train,ref_tagalog6,Brightness 60 percent,BRIGHTNESS,,0
vcm_train_gap001189,vcm,train,ref_tagalog5,Brightness 60 percent,BRIGHTNESS,,0
vcm_train_gap001190,vcm,train,ref_tagalog10,Brightness 60 percent,BRIGHTNESS,,0
vcm_train_gap001191,vcm,train,ref_tagalog7,Brightness 60 percent,BRIGHTNESS,,0
vcm_train_gap001192,vcm,train,ref_tagalog11,Brightness 60 percent,BRIGHTNESS,,0
vcm_train_gap001193,vcm,train,ref_tagalog9,Brightness 60 percent,BRIGHTNESS,,0
vcm_train_gap001194,vcm,train,ref_tagalog3,Brightness 60 percent,BRIGHTNESS,,0
vcm_train_gap001195,vcm,train,ref_tagalog1,Brightness 60 percent,BRIGHTNESS,,0
vcm_train_gap001196,vcm,train,ref_tagalog2,Brightness 60 percent,BRIGHTNESS,,0
vcm_train_gap001197,vcm,train,ref_tagalog13,Brightness 60 percent,BRIGHTNESS,,0
vcm_train_gap001198,vcm,train,ref_tagalog4,Brightness 60 percent,BRIGHTNESS,,0
vcm_train_gap001199,vcm,train,ref_tagalog8,Brightness 60 percent,BRIGHTNESS,,0
vcm_train_gap001200,vcm,train,ref_tagalog14,Brightness 60 percent,BRIGHTNESS,,0
vcm_train_gap001201,vcm,train,ref_tagalog15,Brightness 60 percent,BRIGHTNESS,,0
vcm_train_gap001202,vcm,train,ref_tagalog16,Brightness 60 percent,BRIGHTNESS,,0
vcm_train_gap001203,vcm,train,ref_tagalog12,Brightness 60 percent,BRIGHTNESS,,0
vcm_train_gap001204,vcm,train,ref_ilonggo1,Brightness 60 percent,BRIGHTNESS,,0
vcm_train_gap001205,vcm,train,ref_tagalog6,Brightness 60 percent,BRIGHTNESS,,0
vcm_train_gap001206,vcm,train,ref_tagalog5,Brightness 60 percent,BRIGHTNESS,,0
vcm_train_gap001207,vcm,train,ref_tagalog10,Brightness 60 percent,BRIGHTNESS,,0
vcm_train_gap001208,vcm,train,ref_tagalog7,Brightness 60 percent,BRIGHTNESS,,0
vcm_train_gap001209,vcm,train,ref_tagalog11,Brightness 60 percent,BRIGHTNESS,,0
vcm_train_gap001210,vcm,train,ref_tagalog9,Brightness 60 percent,BRIGHTNESS,,0
vcm_train_gap001211,vcm,train,ref_tagalog3,Brightness 60 percent,BRIGHTNESS,,0
vcm_train_gap001212,vcm,train,ref_tagalog1,Brightness 60 percent,BRIGHTNESS,,0
vcm_train_gap001213,vcm,train,ref_tagalog2,Brightness 60 percent,BRIGHTNESS,,0
vcm_train_gap001214,vcm,train,ref_tagalog13,Brightness 60 percent,BRIGHTNESS,,0
vcm_train_gap001215,vcm,train,ref_tagalog4,Brightness 60 percent,BRIGHTNESS,,0
vcm_train_gap001216,vcm,train,ref_tagalog8,Brightness 60 percent,BRIGHTNESS,,0
vcm_train_gap001217,vcm,train,ref_tagalog14,Brightness 60 percent,BRIGHTNESS,,0
vcm_train_gap001218,vcm,train,ref_tagalog15,Brightness 60 percent,BRIGHTNESS,,0
vcm_train_gap001219,vcm,train,ref_tagalog16,Brightness 60 percent,BRIGHTNESS,,0
vcm_train_gap001220,vcm,train,ref_tagalog12,Brightness 60 percent,BRIGHTNESS,,0
vcm_train_gap001221,vcm,train,ref_ilonggo1,Brightness 60 percent,BRIGHTNESS,,0
vcm_train_gap001222,vcm,train,ref_tagalog6,Brightness 60 percent,BRIGHTNESS,,0
vcm_train_gap001223,vcm,train,ref_tagalog5,Brightness 60 percent,BRIGHTNESS,,0
vcm_train_gap001224,vcm,train,ref_tagalog10,Brightness 60 percent,BRIGHTNESS,,0
vcm_train_gap001225,vcm,train,ref_tagalog7,Brightness 60 percent,BRIGHTNESS,,0
vcm_train_gap001226,vcm,train,ref_tagalog11,Brightness 60 percent,BRIGHTNESS,,0
vcm_train_gap001227,vcm,train,ref_tagalog9,Brightness 60 percent,BRIGHTNESS,,0
vcm_train_gap001228,vcm,train,ref_tagalog3,Brightness 60 percent,BRIGHTNESS,,0
vcm_train_gap001229,vcm,train,ref_tagalog1,Brightness 60 percent,BRIGHTNESS,,0
vcm_train_gap001230,vcm,train,ref_tagalog2,Brightness 60 percent,BRIGHTNESS,,0
vcm_train_gap001231,vcm,train,ref_tagalog13,Brightness 60 percent,BRIGHTNESS,,0
vcm_train_gap001232,vcm,train,ref_tagalog4,Brightness 60 percent,BRIGHTNESS,,0
vcm_train_gap001233,vcm,train,ref_tagalog8,Brightness 60 percent,BRIGHTNESS,,0
vcm_train_gap001234,vcm,train,ref_tagalog14,Brightness 60 percent,BRIGHTNESS,,0
vcm_train_gap001235,vcm,train,ref_tagalog15,Brightness 60 percent,BRIGHTNESS,,0
vcm_train_gap001236,vcm,train,ref_tagalog16,Brightness 60 percent,BRIGHTNESS,,0
vcm_train_gap001237,vcm,train,ref_tagalog12,Brightness 60 percent,BRIGHTNESS,,0
vcm_train_gap001238,vcm,train,ref_ilonggo1,Brightness 60 percent,BRIGHTNESS,,0
vcm_train_gap001239,vcm,train,ref_tagalog6,Brightness 60 percent,BRIGHTNESS,,0
vcm_train_gap001240,vcm,train,ref_tagalog5,Brightness 60 percent,BRIGHTNESS,,0
vcm_train_gap001241,vcm,train,ref_tagalog10,Brightness 60 percent,BRIGHTNESS,,0
vcm_train_gap001242,vcm,train,ref_tagalog7,Brightness 60 percent,BRIGHTNESS,,0
vcm_train_gap001243,vcm,train,ref_tagalog11,Brightness 60 percent,BRIGHTNESS,,0
vcm_train_gap001244,vcm,train,ref_tagalog9,Brightness 60 percent,BRIGHTNESS,,0
vcm_train_gap001245,vcm,train,ref_tagalog3,Brightness 60 percent,BRIGHTNESS,,0
vcm_train_gap001246,vcm,train,ref_tagalog1,Brightness 60 percent,BRIGHTNESS,,0
vcm_train_gap001247,vcm,train,ref_tagalog2,Brightness 100 percent,BRIGHTNESS,,0
vcm_train_gap001248,vcm,train,ref_tagalog13,Brightness 100 percent,BRIGHTNESS,,0
vcm_train_gap001249,vcm,train,ref_tagalog4,Brightness 100 percent,BRIGHTNESS,,0
vcm_train_gap001250,vcm,train,ref_tagalog8,Brightness 100 percent,BRIGHTNESS,,0
vcm_train_gap001251,vcm,train,ref_tagalog14,Brightness 100 percent,BRIGHTNESS,,0
vcm_train_gap001252,vcm,train,ref_tagalog15,Brightness 100 percent,BRIGHTNESS,,0
vcm_train_gap001253,vcm,train,ref_tagalog16,Brightness 100 percent,BRIGHTNESS,,0
vcm_train_gap001254,vcm,train,ref_tagalog12,Brightness 100 percent,BRIGHTNESS,,0
vcm_train_gap001255,vcm,train,ref_ilonggo1,Brightness 100 percent,BRIGHTNESS,,0
vcm_train_gap001256,vcm,train,ref_tagalog6,Brightness 100 percent,BRIGHTNESS,,0
vcm_train_gap001257,vcm,train,ref_tagalog5,Brightness 100 percent,BRIGHTNESS,,0
vcm_train_gap001258,vcm,train,ref_tagalog10,Brightness 100 percent,BRIGHTNESS,,0
vcm_train_gap001259,vcm,train,ref_tagalog7,Brightness 100 percent,BRIGHTNESS,,0
vcm_train_gap001260,vcm,train,ref_tagalog11,Brightness 100 percent,BRIGHTNESS,,0
vcm_train_gap001261,vcm,train,ref_tagalog9,Brightness 100 percent,BRIGHTNESS,,0
vcm_train_gap001262,vcm,train,ref_tagalog3,Brightness 100 percent,BRIGHTNESS,,0
vcm_train_gap001263,vcm,train,ref_tagalog1,Brightness 100 percent,BRIGHTNESS,,0
vcm_train_gap001264,vcm,train,ref_tagalog2,Brightness 100 percent,BRIGHTNESS,,0
vcm_train_gap001265,vcm,train,ref_tagalog13,Brightness 100 percent,BRIGHTNESS,,0
vcm_train_gap001266,vcm,train,ref_tagalog4,Brightness 100 percent,BRIGHTNESS,,0
vcm_train_gap001267,vcm,train,ref_tagalog8,Brightness 100 percent,BRIGHTNESS,,0
vcm_train_gap001268,vcm,train,ref_tagalog14,Brightness 100 percent,BRIGHTNESS,,0
vcm_train_gap001269,vcm,train,ref_tagalog15,Brightness 100 percent,BRIGHTNESS,,0
vcm_train_gap001270,vcm,train,ref_tagalog16,Brightness 100 percent,BRIGHTNESS,,0
vcm_train_gap001271,vcm,train,ref_tagalog12,Brightness 100 percent,BRIGHTNESS,,0
vcm_train_gap001272,vcm,train,ref_ilonggo1,Brightness 100 percent,BRIGHTNESS,,0
vcm_train_gap001273,vcm,train,ref_tagalog6,Brightness 100 percent,BRIGHTNESS,,0
vcm_train_gap001274,vcm,train,ref_tagalog5,Brightness 100 percent,BRIGHTNESS,,0
vcm_train_gap001275,vcm,train,ref_tagalog10,Brightness 100 percent,BRIGHTNESS,,0
vcm_train_gap001276,vcm,train,ref_tagalog7,Brightness 100 percent,BRIGHTNESS,,0
vcm_train_gap001277,vcm,train,ref_tagalog11,Brightness 100 percent,BRIGHTNESS,,0
vcm_train_gap001278,vcm,train,ref_tagalog9,Brightness 100 percent,BRIGHTNESS,,0
vcm_train_gap001279,vcm,train,ref_tagalog3,Brightness 100 percent,BRIGHTNESS,,0
vcm_train_gap001280,vcm,train,ref_tagalog1,Brightness 100 percent,BRIGHTNESS,,0
vcm_train_gap001281,vcm,train,ref_tagalog2,Brightness 100 percent,BRIGHTNESS,,0
vcm_train_gap001282,vcm,train,ref_tagalog13,Brightness 100 percent,BRIGHTNESS,,0
vcm_train_gap001283,vcm,train,ref_tagalog4,Brightness 100 percent,BRIGHTNESS,,0
vcm_train_gap001284,vcm,train,ref_tagalog8,Brightness 100 percent,BRIGHTNESS,,0
vcm_train_gap001285,vcm,train,ref_tagalog14,Brightness 100 percent,BRIGHTNESS,,0
vcm_train_gap001286,vcm,train,ref_tagalog15,Brightness 100 percent,BRIGHTNESS,,0
vcm_train_gap001287,vcm,train,ref_tagalog16,Brightness 100 percent,BRIGHTNESS,,0
vcm_train_gap001288,vcm,train,ref_tagalog12,Brightness 100 percent,BRIGHTNESS,,0
vcm_train_gap001289,vcm,train,ref_ilonggo1,Brightness 100 percent,BRIGHTNESS,,0
vcm_train_gap001290,vcm,train,ref_tagalog6,Brightness 100 percent,BRIGHTNESS,,0
vcm_train_gap001291,vcm,train,ref_tagalog5,Brightness 100 percent,BRIGHTNESS,,0
vcm_train_gap001292,vcm,train,ref_tagalog10,Brightness 100 percent,BRIGHTNESS,,0
vcm_train_gap001293,vcm,train,ref_tagalog7,Brightness 100 percent,BRIGHTNESS,,0
vcm_train_gap001294,vcm,train,ref_tagalog11,Brightness 100 percent,BRIGHTNESS,,0
vcm_train_gap001295,vcm,train,ref_tagalog9,Brightness 100 percent,BRIGHTNESS,,0
vcm_train_gap001296,vcm,train,ref_tagalog3,Brightness 100 percent,BRIGHTNESS,,0
vcm_train_gap001297,vcm,train,ref_tagalog1,Brightness 100 percent,BRIGHTNESS,,0
vcm_train_gap001298,vcm,train,ref_tagalog2,Brightness 100 percent,BRIGHTNESS,,0
vcm_train_gap001299,vcm,train,ref_tagalog13,Brightness 100 percent,BRIGHTNESS,,0
vcm_train_gap001300,vcm,train,ref_tagalog4,Brightness 100 percent,BRIGHTNESS,,0
vcm_train_gap001301,vcm,train,ref_tagalog8,Brightness 100 percent,BRIGHTNESS,,0
vcm_train_gap001302,vcm,train,ref_tagalog14,Brightness 100 percent,BRIGHTNESS,,0
vcm_train_gap001303,vcm,train,ref_tagalog15,Brightness 100 percent,BRIGHTNESS,,0
vcm_train_gap001304,vcm,train,ref_tagalog16,Brightness 100 percent,BRIGHTNESS,,0
vcm_train_gap001305,vcm,train,ref_tagalog12,Brightness 100 percent,BRIGHTNESS,,0
vcm_train_gap001306,vcm,train,ref_ilonggo1,Brightness 100 percent,BRIGHTNESS,,0
vcm_train_gap001307,vcm,train,ref_tagalog6,Brightness 100 percent,BRIGHTNESS,,0
vcm_train_gap001308,vcm,train,ref_tagalog5,Brightness 100 percent,BRIGHTNESS,,0
vcm_train_gap001309,vcm,train,ref_tagalog10,Brightness 100 percent,BRIGHTNESS,,0
vcm_train_gap001310,vcm,train,ref_tagalog7,Brightness 100 percent,BRIGHTNESS,,0
vcm_train_gap001311,vcm,train,ref_tagalog11,Brightness 100 percent,BRIGHTNESS,,0
vcm_train_gap001312,vcm,train,ref_tagalog9,Brightness 100 percent,BRIGHTNESS,,0
vcm_train_gap001313,vcm,train,ref_tagalog3,Brightness 100 percent,BRIGHTNESS,,0
vcm_train_gap001314,vcm,train,ref_tagalog1,Brightness 100 percent,BRIGHTNESS,,0
vcm_train_gap001315,vcm,train,ref_tagalog2,Brightness 100 percent,BRIGHTNESS,,0
vcm_train_gap001316,vcm,train,ref_tagalog13,Brightness 100 percent,BRIGHTNESS,,0
vcm_train_gap001317,vcm,train,ref_tagalog4,Brightness 100 percent,BRIGHTNESS,,0
vcm_train_gap001318,vcm,train,ref_tagalog8,Brightness 100 percent,BRIGHTNESS,,0
vcm_train_gap001319,vcm,train,ref_tagalog14,Brightness 100 percent,BRIGHTNESS,,0
vcm_train_gap001320,vcm,train,ref_tagalog15,Brightness 100 percent,BRIGHTNESS,,0
vcm_train_gap001321,vcm,train,ref_tagalog16,Brightness 100 percent,BRIGHTNESS,,0
vcm_train_gap001322,vcm,train,ref_tagalog12,Brightness 100 percent,BRIGHTNESS,,0
vcm_train_gap001323,vcm,train,ref_ilonggo1,Brightness 100 percent,BRIGHTNESS,,0
vcm_train_gap001324,vcm,train,ref_tagalog6,Brightness 100 percent,BRIGHTNESS,,0
vcm_train_gap001325,vcm,train,ref_tagalog5,Brightness 100 percent,BRIGHTNESS,,0
vcm_train_gap001326,vcm,train,ref_tagalog10,Brightness 100 percent,BRIGHTNESS,,0
vcm_train_gap001327,vcm,train,ref_tagalog7,Brightness 100 percent,BRIGHTNESS,,0
vcm_train_gap001328,vcm,train,ref_tagalog11,Brightness 100 percent,BRIGHTNESS,,0
vcm_train_gap001329,vcm,train,ref_tagalog9,Brightness 100 percent,BRIGHTNESS,,0
vcm_train_gap001330,vcm,train,ref_tagalog3,Brightness 100 percent,BRIGHTNESS,,0
vcm_train_gap001331,vcm,train,ref_tagalog1,Brightness 100 percent,BRIGHTNESS,,0
vcm_train_gap001332,vcm,train,ref_tagalog2,Brightness 100 percent,BRIGHTNESS,,0
vcm_train_gap001333,vcm,train,ref_tagalog13,Brightness 100 percent,BRIGHTNESS,,0
vcm_train_gap001334,vcm,train,ref_tagalog4,Brightness 100 percent,BRIGHTNESS,,0
vcm_train_gap001335,vcm,train,ref_tagalog8,Brightness 100 percent,BRIGHTNESS,,0
vcm_train_gap001336,vcm,train,ref_tagalog14,Brightness 100 percent,BRIGHTNESS,,0
vcm_train_gap001337,vcm,train,ref_tagalog15,Brightness 100 percent,BRIGHTNESS,,0
vcm_train_gap001338,vcm,train,ref_tagalog16,Brightness 100 percent,BRIGHTNESS,,0
vcm_train_gap001339,vcm,train,ref_tagalog12,Brightness 100 percent,BRIGHTNESS,,0
vcm_train_gap001340,vcm,train,ref_ilonggo1,Brightness 100 percent,BRIGHTNESS,,0
vcm_train_gap001341,vcm,train,ref_tagalog6,Brightness 100 percent,BRIGHTNESS,,0
vcm_train_gap001342,vcm,train,ref_tagalog5,Brightness 100 percent,BRIGHTNESS,,0
vcm_train_gap001343,vcm,train,ref_tagalog10,Brightness 100 percent,BRIGHTNESS,,0
vcm_train_gap001344,vcm,train,ref_tagalog7,Brightness 100 percent,BRIGHTNESS,,0
vcm_train_gap001345,vcm,train,ref_tagalog11,Brightness 100 percent,BRIGHTNESS,,0
vcm_train_gap001346,vcm,train,ref_tagalog9,Brightness 100 percent,BRIGHTNESS,,0
vcm_train_gap001347,vcm,train,ref_tagalog3,Brightness 100 percent,BRIGHTNESS,,0
vcm_train_gap001348,vcm,train,ref_tagalog1,Brightness 100 percent,BRIGHTNESS,,0
vcm_train_gap001349,vcm,train,ref_tagalog2,Brightness 100 percent,BRIGHTNESS,,0
vcm_train_gap001350,vcm,train,ref_tagalog13,Brightness 100 percent,BRIGHTNESS,,0
vcm_train_gap001351,vcm,train,ref_tagalog4,Brightness 100 percent,BRIGHTNESS,,0
vcm_train_gap001352,vcm,train,ref_tagalog8,Brightness 100 percent,BRIGHTNESS,,0
vcm_train_gap001353,vcm,train,ref_tagalog14,Brightness 100 percent,BRIGHTNESS,,0
vcm_train_gap001354,vcm,train,ref_tagalog15,Brightness 100 percent,BRIGHTNESS,,0
vcm_train_gap001355,vcm,train,ref_tagalog16,Brightness 100 percent,BRIGHTNESS,,0
vcm_train_gap001356,vcm,train,ref_tagalog12,Brightness 100 percent,BRIGHTNESS,,0
vcm_train_gap001357,vcm,train,ref_ilonggo1,Brightness 100 percent,BRIGHTNESS,,0
vcm_train_gap001358,vcm,train,ref_tagalog6,Brightness 100 percent,BRIGHTNESS,,0
vcm_train_gap001359,vcm,train,ref_tagalog5,Brightness 100 percent,BRIGHTNESS,,0
vcm_train_gap001360,vcm,train,ref_tagalog10,Brightness 100 percent,BRIGHTNESS,,0
vcm_train_gap001361,vcm,train,ref_tagalog7,Brightness 100 percent,BRIGHTNESS,,0
vcm_train_gap001362,vcm,train,ref_tagalog11,Adjust brightness to 20 percent,BRIGHTNESS,,0
vcm_train_gap001363,vcm,train,ref_tagalog9,Adjust brightness to 20 percent,BRIGHTNESS,,0
vcm_train_gap001364,vcm,train,ref_tagalog3,Adjust brightness to 20 percent,BRIGHTNESS,,0
vcm_train_gap001365,vcm,train,ref_tagalog1,Adjust brightness to 20 percent,BRIGHTNESS,,0
vcm_train_gap001366,vcm,train,ref_tagalog2,Adjust brightness to 20 percent,BRIGHTNESS,,0
vcm_train_gap001367,vcm,train,ref_tagalog13,Adjust brightness to 20 percent,BRIGHTNESS,,0
vcm_train_gap001368,vcm,train,ref_tagalog4,Adjust brightness to 20 percent,BRIGHTNESS,,0
vcm_train_gap001369,vcm,train,ref_tagalog8,Adjust brightness to 20 percent,BRIGHTNESS,,0
vcm_train_gap001370,vcm,train,ref_tagalog14,Adjust brightness to 60 percent,BRIGHTNESS,,0
vcm_train_gap001371,vcm,train,ref_tagalog15,Adjust brightness to 60 percent,BRIGHTNESS,,0
vcm_train_gap001372,vcm,train,ref_tagalog16,Adjust brightness to 60 percent,BRIGHTNESS,,0
vcm_train_gap001373,vcm,train,ref_tagalog12,Adjust brightness to 60 percent,BRIGHTNESS,,0
vcm_train_gap001374,vcm,train,ref_ilonggo1,Adjust brightness to 60 percent,BRIGHTNESS,,0
vcm_train_gap001375,vcm,train,ref_tagalog6,Adjust brightness to 60 percent,BRIGHTNESS,,0
vcm_train_gap001376,vcm,train,ref_tagalog5,Adjust brightness to 100 percent,BRIGHTNESS,,0
vcm_train_gap001377,vcm,train,ref_tagalog10,Adjust brightness to 100 percent,BRIGHTNESS,,0
vcm_train_gap001378,vcm,train,ref_tagalog7,Adjust brightness to 100 percent,BRIGHTNESS,,0
vcm_train_gap001379,vcm,train,ref_tagalog11,Adjust brightness to 100 percent,BRIGHTNESS,,0
vcm_train_gap001380,vcm,train,ref_tagalog9,Adjust brightness to 100 percent,BRIGHTNESS,,0
vcm_train_gap001381,vcm,train,ref_tagalog3,Adjust brightness to 100 percent,BRIGHTNESS,,0
vcm_train_gap001382,vcm,train,ref_tagalog1,Adjust brightness to 100 percent,BRIGHTNESS,,0
vcm_train_gap001383,vcm,train,ref_tagalog2,Adjust brightness to 100 percent,BRIGHTNESS,,0
vcm_train_gap001384,vcm,train,ref_tagalog13,Adjust brightness to 100 percent,BRIGHTNESS,,0
vcm_train_gap001385,vcm,train,ref_tagalog4,Adjust brightness to 100 percent,BRIGHTNESS,,0
vcm_train_gap001386,vcm,train,ref_tagalog8,Adjust brightness to 100 percent,BRIGHTNESS,,0
vcm_train_gap001387,vcm,train,ref_tagalog14,Adjust brightness to 100 percent,BRIGHTNESS,,0
vcm_train_gap001388,vcm,train,ref_tagalog15,Adjust brightness to 100 percent,BRIGHTNESS,,0
vcm_train_gap001389,vcm,train,ref_tagalog16,Adjust brightness to 100 percent,BRIGHTNESS,,0
vcm_train_gap001390,vcm,train,ref_tagalog12,Adjust brightness to 100 percent,BRIGHTNESS,,0
vcm_train_gap001391,vcm,train,ref_ilonggo1,Brightness level 20 percent,BRIGHTNESS,,0
vcm_train_gap001392,vcm,train,ref_tagalog6,Brightness level 20 percent,BRIGHTNESS,,0
vcm_train_gap001393,vcm,train,ref_tagalog5,Brightness level 20 percent,BRIGHTNESS,,0
vcm_train_gap001394,vcm,train,ref_tagalog10,Brightness level 20 percent,BRIGHTNESS,,0
vcm_train_gap001395,vcm,train,ref_tagalog7,Brightness level 20 percent,BRIGHTNESS,,0
vcm_train_gap001396,vcm,train,ref_tagalog11,Brightness level 20 percent,BRIGHTNESS,,0
vcm_train_gap001397,vcm,train,ref_tagalog9,Brightness level 20 percent,BRIGHTNESS,,0
vcm_train_gap001398,vcm,train,ref_tagalog3,Brightness level 20 percent,BRIGHTNESS,,0
vcm_train_gap001399,vcm,train,ref_tagalog1,Brightness level 20 percent,BRIGHTNESS,,0
vcm_train_gap001400,vcm,train,ref_tagalog2,Brightness level 20 percent,BRIGHTNESS,,0
vcm_train_gap001401,vcm,train,ref_tagalog13,Brightness level 20 percent,BRIGHTNESS,,0
vcm_train_gap001402,vcm,train,ref_tagalog4,Brightness level 20 percent,BRIGHTNESS,,0
vcm_train_gap001403,vcm,train,ref_tagalog8,Brightness level 20 percent,BRIGHTNESS,,0
vcm_train_gap001404,vcm,train,ref_tagalog14,Brightness level 20 percent,BRIGHTNESS,,0
vcm_train_gap001405,vcm,train,ref_tagalog15,Brightness level 20 percent,BRIGHTNESS,,0
vcm_train_gap001406,vcm,train,ref_tagalog16,Brightness level 20 percent,BRIGHTNESS,,0
vcm_train_gap001407,vcm,train,ref_tagalog12,Brightness level 20 percent,BRIGHTNESS,,0
vcm_train_gap001408,vcm,train,ref_ilonggo1,Brightness level 20 percent,BRIGHTNESS,,0
vcm_train_gap001409,vcm,train,ref_tagalog6,Brightness level 20 percent,BRIGHTNESS,,0
vcm_train_gap001410,vcm,train,ref_tagalog5,Brightness level 20 percent,BRIGHTNESS,,0
vcm_train_gap001411,vcm,train,ref_tagalog10,Brightness level 20 percent,BRIGHTNESS,,0
vcm_train_gap001412,vcm,train,ref_tagalog7,Brightness level 20 percent,BRIGHTNESS,,0
vcm_train_gap001413,vcm,train,ref_tagalog11,Brightness level 20 percent,BRIGHTNESS,,0
vcm_train_gap001414,vcm,train,ref_tagalog9,Brightness level 20 percent,BRIGHTNESS,,0
vcm_train_gap001415,vcm,train,ref_tagalog3,Brightness level 20 percent,BRIGHTNESS,,0
vcm_train_gap001416,vcm,train,ref_tagalog1,Brightness level 20 percent,BRIGHTNESS,,0
vcm_train_gap001417,vcm,train,ref_tagalog2,Brightness level 20 percent,BRIGHTNESS,,0
vcm_train_gap001418,vcm,train,ref_tagalog13,Brightness level 20 percent,BRIGHTNESS,,0
vcm_train_gap001419,vcm,train,ref_tagalog4,Brightness level 60 percent,BRIGHTNESS,,0
vcm_train_gap001420,vcm,train,ref_tagalog8,Brightness level 60 percent,BRIGHTNESS,,0
vcm_train_gap001421,vcm,train,ref_tagalog14,Brightness level 60 percent,BRIGHTNESS,,0
vcm_train_gap001422,vcm,train,ref_tagalog15,Brightness level 60 percent,BRIGHTNESS,,0
vcm_train_gap001423,vcm,train,ref_tagalog16,Brightness level 60 percent,BRIGHTNESS,,0
vcm_train_gap001424,vcm,train,ref_tagalog12,Brightness level 60 percent,BRIGHTNESS,,0
vcm_train_gap001425,vcm,train,ref_ilonggo1,Brightness level 60 percent,BRIGHTNESS,,0
vcm_train_gap001426,vcm,train,ref_tagalog6,Brightness level 60 percent,BRIGHTNESS,,0
vcm_train_gap001427,vcm,train,ref_tagalog5,Brightness level 60 percent,BRIGHTNESS,,0
vcm_train_gap001428,vcm,train,ref_tagalog10,Brightness level 60 percent,BRIGHTNESS,,0
vcm_train_gap001429,vcm,train,ref_tagalog7,Brightness level 60 percent,BRIGHTNESS,,0
vcm_train_gap001430,vcm,train,ref_tagalog11,Brightness level 60 percent,BRIGHTNESS,,0
vcm_train_gap001431,vcm,train,ref_tagalog9,Brightness level 60 percent,BRIGHTNESS,,0
vcm_train_gap001432,vcm,train,ref_tagalog3,Brightness level 60 percent,BRIGHTNESS,,0
vcm_train_gap001433,vcm,train,ref_tagalog1,Brightness level 60 percent,BRIGHTNESS,,0
vcm_train_gap001434,vcm,train,ref_tagalog2,Brightness level 60 percent,BRIGHTNESS,,0
vcm_train_gap001435,vcm,train,ref_tagalog13,Brightness level 60 percent,BRIGHTNESS,,0
vcm_train_gap001436,vcm,train,ref_tagalog4,Brightness level 60 percent,BRIGHTNESS,,0
vcm_train_gap001437,vcm,train,ref_tagalog8,Brightness level 60 percent,BRIGHTNESS,,0
vcm_train_gap001438,vcm,train,ref_tagalog14,Brightness level 60 percent,BRIGHTNESS,,0
vcm_train_gap001439,vcm,train,ref_tagalog15,Brightness level 60 percent,BRIGHTNESS,,0
vcm_train_gap001440,vcm,train,ref_tagalog16,Brightness level 60 percent,BRIGHTNESS,,0
vcm_train_gap001441,vcm,train,ref_tagalog12,Brightness level 60 percent,BRIGHTNESS,,0
vcm_train_gap001442,vcm,train,ref_ilonggo1,Brightness level 60 percent,BRIGHTNESS,,0
vcm_train_gap001443,vcm,train,ref_tagalog6,Brightness level 60 percent,BRIGHTNESS,,0
vcm_train_gap001444,vcm,train,ref_tagalog5,Brightness level 60 percent,BRIGHTNESS,,0
vcm_train_gap001445,vcm,train,ref_tagalog10,Brightness level 100 percent,BRIGHTNESS,,0
vcm_train_gap001446,vcm,train,ref_tagalog7,Brightness level 100 percent,BRIGHTNESS,,0
vcm_train_gap001447,vcm,train,ref_tagalog11,Brightness level 100 percent,BRIGHTNESS,,0
vcm_train_gap001448,vcm,train,ref_tagalog9,Brightness level 100 percent,BRIGHTNESS,,0
vcm_train_gap001449,vcm,train,ref_tagalog3,Brightness level 100 percent,BRIGHTNESS,,0
vcm_train_gap001450,vcm,train,ref_tagalog1,Brightness level 100 percent,BRIGHTNESS,,0
vcm_train_gap001451,vcm,train,ref_tagalog2,Brightness level 100 percent,BRIGHTNESS,,0
vcm_train_gap001452,vcm,train,ref_tagalog13,Brightness level 100 percent,BRIGHTNESS,,0
vcm_train_gap001453,vcm,train,ref_tagalog4,Brightness level 100 percent,BRIGHTNESS,,0
vcm_train_gap001454,vcm,train,ref_tagalog8,Brightness level 100 percent,BRIGHTNESS,,0
vcm_train_gap001455,vcm,train,ref_tagalog14,Brightness level 100 percent,BRIGHTNESS,,0
vcm_train_gap001456,vcm,train,ref_tagalog15,Brightness level 100 percent,BRIGHTNESS,,0
vcm_train_gap001457,vcm,train,ref_tagalog16,Brightness level 100 percent,BRIGHTNESS,,0
vcm_train_gap001458,vcm,train,ref_tagalog12,Brightness level 100 percent,BRIGHTNESS,,0
vcm_train_gap001459,vcm,train,ref_ilonggo1,Brightness level 100 percent,BRIGHTNESS,,0
vcm_train_gap001460,vcm,train,ref_tagalog6,Brightness level 100 percent,BRIGHTNESS,,0
vcm_train_gap001461,vcm,train,ref_tagalog5,Brightness level 100 percent,BRIGHTNESS,,0
vcm_train_gap001462,vcm,train,ref_tagalog10,Brightness level 100 percent,BRIGHTNESS,,0
vcm_train_gap001463,vcm,train,ref_tagalog7,Brightness level 100 percent,BRIGHTNESS,,0
vcm_train_gap001464,vcm,train,ref_tagalog11,Brightness level 100 percent,BRIGHTNESS,,0
vcm_train_gap001465,vcm,train,ref_tagalog9,Brightness level 100 percent,BRIGHTNESS,,0
vcm_train_gap001466,vcm,train,ref_tagalog3,Brightness level 100 percent,BRIGHTNESS,,0
vcm_train_gap001467,vcm,train,ref_tagalog1,Brightness level 100 percent,BRIGHTNESS,,0
vcm_train_gap001468,vcm,train,ref_tagalog2,Brightness level 100 percent,BRIGHTNESS,,0
vcm_train_gap001469,vcm,train,ref_tagalog13,Brightness level 100 percent,BRIGHTNESS,,0
vcm_train_gap001470,vcm,train,ref_tagalog4,Brightness level 100 percent,BRIGHTNESS,,0
vcm_train_gap001471,vcm,train,ref_tagalog8,Brightness level 100 percent,BRIGHTNESS,,0
vcm_train_gap001472,vcm,train,ref_tagalog14,Brightness level 100 percent,BRIGHTNESS,,0
vcm_train_gap001473,vcm,train,ref_tagalog15,Brightness level 100 percent,BRIGHTNESS,,0
vcm_train_gap001474,vcm,train,ref_tagalog16,Brightness level 100 percent,BRIGHTNESS,,0
vcm_train_gap001475,vcm,train,ref_tagalog12,Brightness level 100 percent,BRIGHTNESS,,0
vcm_train_gap001476,vcm,train,ref_ilonggo1,Brightness level 100 percent,BRIGHTNESS,,0
vcm_train_gap001477,vcm,train,ref_tagalog6,Change color to Red,COLOR,,0
vcm_train_gap001478,vcm,train,ref_tagalog5,Change color to Red,COLOR,,0
vcm_train_gap001479,vcm,train,ref_tagalog10,Change color to Red,COLOR,,0
vcm_train_gap001480,vcm,train,ref_tagalog7,Change color to Red,COLOR,,0
vcm_train_gap001481,vcm,train,ref_tagalog11,Change color to Red,COLOR,,0
vcm_train_gap001482,vcm,train,ref_tagalog9,Change color to Red,COLOR,,0
vcm_train_gap001483,vcm,train,ref_tagalog3,Change color to Red,COLOR,,0
vcm_train_gap001484,vcm,train,ref_tagalog1,Change color to Red,COLOR,,0
vcm_train_gap001485,vcm,train,ref_tagalog2,Change color to Red,COLOR,,0
vcm_train_gap001486,vcm,train,ref_tagalog13,Change color to Red,COLOR,,0
vcm_train_gap001487,vcm,train,ref_tagalog4,Change color to Red,COLOR,,0
vcm_train_gap001488,vcm,train,ref_tagalog8,Change color to Red,COLOR,,0
vcm_train_gap001489,vcm,train,ref_tagalog14,Change color to Red,COLOR,,0
vcm_train_gap001490,vcm,train,ref_tagalog15,Change color to Red,COLOR,,0
vcm_train_gap001491,vcm,train,ref_tagalog16,Change color to Red,COLOR,,0
vcm_train_gap001492,vcm,train,ref_tagalog12,Change color to Green,COLOR,,0
vcm_train_gap001493,vcm,train,ref_ilonggo1,Change color to Green,COLOR,,0
vcm_train_gap001494,vcm,train,ref_tagalog6,Set color to Red,COLOR,,0
vcm_train_gap001495,vcm,train,ref_tagalog5,Set color to Red,COLOR,,0
vcm_train_gap001496,vcm,train,ref_tagalog10,Set color to Red,COLOR,,0
vcm_train_gap001497,vcm,train,ref_tagalog7,Set color to Red,COLOR,,0
vcm_train_gap001498,vcm,train,ref_tagalog11,Set color to Red,COLOR,,0
vcm_train_gap001499,vcm,train,ref_tagalog9,Set color to Red,COLOR,,0
vcm_train_gap001500,vcm,train,ref_tagalog3,Set color to Red,COLOR,,0
vcm_train_gap001501,vcm,train,ref_tagalog1,Set color to Red,COLOR,,0
vcm_train_gap001502,vcm,train,ref_tagalog2,Set color to Red,COLOR,,0
vcm_train_gap001503,vcm,train,ref_tagalog13,Set color to Red,COLOR,,0
vcm_train_gap001504,vcm,train,ref_tagalog4,Set color to Red,COLOR,,0
vcm_train_gap001505,vcm,train,ref_tagalog8,Set color to Red,COLOR,,0
vcm_train_gap001506,vcm,train,ref_tagalog14,Set color to Red,COLOR,,0
vcm_train_gap001507,vcm,train,ref_tagalog15,Set color to Red,COLOR,,0
vcm_train_gap001508,vcm,train,ref_tagalog16,Set color to Red,COLOR,,0
vcm_train_gap001509,vcm,train,ref_tagalog12,Set color to Red,COLOR,,0
vcm_train_gap001510,vcm,train,ref_ilonggo1,Set color to Red,COLOR,,0
vcm_train_gap001511,vcm,train,ref_tagalog6,Set color to Green,COLOR,,0
vcm_train_gap001512,vcm,train,ref_tagalog5,Set color to Green,COLOR,,0
vcm_train_gap001513,vcm,train,ref_tagalog10,Set color to Green,COLOR,,0
vcm_train_gap001514,vcm,train,ref_tagalog7,Set color to Green,COLOR,,0
vcm_train_gap001515,vcm,train,ref_tagalog11,Set color to Green,COLOR,,0
vcm_train_gap001516,vcm,train,ref_tagalog9,Set color to Green,COLOR,,0
vcm_train_gap001517,vcm,train,ref_tagalog3,Set color to Green,COLOR,,0
vcm_train_gap001518,vcm,train,ref_tagalog1,Reminder Drink water,CREATE_REMINDER,,0
vcm_train_gap001519,vcm,train,ref_tagalog2,Reminder Drink water,CREATE_REMINDER,,0
vcm_train_gap001520,vcm,train,ref_tagalog13,Reminder Drink water,CREATE_REMINDER,,0
vcm_train_gap001521,vcm,train,ref_tagalog4,Reminder Drink water,CREATE_REMINDER,,0
vcm_train_gap001522,vcm,train,ref_tagalog8,Reminder Drink water,CREATE_REMINDER,,0
vcm_train_gap001523,vcm,train,ref_tagalog14,Reminder Drink water,CREATE_REMINDER,,0
vcm_train_gap001524,vcm,train,ref_tagalog15,Reminder Drink water,CREATE_REMINDER,,0
vcm_train_gap001525,vcm,train,ref_tagalog16,Reminder Drink water,CREATE_REMINDER,,0
vcm_train_gap001526,vcm,train,ref_tagalog12,Reminder Drink water,CREATE_REMINDER,,0
vcm_train_gap001527,vcm,train,ref_ilonggo1,Reminder Drink water,CREATE_REMINDER,,0
vcm_train_gap001528,vcm,train,ref_tagalog6,Reminder Drink water,CREATE_REMINDER,,0
vcm_train_gap001529,vcm,train,ref_tagalog5,Reminder Drink water,CREATE_REMINDER,,0
vcm_train_gap001530,vcm,train,ref_tagalog10,Reminder Drink water,CREATE_REMINDER,,0
vcm_train_gap001531,vcm,train,ref_tagalog7,Reminder Drink water,CREATE_REMINDER,,0
vcm_train_gap001532,vcm,train,ref_tagalog11,Reminder Drink water,CREATE_REMINDER,,0
vcm_train_gap001533,vcm,train,ref_tagalog9,Reminder Drink water,CREATE_REMINDER,,0
vcm_train_gap001534,vcm,train,ref_tagalog3,Reminder Drink water,CREATE_REMINDER,,0
vcm_train_gap001535,vcm,train,ref_tagalog1,Reminder Drink water,CREATE_REMINDER,,0
vcm_train_gap001536,vcm,train,ref_tagalog2,Reminder Drink water,CREATE_REMINDER,,0
vcm_train_gap001537,vcm,train,ref_tagalog13,Reminder Drink water,CREATE_REMINDER,,0
vcm_train_gap001538,vcm,train,ref_tagalog4,Reminder Drink water,CREATE_REMINDER,,0
vcm_train_gap001539,vcm,train,ref_tagalog8,Reminder Drink water,CREATE_REMINDER,,0
vcm_train_gap001540,vcm,train,ref_tagalog14,Reminder Drink water,CREATE_REMINDER,,0
vcm_train_gap001541,vcm,train,ref_tagalog15,Reminder Drink water,CREATE_REMINDER,,0
vcm_train_gap001542,vcm,train,ref_tagalog16,Reminder Drink water,CREATE_REMINDER,,0
vcm_train_gap001543,vcm,train,ref_tagalog12,Reminder Drink water,CREATE_REMINDER,,0
vcm_train_gap001544,vcm,train,ref_ilonggo1,Reminder Drink water,CREATE_REMINDER,,0
vcm_train_gap001545,vcm,train,ref_tagalog6,Reminder Drink water,CREATE_REMINDER,,0
vcm_train_gap001546,vcm,train,ref_tagalog5,Reminder Drink water,CREATE_REMINDER,,0
vcm_train_gap001547,vcm,train,ref_tagalog10,Reminder Drink water,CREATE_REMINDER,,0
vcm_train_gap001548,vcm,train,ref_tagalog7,Reminder Drink water,CREATE_REMINDER,,0
vcm_train_gap001549,vcm,train,ref_tagalog11,Reminder Drink water,CREATE_REMINDER,,0
vcm_train_gap001550,vcm,train,ref_tagalog9,Reminder Drink water,CREATE_REMINDER,,0
vcm_train_gap001551,vcm,train,ref_tagalog3,Reminder Drink water,CREATE_REMINDER,,0
vcm_train_gap001552,vcm,train,ref_tagalog1,Reminder Drink water,CREATE_REMINDER,,0
vcm_train_gap001553,vcm,train,ref_tagalog2,Reminder Drink water,CREATE_REMINDER,,0
vcm_train_gap001554,vcm,train,ref_tagalog13,Reminder Drink water,CREATE_REMINDER,,0
vcm_train_gap001555,vcm,train,ref_tagalog4,Reminder Drink water,CREATE_REMINDER,,0
vcm_train_gap001556,vcm,train,ref_tagalog8,Reminder Drink water,CREATE_REMINDER,,0
vcm_train_gap001557,vcm,train,ref_tagalog14,Reminder Drink water,CREATE_REMINDER,,0
vcm_train_gap001558,vcm,train,ref_tagalog15,Reminder Drink water,CREATE_REMINDER,,0
vcm_train_gap001559,vcm,train,ref_tagalog16,Reminder Drink water,CREATE_REMINDER,,0
vcm_train_gap001560,vcm,train,ref_tagalog12,Reminder Drink water,CREATE_REMINDER,,0
vcm_train_gap001561,vcm,train,ref_ilonggo1,Reminder Drink water,CREATE_REMINDER,,0
vcm_train_gap001562,vcm,train,ref_tagalog6,Reminder Drink water,CREATE_REMINDER,,0
vcm_train_gap001563,vcm,train,ref_tagalog5,Reminder Drink water,CREATE_REMINDER,,0
vcm_train_gap001564,vcm,train,ref_tagalog10,Reminder Drink water,CREATE_REMINDER,,0
vcm_train_gap001565,vcm,train,ref_tagalog7,Reminder Drink water,CREATE_REMINDER,,0
vcm_train_gap001566,vcm,train,ref_tagalog11,Reminder Drink water,CREATE_REMINDER,,0
vcm_train_gap001567,vcm,train,ref_tagalog9,Reminder Drink water,CREATE_REMINDER,,0
vcm_train_gap001568,vcm,train,ref_tagalog3,Reminder Drink water,CREATE_REMINDER,,0
vcm_train_gap001569,vcm,train,ref_tagalog1,Reminder Drink water,CREATE_REMINDER,,0
vcm_train_gap001570,vcm,train,ref_tagalog2,Reminder Drink water,CREATE_REMINDER,,0
vcm_train_gap001571,vcm,train,ref_tagalog13,Reminder Drink water,CREATE_REMINDER,,0
vcm_train_gap001572,vcm,train,ref_tagalog4,Reminder Drink water,CREATE_REMINDER,,0
vcm_train_gap001573,vcm,train,ref_tagalog8,Reminder Drink water,CREATE_REMINDER,,0
vcm_train_gap001574,vcm,train,ref_tagalog14,Reminder Drink water,CREATE_REMINDER,,0
vcm_train_gap001575,vcm,train,ref_tagalog15,Reminder Drink water,CREATE_REMINDER,,0
vcm_train_gap001576,vcm,train,ref_tagalog16,Reminder Drink water,CREATE_REMINDER,,0
vcm_train_gap001577,vcm,train,ref_tagalog12,Reminder Drink water,CREATE_REMINDER,,0
vcm_train_gap001578,vcm,train,ref_ilonggo1,Reminder Drink water,CREATE_REMINDER,,0
vcm_train_gap001579,vcm,train,ref_tagalog6,Reminder Drink water,CREATE_REMINDER,,0
vcm_train_gap001580,vcm,train,ref_tagalog5,Reminder Drink water,CREATE_REMINDER,,0
vcm_train_gap001581,vcm,train,ref_tagalog10,Reminder Drink water,CREATE_REMINDER,,0
vcm_train_gap001582,vcm,train,ref_tagalog7,Reminder Drink water,CREATE_REMINDER,,0
vcm_train_gap001583,vcm,train,ref_tagalog11,Reminder Drink water,CREATE_REMINDER,,0
vcm_train_gap001584,vcm,train,ref_tagalog9,Reminder Drink water,CREATE_REMINDER,,0
vcm_train_gap001585,vcm,train,ref_tagalog3,Reminder Drink water,CREATE_REMINDER,,0
vcm_train_gap001586,vcm,train,ref_tagalog1,Reminder Drink water,CREATE_REMINDER,,0
vcm_train_gap001587,vcm,train,ref_tagalog2,Reminder Drink water,CREATE_REMINDER,,0
vcm_train_gap001588,vcm,train,ref_tagalog13,Reminder Drink water,CREATE_REMINDER,,0
vcm_train_gap001589,vcm,train,ref_tagalog4,Reminder Drink water,CREATE_REMINDER,,0
vcm_train_gap001590,vcm,train,ref_tagalog8,Reminder Drink water,CREATE_REMINDER,,0
vcm_train_gap001591,vcm,train,ref_tagalog14,Reminder Study,CREATE_REMINDER,,0
vcm_train_gap001592,vcm,train,ref_tagalog15,Reminder Study,CREATE_REMINDER,,0
vcm_train_gap001593,vcm,train,ref_tagalog16,Reminder Study,CREATE_REMINDER,,0
vcm_train_gap001594,vcm,train,ref_tagalog12,Reminder Study,CREATE_REMINDER,,0
vcm_train_gap001595,vcm,train,ref_ilonggo1,Reminder Study,CREATE_REMINDER,,0
vcm_train_gap001596,vcm,train,ref_tagalog6,Reminder Study,CREATE_REMINDER,,0
vcm_train_gap001597,vcm,train,ref_tagalog5,Reminder Study,CREATE_REMINDER,,0
vcm_train_gap001598,vcm,train,ref_tagalog10,Reminder Study,CREATE_REMINDER,,0
vcm_train_gap001599,vcm,train,ref_tagalog7,Reminder Study,CREATE_REMINDER,,0
vcm_train_gap001600,vcm,train,ref_tagalog11,Reminder Study,CREATE_REMINDER,,0
vcm_train_gap001601,vcm,train,ref_tagalog9,Reminder Study,CREATE_REMINDER,,0
vcm_train_gap001602,vcm,train,ref_tagalog3,Reminder Study,CREATE_REMINDER,,0
vcm_train_gap001603,vcm,train,ref_tagalog1,Reminder Study,CREATE_REMINDER,,0
vcm_train_gap001604,vcm,train,ref_tagalog2,Reminder Study,CREATE_REMINDER,,0
vcm_train_gap001605,vcm,train,ref_tagalog13,Reminder Study,CREATE_REMINDER,,0
vcm_train_gap001606,vcm,train,ref_tagalog4,Reminder Study,CREATE_REMINDER,,0
vcm_train_gap001607,vcm,train,ref_tagalog8,Reminder Study,CREATE_REMINDER,,0
vcm_train_gap001608,vcm,train,ref_tagalog14,Reminder Study,CREATE_REMINDER,,0
vcm_train_gap001609,vcm,train,ref_tagalog15,Reminder Study,CREATE_REMINDER,,0
vcm_train_gap001610,vcm,train,ref_tagalog16,Reminder Study,CREATE_REMINDER,,0
vcm_train_gap001611,vcm,train,ref_tagalog12,Reminder Study,CREATE_REMINDER,,0
vcm_train_gap001612,vcm,train,ref_ilonggo1,Reminder Study,CREATE_REMINDER,,0
vcm_train_gap001613,vcm,train,ref_tagalog6,Reminder Study,CREATE_REMINDER,,0
vcm_train_gap001614,vcm,train,ref_tagalog5,Reminder Study,CREATE_REMINDER,,0
vcm_train_gap001615,vcm,train,ref_tagalog10,Reminder Study,CREATE_REMINDER,,0
vcm_train_gap001616,vcm,train,ref_tagalog7,Reminder Study,CREATE_REMINDER,,0
vcm_train_gap001617,vcm,train,ref_tagalog11,Reminder Study,CREATE_REMINDER,,0
vcm_train_gap001618,vcm,train,ref_tagalog9,Reminder Study,CREATE_REMINDER,,0
vcm_train_gap001619,vcm,train,ref_tagalog3,Reminder Study,CREATE_REMINDER,,0
vcm_train_gap001620,vcm,train,ref_tagalog1,Reminder Study,CREATE_REMINDER,,0
vcm_train_gap001621,vcm,train,ref_tagalog2,Reminder Study,CREATE_REMINDER,,0
vcm_train_gap001622,vcm,train,ref_tagalog13,Reminder Study,CREATE_REMINDER,,0
vcm_train_gap001623,vcm,train,ref_tagalog4,Reminder Study,CREATE_REMINDER,,0
vcm_train_gap001624,vcm,train,ref_tagalog8,Reminder Study,CREATE_REMINDER,,0
vcm_train_gap001625,vcm,train,ref_tagalog14,Reminder Study,CREATE_REMINDER,,0
vcm_train_gap001626,vcm,train,ref_tagalog15,Reminder Study,CREATE_REMINDER,,0
vcm_train_gap001627,vcm,train,ref_tagalog16,Reminder Study,CREATE_REMINDER,,0
vcm_train_gap001628,vcm,train,ref_tagalog12,Reminder Study,CREATE_REMINDER,,0
vcm_train_gap001629,vcm,train,ref_ilonggo1,Reminder Study,CREATE_REMINDER,,0
vcm_train_gap001630,vcm,train,ref_tagalog6,Reminder Study,CREATE_REMINDER,,0
vcm_train_gap001631,vcm,train,ref_tagalog5,Reminder Study,CREATE_REMINDER,,0
vcm_train_gap001632,vcm,train,ref_tagalog10,Reminder Study,CREATE_REMINDER,,0
vcm_train_gap001633,vcm,train,ref_tagalog7,Reminder Study,CREATE_REMINDER,,0
vcm_train_gap001634,vcm,train,ref_tagalog11,Reminder Study,CREATE_REMINDER,,0
vcm_train_gap001635,vcm,train,ref_tagalog9,Reminder Study,CREATE_REMINDER,,0
vcm_train_gap001636,vcm,train,ref_tagalog3,Reminder Study,CREATE_REMINDER,,0
vcm_train_gap001637,vcm,train,ref_tagalog1,Reminder Study,CREATE_REMINDER,,0
vcm_train_gap001638,vcm,train,ref_tagalog2,Reminder Study,CREATE_REMINDER,,0
vcm_train_gap001639,vcm,train,ref_tagalog13,Reminder Study,CREATE_REMINDER,,0
vcm_train_gap001640,vcm,train,ref_tagalog4,Reminder Study,CREATE_REMINDER,,0
vcm_train_gap001641,vcm,train,ref_tagalog8,Reminder Study,CREATE_REMINDER,,0
vcm_train_gap001642,vcm,train,ref_tagalog14,Reminder Study,CREATE_REMINDER,,0
vcm_train_gap001643,vcm,train,ref_tagalog15,Reminder Study,CREATE_REMINDER,,0
vcm_train_gap001644,vcm,train,ref_tagalog16,Reminder Study,CREATE_REMINDER,,0
vcm_train_gap001645,vcm,train,ref_tagalog12,Reminder Study,CREATE_REMINDER,,0
vcm_train_gap001646,vcm,train,ref_ilonggo1,Reminder Study,CREATE_REMINDER,,0
vcm_train_gap001647,vcm,train,ref_tagalog6,Reminder Study,CREATE_REMINDER,,0
vcm_train_gap001648,vcm,train,ref_tagalog5,Reminder Study,CREATE_REMINDER,,0
vcm_train_gap001649,vcm,train,ref_tagalog10,Reminder Study,CREATE_REMINDER,,0
vcm_train_gap001650,vcm,train,ref_tagalog7,Reminder Study,CREATE_REMINDER,,0
vcm_train_gap001651,vcm,train,ref_tagalog11,Reminder Study,CREATE_REMINDER,,0
vcm_train_gap001652,vcm,train,ref_tagalog9,Reminder Study,CREATE_REMINDER,,0
vcm_train_gap001653,vcm,train,ref_tagalog3,Reminder Study,CREATE_REMINDER,,0
vcm_train_gap001654,vcm,train,ref_tagalog1,Reminder Study,CREATE_REMINDER,,0
vcm_train_gap001655,vcm,train,ref_tagalog2,Reminder Study,CREATE_REMINDER,,0
vcm_train_gap001656,vcm,train,ref_tagalog13,Reminder Study,CREATE_REMINDER,,0
vcm_train_gap001657,vcm,train,ref_tagalog4,Reminder Study,CREATE_REMINDER,,0
vcm_train_gap001658,vcm,train,ref_tagalog8,Reminder Study,CREATE_REMINDER,,0
vcm_train_gap001659,vcm,train,ref_tagalog14,Reminder Study,CREATE_REMINDER,,0
vcm_train_gap001660,vcm,train,ref_tagalog15,Reminder Study,CREATE_REMINDER,,0
vcm_train_gap001661,vcm,train,ref_tagalog16,Reminder Study,CREATE_REMINDER,,0
vcm_train_gap001662,vcm,train,ref_tagalog12,Reminder Study,CREATE_REMINDER,,0
vcm_train_gap001663,vcm,train,ref_ilonggo1,Reminder Study,CREATE_REMINDER,,0
vcm_train_gap001664,vcm,train,ref_tagalog6,Reminder Study,CREATE_REMINDER,,0
vcm_train_gap001665,vcm,train,ref_tagalog5,Reminder Study,CREATE_REMINDER,,0
vcm_train_gap001666,vcm,train,ref_tagalog10,Reminder Study,CREATE_REMINDER,,0
vcm_train_gap001667,vcm,train,ref_tagalog7,Reminder Study,CREATE_REMINDER,,0
vcm_train_gap001668,vcm,train,ref_tagalog11,Reminder Study,CREATE_REMINDER,,0
vcm_train_gap001669,vcm,train,ref_tagalog9,Reminder Study,CREATE_REMINDER,,0
vcm_train_gap001670,vcm,train,ref_tagalog3,Reminder Study,CREATE_REMINDER,,0
vcm_train_gap001671,vcm,train,ref_tagalog1,Reminder Study,CREATE_REMINDER,,0
vcm_train_gap001672,vcm,train,ref_tagalog2,Reminder Study,CREATE_REMINDER,,0
vcm_train_gap001673,vcm,train,ref_tagalog13,Reminder Study,CREATE_REMINDER,,0
vcm_train_gap001674,vcm,train,ref_tagalog4,Reminder Study,CREATE_REMINDER,,0
vcm_train_gap001675,vcm,train,ref_tagalog8,Reminder Study,CREATE_REMINDER,,0
vcm_train_gap001676,vcm,train,ref_tagalog14,Reminder Study,CREATE_REMINDER,,0
vcm_train_gap001677,vcm,train,ref_tagalog15,Reminder Study,CREATE_REMINDER,,0
vcm_train_gap001678,vcm,train,ref_tagalog16,Reminder Study,CREATE_REMINDER,,0
vcm_train_gap001679,vcm,train,ref_tagalog12,Reminder Study,CREATE_REMINDER,,0
vcm_train_gap001680,vcm,train,ref_ilonggo1,Reminder Study,CREATE_REMINDER,,0
vcm_train_gap001681,vcm,train,ref_tagalog6,Reminder Study,CREATE_REMINDER,,0
vcm_train_gap001682,vcm,train,ref_tagalog5,Reminder Study,CREATE_REMINDER,,0
vcm_train_gap001683,vcm,train,ref_tagalog10,Reminder Study,CREATE_REMINDER,,0
vcm_train_gap001684,vcm,train,ref_tagalog7,Reminder Study,CREATE_REMINDER,,0
vcm_train_gap001685,vcm,train,ref_tagalog11,Reminder Study,CREATE_REMINDER,,0
vcm_train_gap001686,vcm,train,ref_tagalog9,Reminder Study,CREATE_REMINDER,,0
vcm_train_gap001687,vcm,train,ref_tagalog3,Reminder Study,CREATE_REMINDER,,0
vcm_train_gap001688,vcm,train,ref_tagalog1,Reminder Study,CREATE_REMINDER,,0
vcm_train_gap001689,vcm,train,ref_tagalog2,Reminder Study,CREATE_REMINDER,,0
vcm_train_gap001690,vcm,train,ref_tagalog13,Reminder Study,CREATE_REMINDER,,0
vcm_train_gap001691,vcm,train,ref_tagalog4,Reminder Study,CREATE_REMINDER,,0
vcm_train_gap001692,vcm,train,ref_tagalog8,Reminder Study,CREATE_REMINDER,,0
vcm_train_gap001693,vcm,train,ref_tagalog14,Reminder Study,CREATE_REMINDER,,0
vcm_train_gap001694,vcm,train,ref_tagalog15,Reminder Study,CREATE_REMINDER,,0
vcm_train_gap001695,vcm,train,ref_tagalog16,Reminder Study,CREATE_REMINDER,,0
vcm_train_gap001696,vcm,train,ref_tagalog12,Reminder Study,CREATE_REMINDER,,0
vcm_train_gap001697,vcm,train,ref_ilonggo1,Reminder Study,CREATE_REMINDER,,0
vcm_train_gap001698,vcm,train,ref_tagalog6,Reminder Study,CREATE_REMINDER,,0
vcm_train_gap001699,vcm,train,ref_tagalog5,Reminder Study,CREATE_REMINDER,,0
vcm_train_gap001700,vcm,train,ref_tagalog10,Reminder Study,CREATE_REMINDER,,0
vcm_train_gap001701,vcm,train,ref_tagalog7,Reminder Study,CREATE_REMINDER,,0
vcm_train_gap001702,vcm,train,ref_tagalog11,Reminder Study,CREATE_REMINDER,,0
vcm_train_gap001703,vcm,train,ref_tagalog9,Reminder Study,CREATE_REMINDER,,0
vcm_train_gap001704,vcm,train,ref_tagalog3,Reminder Study,CREATE_REMINDER,,0
vcm_train_gap001705,vcm,train,ref_tagalog1,Reminder Study,CREATE_REMINDER,,0
vcm_train_gap001706,vcm,train,ref_tagalog2,Reminder Study,CREATE_REMINDER,,0
vcm_train_gap001707,vcm,train,ref_tagalog13,Reminder Study,CREATE_REMINDER,,0
vcm_train_gap001708,vcm,train,ref_tagalog4,Reminder Exercise,CREATE_REMINDER,,0
vcm_train_gap001709,vcm,train,ref_tagalog8,Reminder Exercise,CREATE_REMINDER,,0
vcm_train_gap001710,vcm,train,ref_tagalog14,Reminder Exercise,CREATE_REMINDER,,0
vcm_train_gap001711,vcm,train,ref_tagalog15,Reminder Exercise,CREATE_REMINDER,,0
vcm_train_gap001712,vcm,train,ref_tagalog16,Reminder Exercise,CREATE_REMINDER,,0
vcm_train_gap001713,vcm,train,ref_tagalog12,Reminder Exercise,CREATE_REMINDER,,0
vcm_train_gap001714,vcm,train,ref_ilonggo1,Reminder Exercise,CREATE_REMINDER,,0
vcm_train_gap001715,vcm,train,ref_tagalog6,Reminder Exercise,CREATE_REMINDER,,0
vcm_train_gap001716,vcm,train,ref_tagalog5,Reminder Exercise,CREATE_REMINDER,,0
vcm_train_gap001717,vcm,train,ref_tagalog10,Reminder Exercise,CREATE_REMINDER,,0
vcm_train_gap001718,vcm,train,ref_tagalog7,Reminder Exercise,CREATE_REMINDER,,0
vcm_train_gap001719,vcm,train,ref_tagalog11,Reminder Exercise,CREATE_REMINDER,,0
vcm_train_gap001720,vcm,train,ref_tagalog9,Reminder Exercise,CREATE_REMINDER,,0
vcm_train_gap001721,vcm,train,ref_tagalog3,Reminder Exercise,CREATE_REMINDER,,0
vcm_train_gap001722,vcm,train,ref_tagalog1,Reminder Exercise,CREATE_REMINDER,,0
vcm_train_gap001723,vcm,train,ref_tagalog2,Reminder Exercise,CREATE_REMINDER,,0
vcm_train_gap001724,vcm,train,ref_tagalog13,Reminder Exercise,CREATE_REMINDER,,0
vcm_train_gap001725,vcm,train,ref_tagalog4,Reminder Exercise,CREATE_REMINDER,,0
vcm_train_gap001726,vcm,train,ref_tagalog8,Reminder Exercise,CREATE_REMINDER,,0
vcm_train_gap001727,vcm,train,ref_tagalog14,Reminder Exercise,CREATE_REMINDER,,0
vcm_train_gap001728,vcm,train,ref_tagalog15,Reminder Exercise,CREATE_REMINDER,,0
vcm_train_gap001729,vcm,train,ref_tagalog16,Reminder Exercise,CREATE_REMINDER,,0
vcm_train_gap001730,vcm,train,ref_tagalog12,Reminder Exercise,CREATE_REMINDER,,0
vcm_train_gap001731,vcm,train,ref_ilonggo1,Reminder Exercise,CREATE_REMINDER,,0
vcm_train_gap001732,vcm,train,ref_tagalog6,Reminder Exercise,CREATE_REMINDER,,0
vcm_train_gap001733,vcm,train,ref_tagalog5,Reminder Exercise,CREATE_REMINDER,,0
vcm_train_gap001734,vcm,train,ref_tagalog10,Reminder Exercise,CREATE_REMINDER,,0
vcm_train_gap001735,vcm,train,ref_tagalog7,Reminder Exercise,CREATE_REMINDER,,0
vcm_train_gap001736,vcm,train,ref_tagalog11,Reminder Exercise,CREATE_REMINDER,,0
vcm_train_gap001737,vcm,train,ref_tagalog9,Reminder Exercise,CREATE_REMINDER,,0
vcm_train_gap001738,vcm,train,ref_tagalog3,Reminder Exercise,CREATE_REMINDER,,0
vcm_train_gap001739,vcm,train,ref_tagalog1,Reminder Exercise,CREATE_REMINDER,,0
vcm_train_gap001740,vcm,train,ref_tagalog2,Reminder Exercise,CREATE_REMINDER,,0
vcm_train_gap001741,vcm,train,ref_tagalog13,Reminder Exercise,CREATE_REMINDER,,0
vcm_train_gap001742,vcm,train,ref_tagalog4,Reminder Exercise,CREATE_REMINDER,,0
vcm_train_gap001743,vcm,train,ref_tagalog8,Reminder Exercise,CREATE_REMINDER,,0
vcm_train_gap001744,vcm,train,ref_tagalog14,Reminder Exercise,CREATE_REMINDER,,0
vcm_train_gap001745,vcm,train,ref_tagalog15,Reminder Exercise,CREATE_REMINDER,,0
vcm_train_gap001746,vcm,train,ref_tagalog16,Reminder Exercise,CREATE_REMINDER,,0
vcm_train_gap001747,vcm,train,ref_tagalog12,Reminder Exercise,CREATE_REMINDER,,0
vcm_train_gap001748,vcm,train,ref_ilonggo1,Reminder Exercise,CREATE_REMINDER,,0
vcm_train_gap001749,vcm,train,ref_tagalog6,Reminder Exercise,CREATE_REMINDER,,0
vcm_train_gap001750,vcm,train,ref_tagalog5,Reminder Exercise,CREATE_REMINDER,,0
vcm_train_gap001751,vcm,train,ref_tagalog10,Reminder Exercise,CREATE_REMINDER,,0
vcm_train_gap001752,vcm,train,ref_tagalog7,Reminder Exercise,CREATE_REMINDER,,0
vcm_train_gap001753,vcm,train,ref_tagalog11,Reminder Exercise,CREATE_REMINDER,,0
vcm_train_gap001754,vcm,train,ref_tagalog9,Reminder Exercise,CREATE_REMINDER,,0
vcm_train_gap001755,vcm,train,ref_tagalog3,Reminder Exercise,CREATE_REMINDER,,0
vcm_train_gap001756,vcm,train,ref_tagalog1,Reminder Exercise,CREATE_REMINDER,,0
vcm_train_gap001757,vcm,train,ref_tagalog2,Reminder Exercise,CREATE_REMINDER,,0
vcm_train_gap001758,vcm,train,ref_tagalog13,Reminder Exercise,CREATE_REMINDER,,0
vcm_train_gap001759,vcm,train,ref_tagalog4,Reminder Exercise,CREATE_REMINDER,,0
vcm_train_gap001760,vcm,train,ref_tagalog8,Reminder Exercise,CREATE_REMINDER,,0
vcm_train_gap001761,vcm,train,ref_tagalog14,Reminder Exercise,CREATE_REMINDER,,0
vcm_train_gap001762,vcm,train,ref_tagalog15,Reminder Exercise,CREATE_REMINDER,,0
vcm_train_gap001763,vcm,train,ref_tagalog16,Reminder Exercise,CREATE_REMINDER,,0
vcm_train_gap001764,vcm,train,ref_tagalog12,Reminder Exercise,CREATE_REMINDER,,0
vcm_train_gap001765,vcm,train,ref_ilonggo1,Reminder Exercise,CREATE_REMINDER,,0
vcm_train_gap001766,vcm,train,ref_tagalog6,Reminder Exercise,CREATE_REMINDER,,0
vcm_train_gap001767,vcm,train,ref_tagalog5,Reminder Exercise,CREATE_REMINDER,,0
vcm_train_gap001768,vcm,train,ref_tagalog10,Reminder Exercise,CREATE_REMINDER,,0
vcm_train_gap001769,vcm,train,ref_tagalog7,Reminder Exercise,CREATE_REMINDER,,0
vcm_train_gap001770,vcm,train,ref_tagalog11,Reminder Exercise,CREATE_REMINDER,,0
vcm_train_gap001771,vcm,train,ref_tagalog9,Reminder Exercise,CREATE_REMINDER,,0
vcm_train_gap001772,vcm,train,ref_tagalog3,Reminder Exercise,CREATE_REMINDER,,0
vcm_train_gap001773,vcm,train,ref_tagalog1,Reminder Exercise,CREATE_REMINDER,,0
vcm_train_gap001774,vcm,train,ref_tagalog2,Reminder Exercise,CREATE_REMINDER,,0
vcm_train_gap001775,vcm,train,ref_tagalog13,Reminder Exercise,CREATE_REMINDER,,0
vcm_train_gap001776,vcm,train,ref_tagalog4,Reminder Exercise,CREATE_REMINDER,,0
vcm_train_gap001777,vcm,train,ref_tagalog8,Reminder Exercise,CREATE_REMINDER,,0
vcm_train_gap001778,vcm,train,ref_tagalog14,Reminder Exercise,CREATE_REMINDER,,0
vcm_train_gap001779,vcm,train,ref_tagalog15,Reminder Exercise,CREATE_REMINDER,,0
vcm_train_gap001780,vcm,train,ref_tagalog16,Reminder Exercise,CREATE_REMINDER,,0
vcm_train_gap001781,vcm,train,ref_tagalog12,Reminder Exercise,CREATE_REMINDER,,0
vcm_train_gap001782,vcm,train,ref_ilonggo1,Reminder Exercise,CREATE_REMINDER,,0
vcm_train_gap001783,vcm,train,ref_tagalog6,Reminder Exercise,CREATE_REMINDER,,0
vcm_train_gap001784,vcm,train,ref_tagalog5,Reminder Exercise,CREATE_REMINDER,,0
vcm_train_gap001785,vcm,train,ref_tagalog10,Reminder Exercise,CREATE_REMINDER,,0
vcm_train_gap001786,vcm,train,ref_tagalog7,Reminder Exercise,CREATE_REMINDER,,0
vcm_train_gap001787,vcm,train,ref_tagalog11,Reminder Exercise,CREATE_REMINDER,,0
vcm_train_gap001788,vcm,train,ref_tagalog9,Reminder Exercise,CREATE_REMINDER,,0
vcm_train_gap001789,vcm,train,ref_tagalog3,Reminder Exercise,CREATE_REMINDER,,0
vcm_train_gap001790,vcm,train,ref_tagalog1,Reminder Exercise,CREATE_REMINDER,,0
vcm_train_gap001791,vcm,train,ref_tagalog2,Reminder Exercise,CREATE_REMINDER,,0
vcm_train_gap001792,vcm,train,ref_tagalog13,Reminder Exercise,CREATE_REMINDER,,0
vcm_train_gap001793,vcm,train,ref_tagalog4,Reminder Exercise,CREATE_REMINDER,,0
vcm_train_gap001794,vcm,train,ref_tagalog8,Reminder Exercise,CREATE_REMINDER,,0
vcm_train_gap001795,vcm,train,ref_tagalog14,Reminder Exercise,CREATE_REMINDER,,0
vcm_train_gap001796,vcm,train,ref_tagalog15,Reminder Exercise,CREATE_REMINDER,,0
vcm_train_gap001797,vcm,train,ref_tagalog16,Reminder Exercise,CREATE_REMINDER,,0
vcm_train_gap001798,vcm,train,ref_tagalog12,Reminder Exercise,CREATE_REMINDER,,0
vcm_train_gap001799,vcm,train,ref_ilonggo1,Reminder Exercise,CREATE_REMINDER,,0
vcm_train_gap001800,vcm,train,ref_tagalog6,Reminder Exercise,CREATE_REMINDER,,0
vcm_train_gap001801,vcm,train,ref_tagalog5,Reminder Exercise,CREATE_REMINDER,,0
vcm_train_gap001802,vcm,train,ref_tagalog10,Reminder Exercise,CREATE_REMINDER,,0
vcm_train_gap001803,vcm,train,ref_tagalog7,Reminder Exercise,CREATE_REMINDER,,0
vcm_train_gap001804,vcm,train,ref_tagalog11,Reminder Exercise,CREATE_REMINDER,,0
vcm_train_gap001805,vcm,train,ref_tagalog9,Reminder Exercise,CREATE_REMINDER,,0
vcm_train_gap001806,vcm,train,ref_tagalog3,Reminder Exercise,CREATE_REMINDER,,0
vcm_train_gap001807,vcm,train,ref_tagalog1,Reminder Exercise,CREATE_REMINDER,,0
vcm_train_gap001808,vcm,train,ref_tagalog2,Reminder Exercise,CREATE_REMINDER,,0
vcm_train_gap001809,vcm,train,ref_tagalog13,Reminder Exercise,CREATE_REMINDER,,0
vcm_train_gap001810,vcm,train,ref_tagalog4,Reminder Exercise,CREATE_REMINDER,,0
vcm_train_gap001811,vcm,train,ref_tagalog8,Reminder Exercise,CREATE_REMINDER,,0
vcm_train_gap001812,vcm,train,ref_tagalog14,Reminder Exercise,CREATE_REMINDER,,0
vcm_train_gap001813,vcm,train,ref_tagalog15,Reminder Exercise,CREATE_REMINDER,,0
vcm_train_gap001814,vcm,train,ref_tagalog16,Reminder Exercise,CREATE_REMINDER,,0
vcm_train_gap001815,vcm,train,ref_tagalog12,Reminder Exercise,CREATE_REMINDER,,0
vcm_train_gap001816,vcm,train,ref_ilonggo1,Remind me to Study,CREATE_REMINDER,,0
vcm_train_gap001817,vcm,train,ref_tagalog6,Remind me to Study,CREATE_REMINDER,,0
vcm_train_gap001818,vcm,train,ref_tagalog5,Remind me to Study,CREATE_REMINDER,,0
vcm_train_gap001819,vcm,train,ref_tagalog10,Remind me to Study,CREATE_REMINDER,,0
vcm_train_gap001820,vcm,train,ref_tagalog7,Remind me to Study,CREATE_REMINDER,,0
vcm_train_gap001821,vcm,train,ref_tagalog11,Remind me to Study,CREATE_REMINDER,,0
vcm_train_gap001822,vcm,train,ref_tagalog9,Remind me to Study,CREATE_REMINDER,,0
vcm_train_gap001823,vcm,train,ref_tagalog3,Remind me to Study,CREATE_REMINDER,,0
vcm_train_gap001824,vcm,train,ref_tagalog1,Remind me to Study,CREATE_REMINDER,,0
vcm_train_gap001825,vcm,train,ref_tagalog2,Remind me to Study,CREATE_REMINDER,,0
vcm_train_gap001826,vcm,train,ref_tagalog13,Remind me to Exercise,CREATE_REMINDER,,0
vcm_train_gap001827,vcm,train,ref_tagalog4,Remind me to Exercise,CREATE_REMINDER,,0
vcm_train_gap001828,vcm,train,ref_tagalog8,Remind me to Exercise,CREATE_REMINDER,,0
vcm_train_gap001829,vcm,train,ref_tagalog14,Remind me to Exercise,CREATE_REMINDER,,0
vcm_train_gap001830,vcm,train,ref_tagalog15,Remind me to Exercise,CREATE_REMINDER,,0
vcm_train_gap001831,vcm,train,ref_tagalog16,Remind me to Exercise,CREATE_REMINDER,,0
vcm_train_gap001832,vcm,train,ref_tagalog12,Remind me to Exercise,CREATE_REMINDER,,0
vcm_train_gap001833,vcm,train,ref_ilonggo1,Remind me to Exercise,CREATE_REMINDER,,0
vcm_train_gap001834,vcm,train,ref_tagalog6,Remind me to Exercise,CREATE_REMINDER,,0
vcm_train_gap001835,vcm,train,ref_tagalog5,Remind me to Exercise,CREATE_REMINDER,,0
vcm_train_gap001836,vcm,train,ref_tagalog10,Remind me to Exercise,CREATE_REMINDER,,0
vcm_train_gap001837,vcm,train,ref_tagalog7,Remind me to Exercise,CREATE_REMINDER,,0
vcm_train_gap001838,vcm,train,ref_tagalog11,Remind me to Exercise,CREATE_REMINDER,,0
vcm_train_gap001839,vcm,train,ref_tagalog9,Remind me to Exercise,CREATE_REMINDER,,0
vcm_train_gap001840,vcm,train,ref_tagalog3,Remind me to Exercise,CREATE_REMINDER,,0
vcm_train_gap001841,vcm,train,ref_tagalog1,Remind me to Exercise,CREATE_REMINDER,,0
vcm_train_gap001842,vcm,train,ref_tagalog2,Remind me to Exercise,CREATE_REMINDER,,0
vcm_train_gap001843,vcm,train,ref_tagalog13,Remind me to Exercise,CREATE_REMINDER,,0
vcm_train_gap001844,vcm,train,ref_tagalog4,Remind me to Exercise,CREATE_REMINDER,,0
vcm_train_gap001845,vcm,train,ref_tagalog8,Remind me to Exercise,CREATE_REMINDER,,0
vcm_train_gap001846,vcm,train,ref_tagalog14,Remind me to Exercise,CREATE_REMINDER,,0
vcm_train_gap001847,vcm,train,ref_tagalog15,Remind me to Exercise,CREATE_REMINDER,,0
vcm_train_gap001848,vcm,train,ref_tagalog16,Remind me to Exercise,CREATE_REMINDER,,0
