filename,job_id
Play some music - vcm_train_gap000000.wav,vcm_train_gap000000
Play some music - vcm_train_gap000002.wav,vcm_train_gap000002
Play some music - vcm_train_gap000004.wav,vcm_train_gap000004
Play some music - vcm_train_gap000006.wav,vcm_train_gap000006
Play some music - vcm_train_gap000008.wav,vcm_train_gap000008
Play some music - vcm_train_gap000010.wav,vcm_train_gap000010
Weather - vcm_train_gap000012.wav,vcm_train_gap000012
Weather - vcm_train_gap000014.wav,vcm_train_gap000014
Weather - vcm_train_gap000016.wav,vcm_train_gap000016
Weather - vcm_train_gap000018.wav,vcm_train_gap000018
Weather - vcm_train_gap000020.wav,vcm_train_gap000020
Weather - vcm_train_gap000022.wav,vcm_train_gap000022
Weather - vcm_train_gap000024.wav,vcm_train_gap000024
Weather - vcm_train_gap000026.wav,vcm_train_gap000026
Weather - vcm_train_gap000028.wav,vcm_train_gap000028
Weather - vcm_train_gap000030.wav,vcm_train_gap000030
Weather - vcm_train_gap000032.wav,vcm_train_gap000032
Weather - vcm_train_gap000034.wav,vcm_train_gap000034
Weather - vcm_train_gap000036.wav,vcm_train_gap000036
Weather - vcm_train_gap000038.wav,vcm_train_gap000038
Weather - vcm_train_gap000040.wav,vcm_train_gap000040
Weather - vcm_train_gap000042.wav,vcm_train_gap000042
Weather - vcm_train_gap000044.wav,vcm_train_gap000044
Weather - vcm_train_gap000046.wav,vcm_train_gap000046
Weather - vcm_train_gap000048.wav,vcm_train_gap000048
Weather - vcm_train_gap000050.wav,vcm_train_gap000050
Weather - vcm_train_gap000052.wav,vcm_train_gap000052
Weather - vcm_train_gap000054.wav,vcm_train_gap000054
Weather - vcm_train_gap000056.wav,vcm_train_gap000056
What's the weather? - vcm_train_gap000058.wav,vcm_train_gap000058
What's the weather? - vcm_train_gap000060.wav,vcm_train_gap000060
What's the weather? - vcm_train_gap000062.wav,vcm_train_gap000062
What's the weather? - vcm_train_gap000064.wav,vcm_train_gap000064
Time - vcm_train_gap000066.wav,vcm_train_gap000066
Time - vcm_train_gap000068.wav,vcm_train_gap000068
Time - vcm_train_gap000070.wav,vcm_train_gap000070
Time - vcm_train_gap000072.wav,vcm_train_gap000072
Time - vcm_train_gap000074.wav,vcm_train_gap000074
Time - vcm_train_gap000076.wav,vcm_train_gap000076
Time - vcm_train_gap000078.wav,vcm_train_gap000078
Time - vcm_train_gap000080.wav,vcm_train_gap000080
Time - vcm_train_gap000082.wav,vcm_train_gap000082
Time - vcm_train_gap000084.wav,vcm_train_gap000084
Time - vcm_train_gap000086.wav,vcm_train_gap000086
Time - vcm_train_gap000088.wav,vcm_train_gap000088
Time - vcm_train_gap000090.wav,vcm_train_gap000090
Time - vcm_train_gap000092.wav,vcm_train_gap000092
Time - vcm_train_gap000094.wav,vcm_train_gap000094
Time - vcm_train_gap000096.wav,vcm_train_gap000096
Time - vcm_train_gap000098.wav,vcm_train_gap000098
Time - vcm_train_gap000100.wav,vcm_train_gap000100
Time - vcm_train_gap000102.wav,vcm_train_gap000102
Time - vcm_train_gap000104.wav,vcm_train_gap000104
Time - vcm_train_gap000106.wav,vcm_train_gap000106
Time - vcm_train_gap000108.wav,vcm_train_gap000108
Time - vcm_train_gap000110.wav,vcm_train_gap000110
Time - vcm_train_gap000112.wav,vcm_train_gap000112
Time - vcm_train_gap000114.wav,vcm_train_gap000114
Time - vcm_train_gap000116.wav,vcm_train_gap000116
Time - vcm_train_gap000118.wav,vcm_train_gap000118
Lights on - vcm_train_gap000120.wav,vcm_train_gap000120
Lights on - vcm_train_gap000122.wav,vcm_train_gap000122
Lights on - vcm_train_gap000124.wav,vcm_train_gap000124
Lights on - vcm_train_gap000126.wav,vcm_train_gap000126
Lights on - vcm_train_gap000128.wav,vcm_train_gap000128
Power on the lights - vcm_train_gap000130.wav,vcm_train_gap000130
Power on the lights - vcm_train_gap000132.wav,vcm_train_gap000132
Lights out - vcm_train_gap000134.wav,vcm_train_gap000134
Lights out - vcm_train_gap000136.wav,vcm_train_gap000136
Lights out - vcm_train_gap000138.wav,vcm_train_gap000138
Lights out - vcm_train_gap000140.wav,vcm_train_gap000140
Lights out - vcm_train_gap000142.wav,vcm_train_gap000142
Lights out - vcm_train_gap000144.wav,vcm_train_gap000144
Lights out - vcm_train_gap000146.wav,vcm_train_gap000146
Lights out - vcm_train_gap000148.wav,vcm_train_gap000148
Lights out - vcm_train_gap000150.wav,vcm_train_gap000150
Lights out - vcm_train_gap000152.wav,vcm_train_gap000152
Lights out - vcm_train_gap000154.wav,vcm_train_gap000154
Pause audio - vcm_train_gap000156.wav,vcm_train_gap000156
Pause audio - vcm_train_gap000158.wav,vcm_train_gap000158
Pause audio - vcm_train_gap000160.wav,vcm_train_gap000160
Pause audio - vcm_train_gap000162.wav,vcm_train_gap000162
Pause audio - vcm_train_gap000164.wav,vcm_train_gap000164
Pause audio - vcm_train_gap000166.wav,vcm_train_gap000166
Pause audio - vcm_train_gap000168.wav,vcm_train_gap000168
Pause audio - vcm_train_gap000170.wav,vcm_train_gap000170
Pause audio - vcm_train_gap000172.wav,vcm_train_gap000172
Pause audio - vcm_train_gap000174.wav,vcm_train_gap000174
Pause audio - vcm_train_gap000176.wav,vcm_train_gap000176
Pause audio - vcm_train_gap000178.wav,vcm_train_gap000178
Pause audio - vcm_train_gap000180.wav,vcm_train_gap000180
Pause audio - vcm_train_gap000182.wav,vcm_train_gap000182
Pause audio - vcm_train_gap000184.wav,vcm_train_gap000184
Pause audio - vcm_train_gap000186.wav,vcm_train_gap000186
Pause audio - vcm_train_gap000188.wav,vcm_train_gap000188
Pause audio - vcm_train_gap000190.wav,vcm_train_gap000190
Pause audio - vcm_train_gap000192.wav,vcm_train_gap000192
Pause audio - vcm_train_gap000194.wav,vcm_train_gap000194
Pause audio - vcm_train_gap000196.wav,vcm_train_gap000196
Pause audio - vcm_train_gap000198.wav,vcm_train_gap000198
Pause audio - vcm_train_gap000200.wav,vcm_train_gap000200
Pause audio - vcm_train_gap000202.wav,vcm_train_gap000202
Pause audio - vcm_train_gap000204.wav,vcm_train_gap000204
Pause audio - vcm_train_gap000206.wav,vcm_train_gap000206
Pause audio - vcm_train_gap000208.wav,vcm_train_gap000208
Pause audio - vcm_train_gap000210.wav,vcm_train_gap000210
Pause audio - vcm_train_gap000212.wav,vcm_train_gap000212
Pause audio - vcm_train_gap000214.wav,vcm_train_gap000214
Pause audio - vcm_train_gap000216.wav,vcm_train_gap000216
Pause song - vcm_train_gap000218.wav,vcm_train_gap000218
Pause song - vcm_train_gap000220.wav,vcm_train_gap000220
Pause song - vcm_train_gap000222.wav,vcm_train_gap000222
Pause song - vcm_train_gap000224.wav,vcm_train_gap000224
Pause song - vcm_train_gap000226.wav,vcm_train_gap000226
Pause song - vcm_train_gap000228.wav,vcm_train_gap000228
Pause song - vcm_train_gap000230.wav,vcm_train_gap000230
Pause song - vcm_train_gap000232.wav,vcm_train_gap000232
Pause song - vcm_train_gap000234.wav,vcm_train_gap000234
Pause song - vcm_train_gap000236.wav,vcm_train_gap000236
Pause song - vcm_train_gap000238.wav,vcm_train_gap000238
Pause song - vcm_train_gap000240.wav,vcm_train_gap000240
Pause song - vcm_train_gap000242.wav,vcm_train_gap000242
Pause song - vcm_train_gap000244.wav,vcm_train_gap000244
Pause song - vcm_train_gap000246.wav,vcm_train_gap000246
Pause song - vcm_train_gap000248.wav,vcm_train_gap000248
Pause song - vcm_train_gap000250.wav,vcm_train_gap000250
Pause song - vcm_train_gap000252.wav,vcm_train_gap000252
Pause song - vcm_train_gap000254.wav,vcm_train_gap000254
Pause song - vcm_train_gap000256.wav,vcm_train_gap000256
Pause song - vcm_train_gap000258.wav,vcm_train_gap000258
Pause song - vcm_train_gap000260.wav,vcm_train_gap000260
Pause song - vcm_train_gap000262.wav,vcm_train_gap000262
Pause song - vcm_train_gap000264.wav,vcm_train_gap000264
Pause song - vcm_train_gap000266.wav,vcm_train_gap000266
Pause song - vcm_train_gap000268.wav,vcm_train_gap000268
Pause song - vcm_train_gap000270.wav,vcm_train_gap000270
Pause song - vcm_train_gap000272.wav,vcm_train_gap000272
Pause song - vcm_train_gap000274.wav,vcm_train_gap000274
Pause song - vcm_train_gap000276.wav,vcm_train_gap000276
Pause song - vcm_train_gap000278.wav,vcm_train_gap000278
Pause song - vcm_train_gap000280.wav,vcm_train_gap000280
Pause song - vcm_train_gap000282.wav,vcm_train_gap000282
Pause song - vcm_train_gap000284.wav,vcm_train_gap000284
Pause song - vcm_train_gap000286.wav,vcm_train_gap000286
Pause song - vcm_train_gap000288.wav,vcm_train_gap000288
Pause song - vcm_train_gap000290.wav,vcm_train_gap000290
Pause song - vcm_train_gap000292.wav,vcm_train_gap000292
Pause song - vcm_train_gap000294.wav,vcm_train_gap000294
Pause song - vcm_train_gap000296.wav,vcm_train_gap000296
Pause song - vcm_train_gap000298.wav,vcm_train_gap000298
Pause song - vcm_train_gap000300.wav,vcm_train_gap000300
Pause song - vcm_train_gap000302.wav,vcm_train_gap000302
Pause song - vcm_train_gap000304.wav,vcm_train_gap000304
Pause song - vcm_train_gap000306.wav,vcm_train_gap000306
Pause song - vcm_train_gap000308.wav,vcm_train_gap000308
Pause song - vcm_train_gap000310.wav,vcm_train_gap000310
Pause song - vcm_train_gap000312.wav,vcm_train_gap000312
Pause song - vcm_train_gap000314.wav,vcm_train_gap000314
Pause song - vcm_train_gap000316.wav,vcm_train_gap000316
Pause song - vcm_train_gap000318.wav,vcm_train_gap000318
Pause song - vcm_train_gap000320.wav,vcm_train_gap000320
Pause song - vcm_train_gap000322.wav,vcm_train_gap000322
Pause song - vcm_train_gap000324.wav,vcm_train_gap000324
Pause song - vcm_train_gap000326.wav,vcm_train_gap000326
Pause song - vcm_train_gap000328.wav,vcm_train_gap000328
Pause song - vcm_train_gap000330.wav,vcm_train_gap000330
Pause song - vcm_train_gap000332.wav,vcm_train_gap000332
Pause song - vcm_train_gap000334.wav,vcm_train_gap000334
End playback - vcm_train_gap000336.wav,vcm_train_gap000336
End playback - vcm_train_gap000338.wav,vcm_train_gap000338
End playback - vcm_train_gap000340.wav,vcm_train_gap000340
End playback - vcm_train_gap000342.wav,vcm_train_gap000342
End playback - vcm_train_gap000344.wav,vcm_train_gap000344
End playback - vcm_train_gap000346.wav,vcm_train_gap000346
End playback - vcm_train_gap000348.wav,vcm_train_gap000348
End playback - vcm_train_gap000350.wav,vcm_train_gap000350
End playback - vcm_train_gap000352.wav,vcm_train_gap000352
End playback - vcm_train_gap000354.wav,vcm_train_gap000354
Skip song - vcm_train_gap000356.wav,vcm_train_gap000356
Skip song - vcm_train_gap000358.wav,vcm_train_gap000358
Skip song - vcm_train_gap000360.wav,vcm_train_gap000360
Skip song - vcm_train_gap000362.wav,vcm_train_gap000362
Skip song - vcm_train_gap000364.wav,vcm_train_gap000364
Play next song - vcm_train_gap000366.wav,vcm_train_gap000366
Play next song - vcm_train_gap000368.wav,vcm_train_gap000368
Play next song - vcm_train_gap000370.wav,vcm_train_gap000370
Play next song - vcm_train_gap000372.wav,vcm_train_gap000372
Play next song - vcm_train_gap000374.wav,vcm_train_gap000374
Play next song - vcm_train_gap000376.wav,vcm_train_gap000376
Volume up - vcm_train_gap000378.wav,vcm_train_gap000378
Volume up - vcm_train_gap000380.wav,vcm_train_gap000380
Volume up - vcm_train_gap000382.wav,vcm_train_gap000382
Volume up - vcm_train_gap000384.wav,vcm_train_gap000384
Volume up - vcm_train_gap000386.wav,vcm_train_gap000386
Volume up - vcm_train_gap000388.wav,vcm_train_gap000388
Volume down - vcm_train_gap000390.wav,vcm_train_gap000390
Volume down - vcm_train_gap000392.wav,vcm_train_gap000392
Volume down - vcm_train_gap000394.wav,vcm_train_gap000394
Volume down - vcm_train_gap000396.wav,vcm_train_gap000396
Volume down - vcm_train_gap000398.wav,vcm_train_gap000398
Volume down - vcm_train_gap000400.wav,vcm_train_gap000400
Volume down - vcm_train_gap000402.wav,vcm_train_gap000402
Volume down - vcm_train_gap000404.wav,vcm_train_gap000404
Volume down - vcm_train_gap000406.wav,vcm_train_gap000406
Volume down - vcm_train_gap000408.wav,vcm_train_gap000408
Volume down - vcm_train_gap000410.wav,vcm_train_gap000410
Volume down - vcm_train_gap000412.wav,vcm_train_gap000412
Volume down - vcm_train_gap000414.wav,vcm_train_gap000414
Volume down - vcm_train_gap000416.wav,vcm_train_gap000416
Volume down - vcm_train_gap000418.wav,vcm_train_gap000418
Volume down - vcm_train_gap000420.wav,vcm_train_gap000420
Volume down - vcm_train_gap000422.wav,vcm_train_gap000422
Volume down - vcm_train_gap000424.wav,vcm_train_gap000424
Call - vcm_train_gap000426.wav,vcm_train_gap000426
Call - vcm_train_gap000428.wav,vcm_train_gap000428
Call - vcm_train_gap000430.wav,vcm_train_gap000430
Call - vcm_train_gap000432.wav,vcm_train_gap000432
Call - vcm_train_gap000434.wav,vcm_train_gap000434
Call - vcm_train_gap000436.wav,vcm_train_gap000436
Call - vcm_train_gap000438.wav,vcm_train_gap000438
Call - vcm_train_gap000440.wav,vcm_train_gap000440
Call - vcm_train_gap000442.wav,vcm_train_gap000442
Call - vcm_train_gap000444.wav,vcm_train_gap000444
Call - vcm_train_gap000446.wav,vcm_train_gap000446
Call - vcm_train_gap000448.wav,vcm_train_gap000448
Call - vcm_train_gap000450.wav,vcm_train_gap000450
Call - vcm_train_gap000452.wav,vcm_train_gap000452
Call - vcm_train_gap000454.wav,vcm_train_gap000454
Call - vcm_train_gap000456.wav,vcm_train_gap000456
Call - vcm_train_gap000458.wav,vcm_train_gap000458
Call - vcm_train_gap000460.wav,vcm_train_gap000460
Call - vcm_train_gap000462.wav,vcm_train_gap000462
Call - vcm_train_gap000464.wav,vcm_train_gap000464
Call - vcm_train_gap000466.wav,vcm_train_gap000466
Call - vcm_train_gap000468.wav,vcm_train_gap000468
Call - vcm_train_gap000470.wav,vcm_train_gap000470
Call - vcm_train_gap000472.wav,vcm_train_gap000472
Call - vcm_train_gap000474.wav,vcm_train_gap000474
Call - vcm_train_gap000476.wav,vcm_train_gap000476
Call - vcm_train_gap000478.wav,vcm_train_gap000478
Call - vcm_train_gap000480.wav,vcm_train_gap000480
Call - vcm_train_gap000482.wav,vcm_train_gap000482
Call - vcm_train_gap000484.wav,vcm_train_gap000484
Call - vcm_train_gap000486.wav,vcm_train_gap000486
Call - vcm_train_gap000488.wav,vcm_train_gap000488
Call - vcm_train_gap000490.wav,vcm_train_gap000490
Call - vcm_train_gap000492.wav,vcm_train_gap000492
Call - vcm_train_gap000494.wav,vcm_train_gap000494
Call - vcm_train_gap000496.wav,vcm_train_gap000496
Call - vcm_train_gap000498.wav,vcm_train_gap000498
Call - vcm_train_gap000500.wav,vcm_train_gap000500
Make a call - vcm_train_gap000502.wav,vcm_train_gap000502
Make a call - vcm_train_gap000504.wav,vcm_train_gap000504
Make a call - vcm_train_gap000506.wav,vcm_train_gap000506
Make a call - vcm_train_gap000508.wav,vcm_train_gap000508
Make a call - vcm_train_gap000510.wav,vcm_train_gap000510
Make a call - vcm_train_gap000512.wav,vcm_train_gap000512
Make a call - vcm_train_gap000514.wav,vcm_train_gap000514
Make a call - vcm_train_gap000516.wav,vcm_train_gap000516
Make a call - vcm_train_gap000518.wav,vcm_train_gap000518
Make a call - vcm_train_gap000520.wav,vcm_train_gap000520
Make a call - vcm_train_gap000522.wav,vcm_train_gap000522
Make a call - vcm_train_gap000524.wav,vcm_train_gap000524
Make a call - vcm_train_gap000526.wav,vcm_train_gap000526
Make a call - vcm_train_gap000528.wav,vcm_train_gap000528
Make a call - vcm_train_gap000530.wav,vcm_train_gap000530
Make a call - vcm_train_gap000532.wav,vcm_train_gap000532
Make a call - vcm_train_gap000534.wav,vcm_train_gap000534
Make a call - vcm_train_gap000536.wav,vcm_train_gap000536
Make a call - vcm_train_gap000538.wav,vcm_train_gap000538
Make a call - vcm_train_gap000540.wav,vcm_train_gap000540
Make a call - vcm_train_gap000542.wav,vcm_train_gap000542
Make a call - vcm_train_gap000544.wav,vcm_train_gap000544
Make a call - vcm_train_gap000546.wav,vcm_train_gap000546
Make a call - vcm_train_gap000548.wav,vcm_train_gap000548
Make a call - vcm_train_gap000550.wav,vcm_train_gap000550
Make a call - vcm_train_gap000552.wav,vcm_train_gap000552
Make a call - vcm_train_gap000554.wav,vcm_train_gap000554
Make a call - vcm_train_gap000556.wav,vcm_train_gap000556
Make a call - vcm_train_gap000558.wav,vcm_train_gap000558
Make a call - vcm_train_gap000560.wav,vcm_train_gap000560
Make a call - vcm_train_gap000562.wav,vcm_train_gap000562
Make a call - vcm_train_gap000564.wav,vcm_train_gap000564
Make a call - vcm_train_gap000566.wav,vcm_train_gap000566
Make a call - vcm_train_gap000568.wav,vcm_train_gap000568
Make a call - vcm_train_gap000570.wav,vcm_train_gap000570
Make a call - vcm_train_gap000572.wav,vcm_train_gap000572
Make a call - vcm_train_gap000574.wav,vcm_train_gap000574
Make a call - vcm_train_gap000576.wav,vcm_train_gap000576
Make a call - vcm_train_gap000578.wav,vcm_train_gap000578
Make a call - vcm_train_gap000580.wav,vcm_train_gap000580
Make a call - vcm_train_gap000582.wav,vcm_train_gap000582
Make a call - vcm_train_gap000584.wav,vcm_train_gap000584
Make a call - vcm_train_gap000586.wav,vcm_train_gap000586
Make a call - vcm_train_gap000588.wav,vcm_train_gap000588
Make a call - vcm_train_gap000590.wav,vcm_train_gap000590
Make a call - vcm_train_gap000592.wav,vcm_train_gap000592
Make a call - vcm_train_gap000594.wav,vcm_train_gap000594
Make a call - vcm_train_gap000596.wav,vcm_train_gap000596
Make a call - vcm_train_gap000598.wav,vcm_train_gap000598
Make a call - vcm_train_gap000600.wav,vcm_train_gap000600
Make a call - vcm_train_gap000602.wav,vcm_train_gap000602
Make a call - vcm_train_gap000604.wav,vcm_train_gap000604
Make a call - vcm_train_gap000606.wav,vcm_train_gap000606
Make a call - vcm_train_gap000608.wav,vcm_train_gap000608
Make a call - vcm_train_gap000610.wav,vcm_train_gap000610
Make a call - vcm_train_gap000612.wav,vcm_train_gap000612
Make a call - vcm_train_gap000614.wav,vcm_train_gap000614
Make a call - vcm_train_gap000616.wav,vcm_train_gap000616
Make a call - vcm_train_gap000618.wav,vcm_train_gap000618
Message - vcm_train_gap000620.wav,vcm_train_gap000620
Message - vcm_train_gap000622.wav,vcm_train_gap000622
Message - vcm_train_gap000624.wav,vcm_train_gap000624
Message - vcm_train_gap000626.wav,vcm_train_gap000626
Message - vcm_train_gap000628.wav,vcm_train_gap000628
Message - vcm_train_gap000630.wav,vcm_train_gap000630
Message - vcm_train_gap000632.wav,vcm_train_gap000632
Message - vcm_train_gap000634.wav,vcm_train_gap000634
Message - vcm_train_gap000636.wav,vcm_train_gap000636
Message - vcm_train_gap000638.wav,vcm_train_gap000638
Message - vcm_train_gap000640.wav,vcm_train_gap000640
Message - vcm_train_gap000642.wav,vcm_train_gap000642
Message - vcm_train_gap000644.wav,vcm_train_gap000644
Message - vcm_train_gap000646.wav,vcm_train_gap000646
Message - vcm_train_gap000648.wav,vcm_train_gap000648
Message - vcm_train_gap000650.wav,vcm_train_gap000650
Message - vcm_train_gap000652.wav,vcm_train_gap000652
Message - vcm_train_gap000654.wav,vcm_train_gap000654
Message - vcm_train_gap000656.wav,vcm_train_gap000656
Message - vcm_train_gap000658.wav,vcm_train_gap000658
Message - vcm_train_gap000660.wav,vcm_train_gap000660
Message - vcm_train_gap000662.wav,vcm_train_gap000662
Message - vcm_train_gap000664.wav,vcm_train_gap000664
Message - vcm_train_gap000666.wav,vcm_train_gap000666
Message - vcm_train_gap000668.wav,vcm_train_gap000668
Send a message - vcm_train_gap000670.wav,vcm_train_gap000670
Send a message - vcm_train_gap000672.wav,vcm_train_gap000672
Send a message - vcm_train_gap000674.wav,vcm_train_gap000674
Send a message - vcm_train_gap000676.wav,vcm_train_gap000676
Send a message - vcm_train_gap000678.wav,vcm_train_gap000678
Send a message - vcm_train_gap000680.wav,vcm_train_gap000680
Send a message - vcm_train_gap000682.wav,vcm_train_gap000682
Send a message - vcm_train_gap000684.wav,vcm_train_gap000684
Send a message - vcm_train_gap000686.wav,vcm_train_gap000686
Send a message - vcm_train_gap000688.wav,vcm_train_gap000688
Reminders - vcm_train_gap000690.wav,vcm_train_gap000690
Reminders - vcm_train_gap000692.wav,vcm_train_gap000692
Reminders - vcm_train_gap000694.wav,vcm_train_gap000694
Reminders - vcm_train_gap000696.wav,vcm_train_gap000696
Reminders - vcm_train_gap000698.wav,vcm_train_gap000698
Reminders - vcm_train_gap000700.wav,vcm_train_gap000700
Reminders - vcm_train_gap000702.wav,vcm_train_gap000702
Reminders - vcm_train_gap000704.wav,vcm_train_gap000704
Reminders - vcm_train_gap000706.wav,vcm_train_gap000706
Reminders - vcm_train_gap000708.wav,vcm_train_gap000708
Reminders - vcm_train_gap000710.wav,vcm_train_gap000710
Reminders - vcm_train_gap000712.wav,vcm_train_gap000712
Reminders - vcm_train_gap000714.wav,vcm_train_gap000714
Reminders - vcm_train_gap000716.wav,vcm_train_gap000716
Show my reminders - vcm_train_gap000718.wav,vcm_train_gap000718
Show my reminders - vcm_train_gap000720.wav,vcm_train_gap000720
Show my reminders - vcm_train_gap000722.wav,vcm_train_gap000722
Show my reminders - vcm_train_gap000724.wav,vcm_train_gap000724
Show my reminders - vcm_train_gap000726.wav,vcm_train_gap000726
Show my reminders - vcm_train_gap000728.wav,vcm_train_gap000728
Show my reminders - vcm_train_gap000730.wav,vcm_train_gap000730
Show my reminders - vcm_train_gap000732.wav,vcm_train_gap000732
Show my reminders - vcm_train_gap000734.wav,vcm_train_gap000734
Show my reminders - vcm_train_gap000736.wav,vcm_train_gap000736
List my reminders - vcm_train_gap000738.wav,vcm_train_gap000738
List my reminders - vcm_train_gap000740.wav,vcm_train_gap000740
List my reminders - vcm_train_gap000742.wav,vcm_train_gap000742
List my reminders - vcm_train_gap000744.wav,vcm_train_gap000744
Timer 10 seconds - vcm_train_gap000746.wav,vcm_train_gap000746
Timer 10 seconds - vcm_train_gap000748.wav,vcm_train_gap000748
Timer 10 seconds - vcm_train_gap000750.wav,vcm_train_gap000750
Timer 10 seconds - vcm_train_gap000752.wav,vcm_train_gap000752
Timer 10 seconds - vcm_train_gap000754.wav,vcm_train_gap000754
Timer 1 minute - vcm_train_gap000756.wav,vcm_train_gap000756
Timer 1 minute - vcm_train_gap000758.wav,vcm_train_gap000758
Timer 1 minute - vcm_train_gap000760.wav,vcm_train_gap000760
Timer 1 minute - vcm_train_gap000762.wav,vcm_train_gap000762
Timer 1 minute - vcm_train_gap000764.wav,vcm_train_gap000764
Timer 1 minute - vcm_train_gap000766.wav,vcm_train_gap000766
Timer 1 minute - vcm_train_gap000768.wav,vcm_train_gap000768
Timer 1 minute - vcm_train_gap000770.wav,vcm_train_gap000770
Timer 1 minute - vcm_train_gap000772.wav,vcm_train_gap000772
Timer 1 minute - vcm_train_gap000774.wav,vcm_train_gap000774
Timer 1 minute - vcm_train_gap000776.wav,vcm_train_gap000776
Timer 1 minute - vcm_train_gap000778.wav,vcm_train_gap000778
Timer 1 minute - vcm_train_gap000780.wav,vcm_train_gap000780
Timer 1 minute - vcm_train_gap000782.wav,vcm_train_gap000782
Timer 1 minute - vcm_train_gap000784.wav,vcm_train_gap000784
Timer 1 minute - vcm_train_gap000786.wav,vcm_train_gap000786
Timer 1 minute - vcm_train_gap000788.wav,vcm_train_gap000788
Timer 1 minute - vcm_train_gap000790.wav,vcm_train_gap000790
Timer 1 minute - vcm_train_gap000792.wav,vcm_train_gap000792
Timer 1 minute - vcm_train_gap000794.wav,vcm_train_gap000794
Timer 1 minute - vcm_train_gap000796.wav,vcm_train_gap000796
Timer 1 minute - vcm_train_gap000798.wav,vcm_train_gap000798
Timer 1 minute - vcm_train_gap000800.wav,vcm_train_gap000800
Timer 1 minute - vcm_train_gap000802.wav,vcm_train_gap000802
Timer 1 minute - vcm_train_gap000804.wav,vcm_train_gap000804
Timer 1 minute - vcm_train_gap000806.wav,vcm_train_gap000806
Timer 1 minute - vcm_train_gap000808.wav,vcm_train_gap000808
Countdown for 1 minute - vcm_train_gap000810.wav,vcm_train_gap000810
Countdown for 1 minute - vcm_train_gap000812.wav,vcm_train_gap000812
Countdown for 1 minute - vcm_train_gap000814.wav,vcm_train_gap000814
Countdown for 1 minute - vcm_train_gap000816.wav,vcm_train_gap000816
Countdown for 1 minute - vcm_train_gap000818.wav,vcm_train_gap000818
Countdown for 1 minute - vcm_train_gap000820.wav,vcm_train_gap000820
Countdown for 1 minute - vcm_train_gap000822.wav,vcm_train_gap000822
Countdown for 1 minute - vcm_train_gap000824.wav,vcm_train_gap000824
Countdown for 1 minute - vcm_train_gap000826.wav,vcm_train_gap000826
Countdown for 1 minute - vcm_train_gap000828.wav,vcm_train_gap000828
Countdown for 1 minute - vcm_train_gap000830.wav,vcm_train_gap000830
Countdown for 1 minute - vcm_train_gap000832.wav,vcm_train_gap000832
Countdown for 1 minute - vcm_train_gap000834.wav,vcm_train_gap000834
Countdown for 1 minute - vcm_train_gap000836.wav,vcm_train_gap000836
Countdown for 1 minute - vcm_train_gap000838.wav,vcm_train_gap000838
Countdown for 1 minute - vcm_train_gap000840.wav,vcm_train_gap000840
Countdown for 1 minute - vcm_train_gap000842.wav,vcm_train_gap000842
Countdown for 1 minute - vcm_train_gap000844.wav,vcm_train_gap000844
Start a timer for 30 seconds - vcm_train_gap000846.wav,vcm_train_gap000846
Start a timer for 1 minute - vcm_train_gap000848.wav,vcm_train_gap000848
Alarm 6 AM - vcm_train_gap000850.wav,vcm_train_gap000850
Alarm 6 AM - vcm_train_gap000852.wav,vcm_train_gap000852
Alarm 6 AM - vcm_train_gap000854.wav,vcm_train_gap000854
Alarm 6 AM - vcm_train_gap000856.wav,vcm_train_gap000856
Alarm 6 AM - vcm_train_gap000858.wav,vcm_train_gap000858
Alarm 6 AM - vcm_train_gap000860.wav,vcm_train_gap000860
Alarm 6 AM - vcm_train_gap000862.wav,vcm_train_gap000862
Alarm 6 AM - vcm_train_gap000864.wav,vcm_train_gap000864
Alarm 6 AM - vcm_train_gap000866.wav,vcm_train_gap000866
Alarm 6 AM - vcm_train_gap000868.wav,vcm_train_gap000868
Alarm 6 AM - vcm_train_gap000870.wav,vcm_train_gap000870
Alarm 6 AM - vcm_train_gap000872.wav,vcm_train_gap000872
Alarm 8 AM - vcm_train_gap000874.wav,vcm_train_gap000874
Alarm 8 AM - vcm_train_gap000876.wav,vcm_train_gap000876
Alarm 8 AM - vcm_train_gap000878.wav,vcm_train_gap000878
Alarm 8 AM - vcm_train_gap000880.wav,vcm_train_gap000880
Alarm 8 AM - vcm_train_gap000882.wav,vcm_train_gap000882
Alarm 8 AM - vcm_train_gap000884.wav,vcm_train_gap000884
Alarm 8 AM - vcm_train_gap000886.wav,vcm_train_gap000886
Alarm 8 AM - vcm_train_gap000888.wav,vcm_train_gap000888
Alarm 9 PM - vcm_train_gap000890.wav,vcm_train_gap000890
Alarm 9 PM - vcm_train_gap000892.wav,vcm_train_gap000892
Alarm 9 PM - vcm_train_gap000894.wav,vcm_train_gap000894
Alarm 9 PM - vcm_train_gap000896.wav,vcm_train_gap000896
Alarm 9 PM - vcm_train_gap000898.wav,vcm_train_gap000898
Alarm 9 PM - vcm_train_gap000900.wav,vcm_train_gap000900
Alarm 9 PM - vcm_train_gap000902.wav,vcm_train_gap000902
Alarm 9 PM - vcm_train_gap000904.wav,vcm_train_gap000904
Alarm 9 PM - vcm_train_gap000906.wav,vcm_train_gap000906
Alarm 9 PM - vcm_train_gap000908.wav,vcm_train_gap000908
Alarm 9 PM - vcm_train_gap000910.wav,vcm_train_gap000910
Alarm 9 PM - vcm_train_gap000912.wav,vcm_train_gap000912
Alarm 9 PM - vcm_train_gap000914.wav,vcm_train_gap000914
Alarm 9 PM - vcm_train_gap000916.wav,vcm_train_gap000916
Alarm 9 PM - vcm_train_gap000918.wav,vcm_train_gap000918
Alarm 9 PM - vcm_train_gap000920.wav,vcm_train_gap000920
Alarm 9 PM - vcm_train_gap000922.wav,vcm_train_gap000922
Wake me up at 6 AM - vcm_train_gap000924.wav,vcm_train_gap000924
Wake me up at 6 AM - vcm_train_gap000926.wav,vcm_train_gap000926
Wake me up at 6 AM - vcm_train_gap000928.wav,vcm_train_gap000928
Wake me up at 6 AM - vcm_train_gap000930.wav,vcm_train_gap000930
Wake me up at 6 AM - vcm_train_gap000932.wav,vcm_train_gap000932
Wake me up at 6 AM - vcm_train_gap000934.wav,vcm_train_gap000934
Wake me up at 6 AM - vcm_train_gap000936.wav,vcm_train_gap000936
Wake me up at 6 AM - vcm_train_gap000938.wav,vcm_train_gap000938
Wake me up at 6 AM - vcm_train_gap000940.wav,vcm_train_gap000940
Wake me up at 6 AM - vcm_train_gap000942.wav,vcm_train_gap000942
Wake me up at 6 AM - vcm_train_gap000944.wav,vcm_train_gap000944
Wake me up at 6 AM - vcm_train_gap000946.wav,vcm_train_gap000946
Wake me up at 6 AM - vcm_train_gap000948.wav,vcm_train_gap000948
Wake me up at 6 AM - vcm_train_gap000950.wav,vcm_train_gap000950
Wake me up at 9 PM - vcm_train_gap000952.wav,vcm_train_gap000952
Wake me up at 9 PM - vcm_train_gap000954.wav,vcm_train_gap000954
Wake me up at 9 PM - vcm_train_gap000956.wav,vcm_train_gap000956
Wake me up at 9 PM - vcm_train_gap000958.wav,vcm_train_gap000958
Wake me up at 9 PM - vcm_train_gap000960.wav,vcm_train_gap000960
Wake me up at 9 PM - vcm_train_gap000962.wav,vcm_train_gap000962
Wake me up at 9 PM - vcm_train_gap000964.wav,vcm_train_gap000964
Wake me up at 9 PM - vcm_train_gap000966.wav,vcm_train_gap000966
Wake me up at 9 PM - vcm_train_gap000968.wav,vcm_train_gap000968
Wake me up at 9 PM - vcm_train_gap000970.wav,vcm_train_gap000970
Wake me up at 9 PM - vcm_train_gap000972.wav,vcm_train_gap000972
Wake me up at 9 PM - vcm_train_gap000974.wav,vcm_train_gap000974
Wake me up at 9 PM - vcm_train_gap000976.wav,vcm_train_gap000976
Wake me up at 9 PM - vcm_train_gap000978.wav,vcm_train_gap000978
Wake me up at 9 PM - vcm_train_gap000980.wav,vcm_train_gap000980
Wake me up at 9 PM - vcm_train_gap000982.wav,vcm_train_gap000982
Set an alarm for 9 PM - vcm_train_gap000984.wav,vcm_train_gap000984
Set an alarm for 9 PM - vcm_train_gap000986.wav,vcm_train_gap000986
Set an alarm for 9 PM - vcm_train_gap000988.wav,vcm_train_gap000988
Set an alarm for 9 PM - vcm_train_gap000990.wav,vcm_train_gap000990
Temperature 18 degrees - vcm_train_gap000992.wav,vcm_train_gap000992
Temperature 26 degrees - vcm_train_gap000994.wav,vcm_train_gap000994
Temperature 26 degrees - vcm_train_gap000996.wav,vcm_train_gap000996
Temperature 26 degrees - vcm_train_gap000998.wav,vcm_train_gap000998
Set the temperature to 18 degrees - vcm_train_gap001000.wav,vcm_train_gap001000
Set the temperature to 18 degrees - vcm_train_gap001002.wav,vcm_train_gap001002
Set the temperature to 18 degrees - vcm_train_gap001004.wav,vcm_train_gap001004
Set the temperature to 18 degrees - vcm_train_gap001006.wav,vcm_train_gap001006
Set the temperature to 18 degrees - vcm_train_gap001008.wav,vcm_train_gap001008
Set the temperature to 18 degrees - vcm_train_gap001010.wav,vcm_train_gap001010
Set the temperature to 18 degrees - vcm_train_gap001012.wav,vcm_train_gap001012
Set the temperature to 18 degrees - vcm_train_gap001014.wav,vcm_train_gap001014
Set the temperature to 22 degrees - vcm_train_gap001016.wav,vcm_train_gap001016
Set the temperature to 22 degrees - vcm_train_gap001018.wav,vcm_train_gap001018
Set the temperature to 22 degrees - vcm_train_gap001020.wav,vcm_train_gap001020
Brightness 20 percent - vcm_train_gap001022.wav,vcm_train_gap001022
Brightness 20 percent - vcm_train_gap001024.wav,vcm_train_gap001024
Brightness 20 percent - vcm_train_gap001026.wav,vcm_train_gap001026
Brightness 20 percent - vcm_train_gap001028.wav,vcm_train_gap001028
Brightness 20 percent - vcm_train_gap001030.wav,vcm_train_gap001030
Brightness 20 percent - vcm_train_gap001032.wav,vcm_train_gap001032
Brightness 20 percent - vcm_train_gap001034.wav,vcm_train_gap001034
Brightness 20 percent - vcm_train_gap001036.wav,vcm_train_gap001036
Brightness 20 percent - vcm_train_gap001038.wav,vcm_train_gap001038
Brightness 20 percent - vcm_train_gap001040.wav,vcm_train_gap001040
Brightness 20 percent - vcm_train_gap001042.wav,vcm_train_gap001042
Brightness 20 percent - vcm_train_gap001044.wav,vcm_train_gap001044
Brightness 20 percent - vcm_train_gap001046.wav,vcm_train_gap001046
Brightness 20 percent - vcm_train_gap001048.wav,vcm_train_gap001048
Brightness 20 percent - vcm_train_gap001050.wav,vcm_train_gap001050
Brightness 20 percent - vcm_train_gap001052.wav,vcm_train_gap001052
Brightness 20 percent - vcm_train_gap001054.wav,vcm_train_gap001054
Brightness 20 percent - vcm_train_gap001056.wav,vcm_train_gap001056
Brightness 20 percent - vcm_train_gap001058.wav,vcm_train_gap001058
Brightness 20 percent - vcm_train_gap001060.wav,vcm_train_gap001060
Brightness 20 percent - vcm_train_gap001062.wav,vcm_train_gap001062
Brightness 20 percent - vcm_train_gap001064.wav,vcm_train_gap001064
Brightness 20 percent - vcm_train_gap001066.wav,vcm_train_gap001066
Brightness 20 percent - vcm_train_gap001068.wav,vcm_train_gap001068
Brightness 20 percent - vcm_train_gap001070.wav,vcm_train_gap001070
Brightness 20 percent - vcm_train_gap001072.wav,vcm_train_gap001072
Brightness 20 percent - vcm_train_gap001074.wav,vcm_train_gap001074
Brightness 20 percent - vcm_train_gap001076.wav,vcm_train_gap001076
Brightness 20 percent - vcm_train_gap001078.wav,vcm_train_gap001078
Brightness 20 percent - vcm_train_gap001080.wav,vcm_train_gap001080
Brightness 20 percent - vcm_train_gap001082.wav,vcm_train_gap001082
Brightness 20 percent - vcm_train_gap001084.wav,vcm_train_gap001084
Brightness 20 percent - vcm_train_gap001086.wav,vcm_train_gap001086
Brightness 20 percent - vcm_train_gap001088.wav,vcm_train_gap001088
Brightness 20 percent - vcm_train_gap001090.wav,vcm_train_gap001090
Brightness 20 percent - vcm_train_gap001092.wav,vcm_train_gap001092
Brightness 20 percent - vcm_train_gap001094.wav,vcm_train_gap001094
Brightness 20 percent - vcm_train_gap001096.wav,vcm_train_gap001096
Brightness 20 percent - vcm_train_gap001098.wav,vcm_train_gap001098
Brightness 20 percent - vcm_train_gap001100.wav,vcm_train_gap001100
Brightness 20 percent - vcm_train_gap001102.wav,vcm_train_gap001102
Brightness 20 percent - vcm_train_gap001104.wav,vcm_train_gap001104
Brightness 20 percent - vcm_train_gap001106.wav,vcm_train_gap001106
Brightness 20 percent - vcm_train_gap001108.wav,vcm_train_gap001108
Brightness 20 percent - vcm_train_gap001110.wav,vcm_train_gap001110
Brightness 20 percent - vcm_train_gap001112.wav,vcm_train_gap001112
Brightness 20 percent - vcm_train_gap001114.wav,vcm_train_gap001114
Brightness 20 percent - vcm_train_gap001116.wav,vcm_train_gap001116
Brightness 20 percent - vcm_train_gap001118.wav,vcm_train_gap001118
Brightness 20 percent - vcm_train_gap001120.wav,vcm_train_gap001120
Brightness 20 percent - vcm_train_gap001122.wav,vcm_train_gap001122
Brightness 20 percent - vcm_train_gap001124.wav,vcm_train_gap001124
Brightness 20 percent - vcm_train_gap001126.wav,vcm_train_gap001126
Brightness 20 percent - vcm_train_gap001128.wav,vcm_train_gap001128
Brightness 20 percent - vcm_train_gap001130.wav,vcm_train_gap001130
Brightness 20 percent - vcm_train_gap001132.wav,vcm_train_gap001132
Brightness 20 percent - vcm_train_gap001134.wav,vcm_train_gap001134
Brightness 60 percent - vcm_train_gap001136.wav,vcm_train_gap001136
Brightness 60 percent - vcm_train_gap001138.wav,vcm_train_gap001138
Brightness 60 percent - vcm_train_gap001140.wav,vcm_train_gap001140
Brightness 60 percent - vcm_train_gap001142.wav,vcm_train_gap001142
Brightness 60 percent - vcm_train_gap001144.wav,vcm_train_gap001144
Brightness 60 percent - vcm_train_gap001146.wav,vcm_train_gap001146
Brightness 60 percent - vcm_train_gap001148.wav,vcm_train_gap001148
Brightness 60 percent - vcm_train_gap001150.wav,vcm_train_gap001150
Brightness 60 percent - vcm_train_gap001152.wav,vcm_train_gap001152
Brightness 60 percent - vcm_train_gap001154.wav,vcm_train_gap001154
Brightness 60 percent - vcm_train_gap001156.wav,vcm_train_gap001156
Brightness 60 percent - vcm_train_gap001158.wav,vcm_train_gap001158
Brightness 60 percent - vcm_train_gap001160.wav,vcm_train_gap001160
Brightness 60 percent - vcm_train_gap001162.wav,vcm_train_gap001162
Brightness 60 percent - vcm_train_gap001164.wav,vcm_train_gap001164
Brightness 60 percent - vcm_train_gap001166.wav,vcm_train_gap001166
Brightness 60 percent - vcm_train_gap001168.wav,vcm_train_gap001168
Brightness 60 percent - vcm_train_gap001170.wav,vcm_train_gap001170
Brightness 60 percent - vcm_train_gap001172.wav,vcm_train_gap001172
Brightness 60 percent - vcm_train_gap001174.wav,vcm_train_gap001174
Brightness 60 percent - vcm_train_gap001176.wav,vcm_train_gap001176
Brightness 60 percent - vcm_train_gap001178.wav,vcm_train_gap001178
Brightness 60 percent - vcm_train_gap001180.wav,vcm_train_gap001180
Brightness 60 percent - vcm_train_gap001182.wav,vcm_train_gap001182
Brightness 60 percent - vcm_train_gap001184.wav,vcm_train_gap001184
Brightness 60 percent - vcm_train_gap001186.wav,vcm_train_gap001186
Brightness 60 percent - vcm_train_gap001188.wav,vcm_train_gap001188
Brightness 60 percent - vcm_train_gap001190.wav,vcm_train_gap001190
Brightness 60 percent - vcm_train_gap001192.wav,vcm_train_gap001192
Brightness 60 percent - vcm_train_gap001194.wav,vcm_train_gap001194
Brightness 60 percent - vcm_train_gap001196.wav,vcm_train_gap001196
Brightness 60 percent - vcm_train_gap001198.wav,vcm_train_gap001198
Brightness 60 percent - vcm_train_gap001200.wav,vcm_train_gap001200
Brightness 60 percent - vcm_train_gap001202.wav,vcm_train_gap001202
Brightness 60 percent - vcm_train_gap001204.wav,vcm_train_gap001204
Brightness 60 percent - vcm_train_gap001206.wav,vcm_train_gap001206
Brightness 60 percent - vcm_train_gap001208.wav,vcm_train_gap001208
Brightness 60 percent - vcm_train_gap001210.wav,vcm_train_gap001210
Brightness 60 percent - vcm_train_gap001212.wav,vcm_train_gap001212
Brightness 60 percent - vcm_train_gap001214.wav,vcm_train_gap001214
Brightness 60 percent - vcm_train_gap001216.wav,vcm_train_gap001216
Brightness 60 percent - vcm_train_gap001218.wav,vcm_train_gap001218
Brightness 60 percent - vcm_train_gap001220.wav,vcm_train_gap001220
Brightness 60 percent - vcm_train_gap001222.wav,vcm_train_gap001222
Brightness 60 percent - vcm_train_gap001224.wav,vcm_train_gap001224
Brightness 60 percent - vcm_train_gap001226.wav,vcm_train_gap001226
Brightness 60 percent - vcm_train_gap001228.wav,vcm_train_gap001228
Brightness 60 percent - vcm_train_gap001230.wav,vcm_train_gap001230
Brightness 60 percent - vcm_train_gap001232.wav,vcm_train_gap001232
Brightness 60 percent - vcm_train_gap001234.wav,vcm_train_gap001234
Brightness 60 percent - vcm_train_gap001236.wav,vcm_train_gap001236
Brightness 60 percent - vcm_train_gap001238.wav,vcm_train_gap001238
Brightness 60 percent - vcm_train_gap001240.wav,vcm_train_gap001240
Brightness 60 percent - vcm_train_gap001242.wav,vcm_train_gap001242
Brightness 60 percent - vcm_train_gap001244.wav,vcm_train_gap001244
Brightness 60 percent - vcm_train_gap001246.wav,vcm_train_gap001246
Brightness 100 percent - vcm_train_gap001248.wav,vcm_train_gap001248
Brightness 100 percent - vcm_train_gap001250.wav,vcm_train_gap001250
Brightness 100 percent - vcm_train_gap001252.wav,vcm_train_gap001252
Brightness 100 percent - vcm_train_gap001254.wav,vcm_train_gap001254
Brightness 100 percent - vcm_train_gap001256.wav,vcm_train_gap001256
Brightness 100 percent - vcm_train_gap001258.wav,vcm_train_gap001258
Brightness 100 percent - vcm_train_gap001260.wav,vcm_train_gap001260
Brightness 100 percent - vcm_train_gap001262.wav,vcm_train_gap001262
Brightness 100 percent - vcm_train_gap001264.wav,vcm_train_gap001264
Brightness 100 percent - vcm_train_gap001266.wav,vcm_train_gap001266
Brightness 100 percent - vcm_train_gap001268.wav,vcm_train_gap001268
Brightness 100 percent - vcm_train_gap001270.wav,vcm_train_gap001270
Brightness 100 percent - vcm_train_gap001272.wav,vcm_train_gap001272
Brightness 100 percent - vcm_train_gap001274.wav,vcm_train_gap001274
Brightness 100 percent - vcm_train_gap001276.wav,vcm_train_gap001276
Brightness 100 percent - vcm_train_gap001278.wav,vcm_train_gap001278
Brightness 100 percent - vcm_train_gap001280.wav,vcm_train_gap001280
Brightness 100 percent - vcm_train_gap001282.wav,vcm_train_gap001282
Brightness 100 percent - vcm_train_gap001284.wav,vcm_train_gap001284
Brightness 100 percent - vcm_train_gap001286.wav,vcm_train_gap001286
Brightness 100 percent - vcm_train_gap001288.wav,vcm_train_gap001288
Brightness 100 percent - vcm_train_gap001290.wav,vcm_train_gap001290
Brightness 100 percent - vcm_train_gap001292.wav,vcm_train_gap001292
Brightness 100 percent - vcm_train_gap001294.wav,vcm_train_gap001294
Brightness 100 percent - vcm_train_gap001296.wav,vcm_train_gap001296
Brightness 100 percent - vcm_train_gap001298.wav,vcm_train_gap001298
Brightness 100 percent - vcm_train_gap001300.wav,vcm_train_gap001300
Brightness 100 percent - vcm_train_gap001302.wav,vcm_train_gap001302
Brightness 100 percent - vcm_train_gap001304.wav,vcm_train_gap001304
Brightness 100 percent - vcm_train_gap001306.wav,vcm_train_gap001306
Brightness 100 percent - vcm_train_gap001308.wav,vcm_train_gap001308
Brightness 100 percent - vcm_train_gap001310.wav,vcm_train_gap001310
Brightness 100 percent - vcm_train_gap001312.wav,vcm_train_gap001312
Brightness 100 percent - vcm_train_gap001314.wav,vcm_train_gap001314
Brightness 100 percent - vcm_train_gap001316.wav,vcm_train_gap001316
Brightness 100 percent - vcm_train_gap001318.wav,vcm_train_gap001318
Brightness 100 percent - vcm_train_gap001320.wav,vcm_train_gap001320
Brightness 100 percent - vcm_train_gap001322.wav,vcm_train_gap001322
Brightness 100 percent - vcm_train_gap001324.wav,vcm_train_gap001324
Brightness 100 percent - vcm_train_gap001326.wav,vcm_train_gap001326
Brightness 100 percent - vcm_train_gap001328.wav,vcm_train_gap001328
Brightness 100 percent - vcm_train_gap001330.wav,vcm_train_gap001330
Brightness 100 percent - vcm_train_gap001332.wav,vcm_train_gap001332
Brightness 100 percent - vcm_train_gap001334.wav,vcm_train_gap001334
Brightness 100 percent - vcm_train_gap001336.wav,vcm_train_gap001336
Brightness 100 percent - vcm_train_gap001338.wav,vcm_train_gap001338
Brightness 100 percent - vcm_train_gap001340.wav,vcm_train_gap001340
Brightness 100 percent - vcm_train_gap001342.wav,vcm_train_gap001342
Brightness 100 percent - vcm_train_gap001344.wav,vcm_train_gap001344
Brightness 100 percent - vcm_train_gap001346.wav,vcm_train_gap001346
Brightness 100 percent - vcm_train_gap001348.wav,vcm_train_gap001348
Brightness 100 percent - vcm_train_gap001350.wav,vcm_train_gap001350
Brightness 100 percent - vcm_train_gap001352.wav,vcm_train_gap001352
Brightness 100 percent - vcm_train_gap001354.wav,vcm_train_gap001354
Brightness 100 percent - vcm_train_gap001356.wav,vcm_train_gap001356
Brightness 100 percent - vcm_train_gap001358.wav,vcm_train_gap001358
Brightness 100 percent - vcm_train_gap001360.wav,vcm_train_gap001360
Adjust brightness to 20 percent - vcm_train_gap001362.wav,vcm_train_gap001362
Adjust brightness to 20 percent - vcm_train_gap001364.wav,vcm_train_gap001364
Adjust brightness to 20 percent - vcm_train_gap001366.wav,vcm_train_gap001366
Adjust brightness to 20 percent - vcm_train_gap001368.wav,vcm_train_gap001368
Adjust brightness to 60 percent - vcm_train_gap001370.wav,vcm_train_gap001370
Adjust brightness to 60 percent - vcm_train_gap001372.wav,vcm_train_gap001372
Adjust brightness to 60 percent - vcm_train_gap001374.wav,vcm_train_gap001374
Adjust brightness to 100 percent - vcm_train_gap001376.wav,vcm_train_gap001376
Adjust brightness to 100 percent - vcm_train_gap001378.wav,vcm_train_gap001378
Adjust brightness to 100 percent - vcm_train_gap001380.wav,vcm_train_gap001380
Adjust brightness to 100 percent - vcm_train_gap001382.wav,vcm_train_gap001382
Adjust brightness to 100 percent - vcm_train_gap001384.wav,vcm_train_gap001384
Adjust brightness to 100 percent - vcm_train_gap001386.wav,vcm_train_gap001386
Adjust brightness to 100 percent - vcm_train_gap001388.wav,vcm_train_gap001388
Adjust brightness to 100 percent - vcm_train_gap001390.wav,vcm_train_gap001390
Brightness level 20 percent - vcm_train_gap001392.wav,vcm_train_gap001392
Brightness level 20 percent - vcm_train_gap001394.wav,vcm_train_gap001394
Brightness level 20 percent - vcm_train_gap001396.wav,vcm_train_gap001396
Brightness level 20 percent - vcm_train_gap001398.wav,vcm_train_gap001398
Brightness level 20 percent - vcm_train_gap001400.wav,vcm_train_gap001400
Brightness level 20 percent - vcm_train_gap001402.wav,vcm_train_gap001402
Brightness level 20 percent - vcm_train_gap001404.wav,vcm_train_gap001404
Brightness level 20 percent - vcm_train_gap001406.wav,vcm_train_gap001406
Brightness level 20 percent - vcm_train_gap001408.wav,vcm_train_gap001408
Brightness level 20 percent - vcm_train_gap001410.wav,vcm_train_gap001410
Brightness level 20 percent - vcm_train_gap001412.wav,vcm_train_gap001412
Brightness level 20 percent - vcm_train_gap001414.wav,vcm_train_gap001414
Brightness level 20 percent - vcm_train_gap001416.wav,vcm_train_gap001416
Brightness level 20 percent - vcm_train_gap001418.wav,vcm_train_gap001418
Brightness level 60 percent - vcm_train_gap001420.wav,vcm_train_gap001420
Brightness level 60 percent - vcm_train_gap001422.wav,vcm_train_gap001422
Brightness level 60 percent - vcm_train_gap001424.wav,vcm_train_gap001424
Brightness level 60 percent - vcm_train_gap001426.wav,vcm_train_gap001426
Brightness level 60 percent - vcm_train_gap001428.wav,vcm_train_gap001428
Brightness level 60 percent - vcm_train_gap001430.wav,vcm_train_gap001430
Brightness level 60 percent - vcm_train_gap001432.wav,vcm_train_gap001432
Brightness level 60 percent - vcm_train_gap001434.wav,vcm_train_gap001434
Brightness level 60 percent - vcm_train_gap001436.wav,vcm_train_gap001436
Brightness level 60 percent - vcm_train_gap001438.wav,vcm_train_gap001438
Brightness level 60 percent - vcm_train_gap001440.wav,vcm_train_gap001440
Brightness level 60 percent - vcm_train_gap001442.wav,vcm_train_gap001442
Brightness level 60 percent - vcm_train_gap001444.wav,vcm_train_gap001444
Brightness level 100 percent - vcm_train_gap001446.wav,vcm_train_gap001446
Brightness level 100 percent - vcm_train_gap001448.wav,vcm_train_gap001448
Brightness level 100 percent - vcm_train_gap001450.wav,vcm_train_gap001450
Brightness level 100 percent - vcm_train_gap001452.wav,vcm_train_gap001452
Brightness level 100 percent - vcm_train_gap001454.wav,vcm_train_gap001454
Brightness level 100 percent - vcm_train_gap001456.wav,vcm_train_gap001456
Brightness level 100 percent - vcm_train_gap001458.wav,vcm_train_gap001458
Brightness level 100 percent - vcm_train_gap001460.wav,vcm_train_gap001460
Brightness level 100 percent - vcm_train_gap001462.wav,vcm_train_gap001462
Brightness level 100 percent - vcm_train_gap001464.wav,vcm_train_gap001464
Brightness level 100 percent - vcm_train_gap001466.wav,vcm_train_gap001466
Brightness level 100 percent - vcm_train_gap001468.wav,vcm_train_gap001468
Brightness level 100 percent - vcm_train_gap001470.wav,vcm_train_gap001470
Brightness level 100 percent - vcm_train_gap001472.wav,vcm_train_gap001472
Brightness level 100 percent - vcm_train_gap001474.wav,vcm_train_gap001474
Brightness level 100 percent - vcm_train_gap001476.wav,vcm_train_gap001476
Change color to Red - vcm_train_gap001478.wav,vcm_train_gap001478
Change color to Red - vcm_train_gap001480.wav,vcm_train_gap001480
Change color to Red - vcm_train_gap001482.wav,vcm_train_gap001482
Change color to Red - vcm_train_gap001484.wav,vcm_train_gap001484
Change color to Red - vcm_train_gap001486.wav,vcm_train_gap001486
Change color to Red - vcm_train_gap001488.wav,vcm_train_gap001488
Change color to Red - vcm_train_gap001490.wav,vcm_train_gap001490
Change color to Green - vcm_train_gap001492.wav,vcm_train_gap001492
Set color to Red - vcm_train_gap001494.wav,vcm_train_gap001494
Set color to Red - vcm_train_gap001496.wav,vcm_train_gap001496
Set color to Red - vcm_train_gap001498.wav,vcm_train_gap001498
Set color to Red - vcm_train_gap001500.wav,vcm_train_gap001500
Set color to Red - vcm_train_gap001502.wav,vcm_train_gap001502
Set color to Red - vcm_train_gap001504.wav,vcm_train_gap001504
Set color to Red - vcm_train_gap001506.wav,vcm_train_gap001506
Set color to Red - vcm_train_gap001508.wav,vcm_train_gap001508
Set color to Red - vcm_train_gap001510.wav,vcm_train_gap001510
Set color to Green - vcm_train_gap001512.wav,vcm_train_gap001512
Set color to Green - vcm_train_gap001514.wav,vcm_train_gap001514
Set color to Green - vcm_train_gap001516.wav,vcm_train_gap001516
Reminder Drink water - vcm_train_gap001518.wav,vcm_train_gap001518
Reminder Drink water - vcm_train_gap001520.wav,vcm_train_gap001520
Reminder Drink water - vcm_train_gap001522.wav,vcm_train_gap001522
Reminder Drink water - vcm_train_gap001524.wav,vcm_train_gap001524
Reminder Drink water - vcm_train_gap001526.wav,vcm_train_gap001526
Reminder Drink water - vcm_train_gap001528.wav,vcm_train_gap001528
Reminder Drink water - vcm_train_gap001530.wav,vcm_train_gap001530
Reminder Drink water - vcm_train_gap001532.wav,vcm_train_gap001532
Reminder Drink water - vcm_train_gap001534.wav,vcm_train_gap001534
Reminder Drink water - vcm_train_gap001536.wav,vcm_train_gap001536
Reminder Drink water - vcm_train_gap001538.wav,vcm_train_gap001538
Reminder Drink water - vcm_train_gap001540.wav,vcm_train_gap001540
Reminder Drink water - vcm_train_gap001542.wav,vcm_train_gap001542
Reminder Drink water - vcm_train_gap001544.wav,vcm_train_gap001544
Reminder Drink water - vcm_train_gap001546.wav,vcm_train_gap001546
Reminder Drink water - vcm_train_gap001548.wav,vcm_train_gap001548
Reminder Drink water - vcm_train_gap001550.wav,vcm_train_gap001550
Reminder Drink water - vcm_train_gap001552.wav,vcm_train_gap001552
Reminder Drink water - vcm_train_gap001554.wav,vcm_train_gap001554
Reminder Drink water - vcm_train_gap001556.wav,vcm_train_gap001556
Reminder Drink water - vcm_train_gap001558.wav,vcm_train_gap001558
Reminder Drink water - vcm_train_gap001560.wav,vcm_train_gap001560
Reminder Drink water - vcm_train_gap001562.wav,vcm_train_gap001562
Reminder Drink water - vcm_train_gap001564.wav,vcm_train_gap001564
Reminder Drink water - vcm_train_gap001566.wav,vcm_train_gap001566
Reminder Drink water - vcm_train_gap001568.wav,vcm_train_gap001568
Reminder Drink water - vcm_train_gap001570.wav,vcm_train_gap001570
Reminder Drink water - vcm_train_gap001572.wav,vcm_train_gap001572
Reminder Drink water - vcm_train_gap001574.wav,vcm_train_gap001574
Reminder Drink water - vcm_train_gap001576.wav,vcm_train_gap001576
Reminder Drink water - vcm_train_gap001578.wav,vcm_train_gap001578
Reminder Drink water - vcm_train_gap001580.wav,vcm_train_gap001580
Reminder Drink water - vcm_train_gap001582.wav,vcm_train_gap001582
Reminder Drink water - vcm_train_gap001584.wav,vcm_train_gap001584
Reminder Drink water - vcm_train_gap001586.wav,vcm_train_gap001586
Reminder Drink water - vcm_train_gap001588.wav,vcm_train_gap001588
Reminder Drink water - vcm_train_gap001590.wav,vcm_train_gap001590
Reminder Study - vcm_train_gap001592.wav,vcm_train_gap001592
Reminder Study - vcm_train_gap001594.wav,vcm_train_gap001594
Reminder Study - vcm_train_gap001596.wav,vcm_train_gap001596
Reminder Study - vcm_train_gap001598.wav,vcm_train_gap001598
Reminder Study - vcm_train_gap001600.wav,vcm_train_gap001600
Reminder Study - vcm_train_gap001602.wav,vcm_train_gap001602
Reminder Study - vcm_train_gap001604.wav,vcm_train_gap001604
Reminder Study - vcm_train_gap001606.wav,vcm_train_gap001606
Reminder Study - vcm_train_gap001608.wav,vcm_train_gap001608
Reminder Study - vcm_train_gap001610.wav,vcm_train_gap001610
Reminder Study - vcm_train_gap001612.wav,vcm_train_gap001612
Reminder Study - vcm_train_gap001614.wav,vcm_train_gap001614
Reminder Study - vcm_train_gap001616.wav,vcm_train_gap001616
Reminder Study - vcm_train_gap001618.wav,vcm_train_gap001618
Reminder Study - vcm_train_gap001620.wav,vcm_train_gap001620
Reminder Study - vcm_train_gap001622.wav,vcm_train_gap001622
Reminder Study - vcm_train_gap001624.wav,vcm_train_gap001624
Reminder Study - vcm_train_gap001626.wav,vcm_train_gap001626
Reminder Study - vcm_train_gap001628.wav,vcm_train_gap001628
Reminder Study - vcm_train_gap001630.wav,vcm_train_gap001630
Reminder Study - vcm_train_gap001632.wav,vcm_train_gap001632
Reminder Study - vcm_train_gap001634.wav,vcm_train_gap001634
Reminder Study - vcm_train_gap001636.wav,vcm_train_gap001636
Reminder Study - vcm_train_gap001638.wav,vcm_train_gap001638
Reminder Study - vcm_train_gap001640.wav,vcm_train_gap001640
Reminder Study - vcm_train_gap001642.wav,vcm_train_gap001642
Reminder Study - vcm_train_gap001644.wav,vcm_train_gap001644
Reminder Study - vcm_train_gap001646.wav,vcm_train_gap001646
Reminder Study - vcm_train_gap001648.wav,vcm_train_gap001648
Reminder Study - vcm_train_gap001650.wav,vcm_train_gap001650
Reminder Study - vcm_train_gap001652.wav,vcm_train_gap001652
Reminder Study - vcm_train_gap001654.wav,vcm_train_gap001654
Reminder Study - vcm_train_gap001656.wav,vcm_train_gap001656
Reminder Study - vcm_train_gap001658.wav,vcm_train_gap001658
Reminder Study - vcm_train_gap001660.wav,vcm_train_gap001660
Reminder Study - vcm_train_gap001662.wav,vcm_train_gap001662
Reminder Study - vcm_train_gap001664.wav,vcm_train_gap001664
Reminder Study - vcm_train_gap001666.wav,vcm_train_gap001666
Reminder Study - vcm_train_gap001668.wav,vcm_train_gap001668
Reminder Study - vcm_train_gap001670.wav,vcm_train_gap001670
Reminder Study - vcm_train_gap001672.wav,vcm_train_gap001672
Reminder Study - vcm_train_gap001674.wav,vcm_train_gap001674
Reminder Study - vcm_train_gap001676.wav,vcm_train_gap001676
Reminder Study - vcm_train_gap001678.wav,vcm_train_gap001678
Reminder Study - vcm_train_gap001680.wav,vcm_train_gap001680
Reminder Study - vcm_train_gap001682.wav,vcm_train_gap001682
Reminder Study - vcm_train_gap001684.wav,vcm_train_gap001684
Reminder Study - vcm_train_gap001686.wav,vcm_train_gap001686
Reminder Study - vcm_train_gap001688.wav,vcm_train_gap001688
Reminder Study - vcm_train_gap001690.wav,vcm_train_gap001690
Reminder Study - vcm_train_gap001692.wav,vcm_train_gap001692
Reminder Study - vcm_train_gap001694.wav,vcm_train_gap001694
Reminder Study - vcm_train_gap001696.wav,vcm_train_gap001696
Reminder Study - vcm_train_gap001698.wav,vcm_train_gap001698
Reminder Study - vcm_train_gap001700.wav,vcm_train_gap001700
Reminder Study - vcm_train_gap001702.wav,vcm_train_gap001702
Reminder Study - vcm_train_gap001704.wav,vcm_train_gap001704
Reminder Study - vcm_train_gap001706.wav,vcm_train_gap001706
Reminder Exercise - vcm_train_gap001708.wav,vcm_train_gap001708
Reminder Exercise - vcm_train_gap001710.wav,vcm_train_gap001710
Reminder Exercise - vcm_train_gap001712.wav,vcm_train_gap001712
Reminder Exercise - vcm_train_gap001714.wav,vcm_train_gap001714
Reminder Exercise - vcm_train_gap001716.wav,vcm_train_gap001716
Reminder Exercise - vcm_train_gap001718.wav,vcm_train_gap001718
Reminder Exercise - vcm_train_gap001720.wav,vcm_train_gap001720
Reminder Exercise - vcm_train_gap001722.wav,vcm_train_gap001722
Reminder Exercise - vcm_train_gap001724.wav,vcm_train_gap001724
Reminder Exercise - vcm_train_gap001726.wav,vcm_train_gap001726
Reminder Exercise - vcm_train_gap001728.wav,vcm_train_gap001728
Reminder Exercise - vcm_train_gap001730.wav,vcm_train_gap001730
Reminder Exercise - vcm_train_gap001732.wav,vcm_train_gap001732
Reminder Exercise - vcm_train_gap001734.wav,vcm_train_gap001734
Reminder Exercise - vcm_train_gap001736.wav,vcm_train_gap001736
Reminder Exercise - vcm_train_gap001738.wav,vcm_train_gap001738
Reminder Exercise - vcm_train_gap001740.wav,vcm_train_gap001740
Reminder Exercise - vcm_train_gap001742.wav,vcm_train_gap001742
Reminder Exercise - vcm_train_gap001744.wav,vcm_train_gap001744
Reminder Exercise - vcm_train_gap001746.wav,vcm_train_gap001746
Reminder Exercise - vcm_train_gap001748.wav,vcm_train_gap001748
Reminder Exercise - vcm_train_gap001750.wav,vcm_train_gap001750
Reminder Exercise - vcm_train_gap001752.wav,vcm_train_gap001752
Reminder Exercise - vcm_train_gap001754.wav,vcm_train_gap001754
Reminder Exercise - vcm_train_gap001756.wav,vcm_train_gap001756
Reminder Exercise - vcm_train_gap001758.wav,vcm_train_gap001758
Reminder Exercise - vcm_train_gap001760.wav,vcm_train_gap001760
Reminder Exercise - vcm_train_gap001762.wav,vcm_train_gap001762
Reminder Exercise - vcm_train_gap001764.wav,vcm_train_gap001764
Reminder Exercise - vcm_train_gap001766.wav,vcm_train_gap001766
Reminder Exercise - vcm_train_gap001768.wav,vcm_train_gap001768
Reminder Exercise - vcm_train_gap001770.wav,vcm_train_gap001770
Reminder Exercise - vcm_train_gap001772.wav,vcm_train_gap001772
Reminder Exercise - vcm_train_gap001774.wav,vcm_train_gap001774
Reminder Exercise - vcm_train_gap001776.wav,vcm_train_gap001776
Reminder Exercise - vcm_train_gap001778.wav,vcm_train_gap001778
Reminder Exercise - vcm_train_gap001780.wav,vcm_train_gap001780
Reminder Exercise - vcm_train_gap001782.wav,vcm_train_gap001782
Reminder Exercise - vcm_train_gap001784.wav,vcm_train_gap001784
Reminder Exercise - vcm_train_gap001786.wav,vcm_train_gap001786
Reminder Exercise - vcm_train_gap001788.wav,vcm_train_gap001788
Reminder Exercise - vcm_train_gap001790.wav,vcm_train_gap001790
Reminder Exercise - vcm_train_gap001792.wav,vcm_train_gap001792
Reminder Exercise - vcm_train_gap001794.wav,vcm_train_gap001794
Reminder Exercise - vcm_train_gap001796.wav,vcm_train_gap001796
Reminder Exercise - vcm_train_gap001798.wav,vcm_train_gap001798
Reminder Exercise - vcm_train_gap001800.wav,vcm_train_gap001800
Reminder Exercise - vcm_train_gap001802.wav,vcm_train_gap001802
Reminder Exercise - vcm_train_gap001804.wav,vcm_train_gap001804
Reminder Exercise - vcm_train_gap001806.wav,vcm_train_gap001806
Reminder Exercise - vcm_train_gap001808.wav,vcm_train_gap001808
Reminder Exercise - vcm_train_gap001810.wav,vcm_train_gap001810
Reminder Exercise - vcm_train_gap001812.wav,vcm_train_gap001812
Reminder Exercise - vcm_train_gap001814.wav,vcm_train_gap001814
Remind me to Study - vcm_train_gap001816.wav,vcm_train_gap001816
Remind me to Study - vcm_train_gap001818.wav,vcm_train_gap001818
Remind me to Study - vcm_train_gap001820.wav,vcm_train_gap001820
Remind me to Study - vcm_train_gap001822.wav,vcm_train_gap001822
Remind me to Study - vcm_train_gap001824.wav,vcm_train_gap001824
Remind me to Exercise - vcm_train_gap001826.wav,vcm_train_gap001826
Remind me to Exercise - vcm_train_gap001828.wav,vcm_train_gap001828
Remind me to Exercise - vcm_train_gap001830.wav,vcm_train_gap001830
Remind me to Exercise - vcm_train_gap001832.wav,vcm_train_gap001832
Remind me to Exercise - vcm_train_gap001834.wav,vcm_train_gap001834
Remind me to Exercise - vcm_train_gap001836.wav,vcm_train_gap001836
Remind me to Exercise - vcm_train_gap001838.wav,vcm_train_gap001838
Remind me to Exercise - vcm_train_gap001840.wav,vcm_train_gap001840
Remind me to Exercise - vcm_train_gap001842.wav,vcm_train_gap001842
Remind me to Exercise - vcm_train_gap001844.wav,vcm_train_gap001844
Remind me to Exercise - vcm_train_gap001846.wav,vcm_train_gap001846
Remind me to Exercise - vcm_train_gap001848.wav,vcm_train_gap001848
Play some music - vcm_train_gap000001.wav,vcm_train_gap000001
Play some music - vcm_train_gap000003.wav,vcm_train_gap000003
Play some music - vcm_train_gap000005.wav,vcm_train_gap000005
Play some music - vcm_train_gap000007.wav,vcm_train_gap000007
Play some music - vcm_train_gap000009.wav,vcm_train_gap000009
Play some music - vcm_train_gap000011.wav,vcm_train_gap000011
Weather - vcm_train_gap000013.wav,vcm_train_gap000013
Weather - vcm_train_gap000015.wav,vcm_train_gap000015
Weather - vcm_train_gap000017.wav,vcm_train_gap000017
Weather - vcm_train_gap000019.wav,vcm_train_gap000019
Weather - vcm_train_gap000021.wav,vcm_train_gap000021
Weather - vcm_train_gap000023.wav,vcm_train_gap000023
Weather - vcm_train_gap000025.wav,vcm_train_gap000025
Weather - vcm_train_gap000027.wav,vcm_train_gap000027
Weather - vcm_train_gap000029.wav,vcm_train_gap000029
Weather - vcm_train_gap000031.wav,vcm_train_gap000031
Weather - vcm_train_gap000033.wav,vcm_train_gap000033
Weather - vcm_train_gap000035.wav,vcm_train_gap000035
Weather - vcm_train_gap000037.wav,vcm_train_gap000037
Weather - vcm_train_gap000039.wav,vcm_train_gap000039
Weather - vcm_train_gap000041.wav,vcm_train_gap000041
Weather - vcm_train_gap000043.wav,vcm_train_gap000043
Weather - vcm_train_gap000045.wav,vcm_train_gap000045
Weather - vcm_train_gap000047.wav,vcm_train_gap000047
Weather - vcm_train_gap000049.wav,vcm_train_gap000049
Weather - vcm_train_gap000051.wav,vcm_train_gap000051
Weather - vcm_train_gap000053.wav,vcm_train_gap000053
Weather - vcm_train_gap000055.wav,vcm_train_gap000055
Weather - vcm_train_gap000057.wav,vcm_train_gap000057
What's the weather? - vcm_train_gap000059.wav,vcm_train_gap000059
What's the weather? - vcm_train_gap000061.wav,vcm_train_gap000061
What's the weather? - vcm_train_gap000063.wav,vcm_train_gap000063
Time - vcm_train_gap000065.wav,vcm_train_gap000065
Time - vcm_train_gap000067.wav,vcm_train_gap000067
Time - vcm_train_gap000069.wav,vcm_train_gap000069
Time - vcm_train_gap000071.wav,vcm_train_gap000071
Time - vcm_train_gap000073.wav,vcm_train_gap000073
Time - vcm_train_gap000075.wav,vcm_train_gap000075
Time - vcm_train_gap000077.wav,vcm_train_gap000077
Time - vcm_train_gap000079.wav,vcm_train_gap000079
Time - vcm_train_gap000081.wav,vcm_train_gap000081
Time - vcm_train_gap000083.wav,vcm_train_gap000083
Time - vcm_train_gap000085.wav,vcm_train_gap000085
Time - vcm_train_gap000087.wav,vcm_train_gap000087
Time - vcm_train_gap000089.wav,vcm_train_gap000089
Time - vcm_train_gap000091.wav,vcm_train_gap000091
Time - vcm_train_gap000093.wav,vcm_train_gap000093
Time - vcm_train_gap000095.wav,vcm_train_gap000095
Time - vcm_train_gap000097.wav,vcm_train_gap000097
Time - vcm_train_gap000099.wav,vcm_train_gap000099
Time - vcm_train_gap000101.wav,vcm_train_gap000101
Time - vcm_train_gap000103.wav,vcm_train_gap000103
Time - vcm_train_gap000105.wav,vcm_train_gap000105
Time - vcm_train_gap000107.wav,vcm_train_gap000107
Time - vcm_train_gap000109.wav,vcm_train_gap000109
Time - vcm_train_gap000111.wav,vcm_train_gap000111
Time - vcm_train_gap000113.wav,vcm_train_gap000113
Time - vcm_train_gap000115.wav,vcm_train_gap000115
Time - vcm_train_gap000117.wav,vcm_train_gap000117
Lights on - vcm_train_gap000119.wav,vcm_train_gap000119
Lights on - vcm_train_gap000121.wav,vcm_train_gap000121
Lights on - vcm_train_gap000123.wav,vcm_train_gap000123
Lights on - vcm_train_gap000125.wav,vcm_train_gap000125
Lights on - vcm_train_gap000127.wav,vcm_train_gap000127
Lights on - vcm_train_gap000129.wav,vcm_train_gap000129
Power on the lights - vcm_train_gap000131.wav,vcm_train_gap000131
Lights out - vcm_train_gap000133.wav,vcm_train_gap000133
Lights out - vcm_train_gap000135.wav,vcm_train_gap000135
Lights out - vcm_train_gap000137.wav,vcm_train_gap000137
Lights out - vcm_train_gap000139.wav,vcm_train_gap000139
Lights out - vcm_train_gap000141.wav,vcm_train_gap000141
Lights out - vcm_train_gap000143.wav,vcm_train_gap000143
Lights out - vcm_train_gap000145.wav,vcm_train_gap000145
Lights out - vcm_train_gap000147.wav,vcm_train_gap000147
Lights out - vcm_train_gap000149.wav,vcm_train_gap000149
Lights out - vcm_train_gap000151.wav,vcm_train_gap000151
Lights out - vcm_train_gap000153.wav,vcm_train_gap000153
Lights out - vcm_train_gap000155.wav,vcm_train_gap000155
Pause audio - vcm_train_gap000157.wav,vcm_train_gap000157
Pause audio - vcm_train_gap000159.wav,vcm_train_gap000159
Pause audio - vcm_train_gap000161.wav,vcm_train_gap000161
Pause audio - vcm_train_gap000163.wav,vcm_train_gap000163
Pause audio - vcm_train_gap000165.wav,vcm_train_gap000165
Pause audio - vcm_train_gap000167.wav,vcm_train_gap000167
Pause audio - vcm_train_gap000169.wav,vcm_train_gap000169
Pause audio - vcm_train_gap000171.wav,vcm_train_gap000171
Pause audio - vcm_train_gap000173.wav,vcm_train_gap000173
Pause audio - vcm_train_gap000175.wav,vcm_train_gap000175
Pause audio - vcm_train_gap000177.wav,vcm_train_gap000177
Pause audio - vcm_train_gap000179.wav,vcm_train_gap000179
Pause audio - vcm_train_gap000181.wav,vcm_train_gap000181
Pause audio - vcm_train_gap000183.wav,vcm_train_gap000183
Pause audio - vcm_train_gap000185.wav,vcm_train_gap000185
Pause audio - vcm_train_gap000187.wav,vcm_train_gap000187
Pause audio - vcm_train_gap000189.wav,vcm_train_gap000189
Pause audio - vcm_train_gap000191.wav,vcm_train_gap000191
Pause audio - vcm_train_gap000193.wav,vcm_train_gap000193
Pause audio - vcm_train_gap000195.wav,vcm_train_gap000195
Pause audio - vcm_train_gap000197.wav,vcm_train_gap000197
Pause audio - vcm_train_gap000199.wav,vcm_train_gap000199
Pause audio - vcm_train_gap000201.wav,vcm_train_gap000201
Pause audio - vcm_train_gap000203.wav,vcm_train_gap000203
Pause audio - vcm_train_gap000205.wav,vcm_train_gap000205
Pause audio - vcm_train_gap000207.wav,vcm_train_gap000207
Pause audio - vcm_train_gap000209.wav,vcm_train_gap000209
Pause audio - vcm_train_gap000211.wav,vcm_train_gap000211
Pause audio - vcm_train_gap000213.wav,vcm_train_gap000213
Pause audio - vcm_train_gap000215.wav,vcm_train_gap000215
Pause audio - vcm_train_gap000217.wav,vcm_train_gap000217
Pause song - vcm_train_gap000219.wav,vcm_train_gap000219
Pause song - vcm_train_gap000221.wav,vcm_train_gap000221
Pause song - vcm_train_gap000223.wav,vcm_train_gap000223
Pause song - vcm_train_gap000225.wav,vcm_train_gap000225
Pause song - vcm_train_gap000227.wav,vcm_train_gap000227
Pause song - vcm_train_gap000229.wav,vcm_train_gap000229
Pause song - vcm_train_gap000231.wav,vcm_train_gap000231
Pause song - vcm_train_gap000233.wav,vcm_train_gap000233
Pause song - vcm_train_gap000235.wav,vcm_train_gap000235
Pause song - vcm_train_gap000237.wav,vcm_train_gap000237
Pause song - vcm_train_gap000239.wav,vcm_train_gap000239
Pause song - vcm_train_gap000241.wav,vcm_train_gap000241
Pause song - vcm_train_gap000243.wav,vcm_train_gap000243
Pause song - vcm_train_gap000245.wav,vcm_train_gap000245
Pause song - vcm_train_gap000247.wav,vcm_train_gap000247
Pause song - vcm_train_gap000249.wav,vcm_train_gap000249
Pause song - vcm_train_gap000251.wav,vcm_train_gap000251
Pause song - vcm_train_gap000253.wav,vcm_train_gap000253
Pause song - vcm_train_gap000255.wav,vcm_train_gap000255
Pause song - vcm_train_gap000257.wav,vcm_train_gap000257
Pause song - vcm_train_gap000259.wav,vcm_train_gap000259
Pause song - vcm_train_gap000261.wav,vcm_train_gap000261
Pause song - vcm_train_gap000263.wav,vcm_train_gap000263
Pause song - vcm_train_gap000265.wav,vcm_train_gap000265
Pause song - vcm_train_gap000267.wav,vcm_train_gap000267
Pause song - vcm_train_gap000269.wav,vcm_train_gap000269
Pause song - vcm_train_gap000271.wav,vcm_train_gap000271
Pause song - vcm_train_gap000273.wav,vcm_train_gap000273
Pause song - vcm_train_gap000275.wav,vcm_train_gap000275
Pause song - vcm_train_gap000277.wav,vcm_train_gap000277
Pause song - vcm_train_gap000279.wav,vcm_train_gap000279
Pause song - vcm_train_gap000281.wav,vcm_train_gap000281
Pause song - vcm_train_gap000283.wav,vcm_train_gap000283
Pause song - vcm_train_gap000285.wav,vcm_train_gap000285
Pause song - vcm_train_gap000287.wav,vcm_train_gap000287
Pause song - vcm_train_gap000289.wav,vcm_train_gap000289
Pause song - vcm_train_gap000291.wav,vcm_train_gap000291
Pause song - vcm_train_gap000293.wav,vcm_train_gap000293
Pause song - vcm_train_gap000295.wav,vcm_train_gap000295
Pause song - vcm_train_gap000297.wav,vcm_train_gap000297
Pause song - vcm_train_gap000299.wav,vcm_train_gap000299
Pause song - vcm_train_gap000301.wav,vcm_train_gap000301
Pause song - vcm_train_gap000303.wav,vcm_train_gap000303
Pause song - vcm_train_gap000305.wav,vcm_train_gap000305
Pause song - vcm_train_gap000307.wav,vcm_train_gap000307
Pause song - vcm_train_gap000309.wav,vcm_train_gap000309
Pause song - vcm_train_gap000311.wav,vcm_train_gap000311
Pause song - vcm_train_gap000313.wav,vcm_train_gap000313
Pause song - vcm_train_gap000315.wav,vcm_train_gap000315
Pause song - vcm_train_gap000317.wav,vcm_train_gap000317
Pause song - vcm_train_gap000319.wav,vcm_train_gap000319
Pause song - vcm_train_gap000321.wav,vcm_train_gap000321
Pause song - vcm_train_gap000323.wav,vcm_train_gap000323
Pause song - vcm_train_gap000325.wav,vcm_train_gap000325
Pause song - vcm_train_gap000327.wav,vcm_train_gap000327
Pause song - vcm_train_gap000329.wav,vcm_train_gap000329
Pause song - vcm_train_gap000331.wav,vcm_train_gap000331
Pause song - vcm_train_gap000333.wav,vcm_train_gap000333
End playback - vcm_train_gap000335.wav,vcm_train_gap000335
End playback - vcm_train_gap000337.wav,vcm_train_gap000337
End playback - vcm_train_gap000339.wav,vcm_train_gap000339
End playback - vcm_train_gap000341.wav,vcm_train_gap000341
End playback - vcm_train_gap000343.wav,vcm_train_gap000343
End playback - vcm_train_gap000345.wav,vcm_train_gap000345
End playback - vcm_train_gap000347.wav,vcm_train_gap000347
End playback - vcm_train_gap000349.wav,vcm_train_gap000349
End playback - vcm_train_gap000351.wav,vcm_train_gap000351
End playback - vcm_train_gap000353.wav,vcm_train_gap000353
Skip song - vcm_train_gap000355.wav,vcm_train_gap000355
Skip song - vcm_train_gap000357.wav,vcm_train_gap000357
Skip song - vcm_train_gap000359.wav,vcm_train_gap000359
Skip song - vcm_train_gap000361.wav,vcm_train_gap000361
Skip song - vcm_train_gap000363.wav,vcm_train_gap000363
Skip song - vcm_train_gap000365.wav,vcm_train_gap000365
Play next song - vcm_train_gap000367.wav,vcm_train_gap000367
Play next song - vcm_train_gap000369.wav,vcm_train_gap000369
Play next song - vcm_train_gap000371.wav,vcm_train_gap000371
Play next song - vcm_train_gap000373.wav,vcm_train_gap000373
Play next song - vcm_train_gap000375.wav,vcm_train_gap000375
Volume up - vcm_train_gap000377.wav,vcm_train_gap000377
Volume up - vcm_train_gap000379.wav,vcm_train_gap000379
Volume up - vcm_train_gap000381.wav,vcm_train_gap000381
Volume up - vcm_train_gap000383.wav,vcm_train_gap000383
Volume up - vcm_train_gap000385.wav,vcm_train_gap000385
Volume up - vcm_train_gap000387.wav,vcm_train_gap000387
Volume down - vcm_train_gap000389.wav,vcm_train_gap000389
Volume down - vcm_train_gap000391.wav,vcm_train_gap000391
Volume down - vcm_train_gap000393.wav,vcm_train_gap000393
Volume down - vcm_train_gap000395.wav,vcm_train_gap000395
Volume down - vcm_train_gap000397.wav,vcm_train_gap000397
Volume down - vcm_train_gap000399.wav,vcm_train_gap000399
Volume down - vcm_train_gap000401.wav,vcm_train_gap000401
Volume down - vcm_train_gap000403.wav,vcm_train_gap000403
Volume down - vcm_train_gap000405.wav,vcm_train_gap000405
Volume down - vcm_train_gap000407.wav,vcm_train_gap000407
Volume down - vcm_train_gap000409.wav,vcm_train_gap000409
Volume down - vcm_train_gap000411.wav,vcm_train_gap000411
Volume down - vcm_train_gap000413.wav,vcm_train_gap000413
Volume down - vcm_train_gap000415.wav,vcm_train_gap000415
Volume down - vcm_train_gap000417.wav,vcm_train_gap000417
Volume down - vcm_train_gap000419.wav,vcm_train_gap000419
Volume down - vcm_train_gap000421.wav,vcm_train_gap000421
Volume down - vcm_train_gap000423.wav,vcm_train_gap000423
Volume down - vcm_train_gap000425.wav,vcm_train_gap000425
Call - vcm_train_gap000427.wav,vcm_train_gap000427
Call - vcm_train_gap000429.wav,vcm_train_gap000429
Call - vcm_train_gap000431.wav,vcm_train_gap000431
Call - vcm_train_gap000433.wav,vcm_train_gap000433
Call - vcm_train_gap000435.wav,vcm_train_gap000435
Call - vcm_train_gap000437.wav,vcm_train_gap000437
Call - vcm_train_gap000439.wav,vcm_train_gap000439
Call - vcm_train_gap000441.wav,vcm_train_gap000441
Call - vcm_train_gap000443.wav,vcm_train_gap000443
Call - vcm_train_gap000445.wav,vcm_train_gap000445
Call - vcm_train_gap000447.wav,vcm_train_gap000447
Call - vcm_train_gap000449.wav,vcm_train_gap000449
Call - vcm_train_gap000451.wav,vcm_train_gap000451
Call - vcm_train_gap000453.wav,vcm_train_gap000453
Call - vcm_train_gap000455.wav,vcm_train_gap000455
Call - vcm_train_gap000457.wav,vcm_train_gap000457
Call - vcm_train_gap000459.wav,vcm_train_gap000459
Call - vcm_train_gap000461.wav,vcm_train_gap000461
Call - vcm_train_gap000463.wav,vcm_train_gap000463
Call - vcm_train_gap000465.wav,vcm_train_gap000465
Call - vcm_train_gap000467.wav,vcm_train_gap000467
Call - vcm_train_gap000469.wav,vcm_train_gap000469
Call - vcm_train_gap000471.wav,vcm_train_gap000471
Call - vcm_train_gap000473.wav,vcm_train_gap000473
Call - vcm_train_gap000475.wav,vcm_train_gap000475
Call - vcm_train_gap000477.wav,vcm_train_gap000477
Call - vcm_train_gap000479.wav,vcm_train_gap000479
Call - vcm_train_gap000481.wav,vcm_train_gap000481
Call - vcm_train_gap000483.wav,vcm_train_gap000483
Call - vcm_train_gap000485.wav,vcm_train_gap000485
Call - vcm_train_gap000487.wav,vcm_train_gap000487
Call - vcm_train_gap000489.wav,vcm_train_gap000489
Call - vcm_train_gap000491.wav,vcm_train_gap000491
Call - vcm_train_gap000493.wav,vcm_train_gap000493
Call - vcm_train_gap000495.wav,vcm_train_gap000495
Call - vcm_train_gap000497.wav,vcm_train_gap000497
Call - vcm_train_gap000499.wav,vcm_train_gap000499
Call - vcm_train_gap000501.wav,vcm_train_gap000501
Make a call - vcm_train_gap000503.wav,vcm_train_gap000503
Make a call - vcm_train_gap000505.wav,vcm_train_gap000505
Make a call - vcm_train_gap000507.wav,vcm_train_gap000507
Make a call - vcm_train_gap000509.wav,vcm_train_gap000509
Make a call - vcm_train_gap000511.wav,vcm_train_gap000511
Make a call - vcm_train_gap000513.wav,vcm_train_gap000513
Make a call - vcm_train_gap000515.wav,vcm_train_gap000515
Make a call - vcm_train_gap000517.wav,vcm_train_gap000517
Make a call - vcm_train_gap000519.wav,vcm_train_gap000519
Make a call - vcm_train_gap000521.wav,vcm_train_gap000521
Make a call - vcm_train_gap000523.wav,vcm_train_gap000523
Make a call - vcm_train_gap000525.wav,vcm_train_gap000525
Make a call - vcm_train_gap000527.wav,vcm_train_gap000527
Make a call - vcm_train_gap000529.wav,vcm_train_gap000529
Make a call - vcm_train_gap000531.wav,vcm_train_gap000531
Make a call - vcm_train_gap000533.wav,vcm_train_gap000533
Make a call - vcm_train_gap000535.wav,vcm_train_gap000535
Make a call - vcm_train_gap000537.wav,vcm_train_gap000537
Make a call - vcm_train_gap000539.wav,vcm_train_gap000539
Make a call - vcm_train_gap000541.wav,vcm_train_gap000541
Make a call - vcm_train_gap000543.wav,vcm_train_gap000543
Make a call - vcm_train_gap000545.wav,vcm_train_gap000545
Make a call - vcm_train_gap000547.wav,vcm_train_gap000547
Make a call - vcm_train_gap000549.wav,vcm_train_gap000549
Make a call - vcm_train_gap000551.wav,vcm_train_gap000551
Make a call - vcm_train_gap000553.wav,vcm_train_gap000553
Make a call - vcm_train_gap000555.wav,vcm_train_gap000555
Make a call - vcm_train_gap000557.wav,vcm_train_gap000557
Make a call - vcm_train_gap000559.wav,vcm_train_gap000559
Make a call - vcm_train_gap000561.wav,vcm_train_gap000561
Make a call - vcm_train_gap000563.wav,vcm_train_gap000563
Make a call - vcm_train_gap000565.wav,vcm_train_gap000565
Make a call - vcm_train_gap000567.wav,vcm_train_gap000567
Make a call - vcm_train_gap000569.wav,vcm_train_gap000569
Make a call - vcm_train_gap000571.wav,vcm_train_gap000571
Make a call - vcm_train_gap000573.wav,vcm_train_gap000573
Make a call - vcm_train_gap000575.wav,vcm_train_gap000575
Make a call - vcm_train_gap000577.wav,vcm_train_gap000577
Make a call - vcm_train_gap000579.wav,vcm_train_gap000579
Make a call - vcm_train_gap000581.wav,vcm_train_gap000581
Make a call - vcm_train_gap000583.wav,vcm_train_gap000583
Make a call - vcm_train_gap000585.wav,vcm_train_gap000585
Make a call - vcm_train_gap000587.wav,vcm_train_gap000587
Make a call - vcm_train_gap000589.wav,vcm_train_gap000589
Make a call - vcm_train_gap000591.wav,vcm_train_gap000591
Make a call - vcm_train_gap000593.wav,vcm_train_gap000593
Make a call - vcm_train_gap000595.wav,vcm_train_gap000595
Make a call - vcm_train_gap000597.wav,vcm_train_gap000597
Make a call - vcm_train_gap000599.wav,vcm_train_gap000599
Make a call - vcm_train_gap000601.wav,vcm_train_gap000601
Make a call - vcm_train_gap000603.wav,vcm_train_gap000603
Make a call - vcm_train_gap000605.wav,vcm_train_gap000605
Make a call - vcm_train_gap000607.wav,vcm_train_gap000607
Make a call - vcm_train_gap000609.wav,vcm_train_gap000609
Make a call - vcm_train_gap000611.wav,vcm_train_gap000611
Make a call - vcm_train_gap000613.wav,vcm_train_gap000613
Make a call - vcm_train_gap000615.wav,vcm_train_gap000615
Make a call - vcm_train_gap000617.wav,vcm_train_gap000617
Message - vcm_train_gap000619.wav,vcm_train_gap000619
Message - vcm_train_gap000621.wav,vcm_train_gap000621
Message - vcm_train_gap000623.wav,vcm_train_gap000623
Message - vcm_train_gap000625.wav,vcm_train_gap000625
Message - vcm_train_gap000627.wav,vcm_train_gap000627
Message - vcm_train_gap000629.wav,vcm_train_gap000629
Message - vcm_train_gap000631.wav,vcm_train_gap000631
Message - vcm_train_gap000633.wav,vcm_train_gap000633
Message - vcm_train_gap000635.wav,vcm_train_gap000635
Message - vcm_train_gap000637.wav,vcm_train_gap000637
Message - vcm_train_gap000639.wav,vcm_train_gap000639
Message - vcm_train_gap000641.wav,vcm_train_gap000641
Message - vcm_train_gap000643.wav,vcm_train_gap000643
Message - vcm_train_gap000645.wav,vcm_train_gap000645
Message - vcm_train_gap000647.wav,vcm_train_gap000647
Message - vcm_train_gap000649.wav,vcm_train_gap000649
Message - vcm_train_gap000651.wav,vcm_train_gap000651
Message - vcm_train_gap000653.wav,vcm_train_gap000653
Message - vcm_train_gap000655.wav,vcm_train_gap000655
Message - vcm_train_gap000657.wav,vcm_train_gap000657
Message - vcm_train_gap000659.wav,vcm_train_gap000659
Message - vcm_train_gap000661.wav,vcm_train_gap000661
Message - vcm_train_gap000663.wav,vcm_train_gap000663
Message - vcm_train_gap000665.wav,vcm_train_gap000665
Message - vcm_train_gap000667.wav,vcm_train_gap000667
Message - vcm_train_gap000669.wav,vcm_train_gap000669
Send a message - vcm_train_gap000671.wav,vcm_train_gap000671
Send a message - vcm_train_gap000673.wav,vcm_train_gap000673
Send a message - vcm_train_gap000675.wav,vcm_train_gap000675
Send a message - vcm_train_gap000677.wav,vcm_train_gap000677
Send a message - vcm_train_gap000679.wav,vcm_train_gap000679
Send a message - vcm_train_gap000681.wav,vcm_train_gap000681
Send a message - vcm_train_gap000683.wav,vcm_train_gap000683
Send a message - vcm_train_gap000685.wav,vcm_train_gap000685
Send a message - vcm_train_gap000687.wav,vcm_train_gap000687
Reminders - vcm_train_gap000689.wav,vcm_train_gap000689
Reminders - vcm_train_gap000691.wav,vcm_train_gap000691
Reminders - vcm_train_gap000693.wav,vcm_train_gap000693
Reminders - vcm_train_gap000695.wav,vcm_train_gap000695
Reminders - vcm_train_gap000697.wav,vcm_train_gap000697
Reminders - vcm_train_gap000699.wav,vcm_train_gap000699
Reminders - vcm_train_gap000701.wav,vcm_train_gap000701
Reminders - vcm_train_gap000703.wav,vcm_train_gap000703
Reminders - vcm_train_gap000705.wav,vcm_train_gap000705
Reminders - vcm_train_gap000707.wav,vcm_train_gap000707
Reminders - vcm_train_gap000709.wav,vcm_train_gap000709
Reminders - vcm_train_gap000711.wav,vcm_train_gap000711
Reminders - vcm_train_gap000713.wav,vcm_train_gap000713
Reminders - vcm_train_gap000715.wav,vcm_train_gap000715
Reminders - vcm_train_gap000717.wav,vcm_train_gap000717
Show my reminders - vcm_train_gap000719.wav,vcm_train_gap000719
Show my reminders - vcm_train_gap000721.wav,vcm_train_gap000721
Show my reminders - vcm_train_gap000723.wav,vcm_train_gap000723
Show my reminders - vcm_train_gap000725.wav,vcm_train_gap000725
Show my reminders - vcm_train_gap000727.wav,vcm_train_gap000727
Show my reminders - vcm_train_gap000729.wav,vcm_train_gap000729
Show my reminders - vcm_train_gap000731.wav,vcm_train_gap000731
Show my reminders - vcm_train_gap000733.wav,vcm_train_gap000733
Show my reminders - vcm_train_gap000735.wav,vcm_train_gap000735
Show my reminders - vcm_train_gap000737.wav,vcm_train_gap000737
List my reminders - vcm_train_gap000739.wav,vcm_train_gap000739
List my reminders - vcm_train_gap000741.wav,vcm_train_gap000741
List my reminders - vcm_train_gap000743.wav,vcm_train_gap000743
Timer 10 seconds - vcm_train_gap000745.wav,vcm_train_gap000745
Timer 10 seconds - vcm_train_gap000747.wav,vcm_train_gap000747
Timer 10 seconds - vcm_train_gap000749.wav,vcm_train_gap000749
Timer 10 seconds - vcm_train_gap000751.wav,vcm_train_gap000751
Timer 10 seconds - vcm_train_gap000753.wav,vcm_train_gap000753
Timer 1 minute - vcm_train_gap000755.wav,vcm_train_gap000755
Timer 1 minute - vcm_train_gap000757.wav,vcm_train_gap000757
Timer 1 minute - vcm_train_gap000759.wav,vcm_train_gap000759
Timer 1 minute - vcm_train_gap000761.wav,vcm_train_gap000761
Timer 1 minute - vcm_train_gap000763.wav,vcm_train_gap000763
Timer 1 minute - vcm_train_gap000765.wav,vcm_train_gap000765
Timer 1 minute - vcm_train_gap000767.wav,vcm_train_gap000767
Timer 1 minute - vcm_train_gap000769.wav,vcm_train_gap000769
Timer 1 minute - vcm_train_gap000771.wav,vcm_train_gap000771
Timer 1 minute - vcm_train_gap000773.wav,vcm_train_gap000773
Timer 1 minute - vcm_train_gap000775.wav,vcm_train_gap000775
Timer 1 minute - vcm_train_gap000777.wav,vcm_train_gap000777
Timer 1 minute - vcm_train_gap000779.wav,vcm_train_gap000779
Timer 1 minute - vcm_train_gap000781.wav,vcm_train_gap000781
Timer 1 minute - vcm_train_gap000783.wav,vcm_train_gap000783
Timer 1 minute - vcm_train_gap000785.wav,vcm_train_gap000785
Timer 1 minute - vcm_train_gap000787.wav,vcm_train_gap000787
Timer 1 minute - vcm_train_gap000789.wav,vcm_train_gap000789
Timer 1 minute - vcm_train_gap000791.wav,vcm_train_gap000791
Timer 1 minute - vcm_train_gap000793.wav,vcm_train_gap000793
Timer 1 minute - vcm_train_gap000795.wav,vcm_train_gap000795
Timer 1 minute - vcm_train_gap000797.wav,vcm_train_gap000797
Timer 1 minute - vcm_train_gap000799.wav,vcm_train_gap000799
Timer 1 minute - vcm_train_gap000801.wav,vcm_train_gap000801
Timer 1 minute - vcm_train_gap000803.wav,vcm_train_gap000803
Timer 1 minute - vcm_train_gap000805.wav,vcm_train_gap000805
Timer 1 minute - vcm_train_gap000807.wav,vcm_train_gap000807
Countdown for 1 minute - vcm_train_gap000809.wav,vcm_train_gap000809
Countdown for 1 minute - vcm_train_gap000811.wav,vcm_train_gap000811
Countdown for 1 minute - vcm_train_gap000813.wav,vcm_train_gap000813
Countdown for 1 minute - vcm_train_gap000815.wav,vcm_train_gap000815
Countdown for 1 minute - vcm_train_gap000817.wav,vcm_train_gap000817
Countdown for 1 minute - vcm_train_gap000819.wav,vcm_train_gap000819
Countdown for 1 minute - vcm_train_gap000821.wav,vcm_train_gap000821
Countdown for 1 minute - vcm_train_gap000823.wav,vcm_train_gap000823
Countdown for 1 minute - vcm_train_gap000825.wav,vcm_train_gap000825
Countdown for 1 minute - vcm_train_gap000827.wav,vcm_train_gap000827
Countdown for 1 minute - vcm_train_gap000829.wav,vcm_train_gap000829
Countdown for 1 minute - vcm_train_gap000831.wav,vcm_train_gap000831
Countdown for 1 minute - vcm_train_gap000833.wav,vcm_train_gap000833
Countdown for 1 minute - vcm_train_gap000835.wav,vcm_train_gap000835
Countdown for 1 minute - vcm_train_gap000837.wav,vcm_train_gap000837
Countdown for 1 minute - vcm_train_gap000839.wav,vcm_train_gap000839
Countdown for 1 minute - vcm_train_gap000841.wav,vcm_train_gap000841
Countdown for 1 minute - vcm_train_gap000843.wav,vcm_train_gap000843
Countdown for 1 minute - vcm_train_gap000845.wav,vcm_train_gap000845
Start a timer for 30 seconds - vcm_train_gap000847.wav,vcm_train_gap000847
Start a timer for 1 minute - vcm_train_gap000849.wav,vcm_train_gap000849
Alarm 6 AM - vcm_train_gap000851.wav,vcm_train_gap000851
Alarm 6 AM - vcm_train_gap000853.wav,vcm_train_gap000853
Alarm 6 AM - vcm_train_gap000855.wav,vcm_train_gap000855
Alarm 6 AM - vcm_train_gap000857.wav,vcm_train_gap000857
Alarm 6 AM - vcm_train_gap000859.wav,vcm_train_gap000859
Alarm 6 AM - vcm_train_gap000861.wav,vcm_train_gap000861
Alarm 6 AM - vcm_train_gap000863.wav,vcm_train_gap000863
Alarm 6 AM - vcm_train_gap000865.wav,vcm_train_gap000865
Alarm 6 AM - vcm_train_gap000867.wav,vcm_train_gap000867
Alarm 6 AM - vcm_train_gap000869.wav,vcm_train_gap000869
Alarm 6 AM - vcm_train_gap000871.wav,vcm_train_gap000871
Alarm 8 AM - vcm_train_gap000873.wav,vcm_train_gap000873
Alarm 8 AM - vcm_train_gap000875.wav,vcm_train_gap000875
Alarm 8 AM - vcm_train_gap000877.wav,vcm_train_gap000877
Alarm 8 AM - vcm_train_gap000879.wav,vcm_train_gap000879
Alarm 8 AM - vcm_train_gap000881.wav,vcm_train_gap000881
Alarm 8 AM - vcm_train_gap000883.wav,vcm_train_gap000883
Alarm 8 AM - vcm_train_gap000885.wav,vcm_train_gap000885
Alarm 8 AM - vcm_train_gap000887.wav,vcm_train_gap000887
Alarm 8 AM - vcm_train_gap000889.wav,vcm_train_gap000889
Alarm 9 PM - vcm_train_gap000891.wav,vcm_train_gap000891
Alarm 9 PM - vcm_train_gap000893.wav,vcm_train_gap000893
Alarm 9 PM - vcm_train_gap000895.wav,vcm_train_gap000895
Alarm 9 PM - vcm_train_gap000897.wav,vcm_train_gap000897
Alarm 9 PM - vcm_train_gap000899.wav,vcm_train_gap000899
Alarm 9 PM - vcm_train_gap000901.wav,vcm_train_gap000901
Alarm 9 PM - vcm_train_gap000903.wav,vcm_train_gap000903
Alarm 9 PM - vcm_train_gap000905.wav,vcm_train_gap000905
Alarm 9 PM - vcm_train_gap000907.wav,vcm_train_gap000907
Alarm 9 PM - vcm_train_gap000909.wav,vcm_train_gap000909
Alarm 9 PM - vcm_train_gap000911.wav,vcm_train_gap000911
Alarm 9 PM - vcm_train_gap000913.wav,vcm_train_gap000913
Alarm 9 PM - vcm_train_gap000915.wav,vcm_train_gap000915
Alarm 9 PM - vcm_train_gap000917.wav,vcm_train_gap000917
Alarm 9 PM - vcm_train_gap000919.wav,vcm_train_gap000919
Alarm 9 PM - vcm_train_gap000921.wav,vcm_train_gap000921
Wake me up at 6 AM - vcm_train_gap000923.wav,vcm_train_gap000923
Wake me up at 6 AM - vcm_train_gap000925.wav,vcm_train_gap000925
Wake me up at 6 AM - vcm_train_gap000927.wav,vcm_train_gap000927
Wake me up at 6 AM - vcm_train_gap000929.wav,vcm_train_gap000929
Wake me up at 6 AM - vcm_train_gap000931.wav,vcm_train_gap000931
Wake me up at 6 AM - vcm_train_gap000933.wav,vcm_train_gap000933
Wake me up at 6 AM - vcm_train_gap000935.wav,vcm_train_gap000935
Wake me up at 6 AM - vcm_train_gap000937.wav,vcm_train_gap000937
Wake me up at 6 AM - vcm_train_gap000939.wav,vcm_train_gap000939
Wake me up at 6 AM - vcm_train_gap000941.wav,vcm_train_gap000941
Wake me up at 6 AM - vcm_train_gap000943.wav,vcm_train_gap000943
Wake me up at 6 AM - vcm_train_gap000945.wav,vcm_train_gap000945
Wake me up at 6 AM - vcm_train_gap000947.wav,vcm_train_gap000947
Wake me up at 6 AM - vcm_train_gap000949.wav,vcm_train_gap000949
Wake me up at 6 AM - vcm_train_gap000951.wav,vcm_train_gap000951
Wake me up at 9 PM - vcm_train_gap000953.wav,vcm_train_gap000953
Wake me up at 9 PM - vcm_train_gap000955.wav,vcm_train_gap000955
Wake me up at 9 PM - vcm_train_gap000957.wav,vcm_train_gap000957
Wake me up at 9 PM - vcm_train_gap000959.wav,vcm_train_gap000959
Wake me up at 9 PM - vcm_train_gap000961.wav,vcm_train_gap000961
Wake me up at 9 PM - vcm_train_gap000963.wav,vcm_train_gap000963
Wake me up at 9 PM - vcm_train_gap000965.wav,vcm_train_gap000965
Wake me up at 9 PM - vcm_train_gap000967.wav,vcm_train_gap000967
Wake me up at 9 PM - vcm_train_gap000969.wav,vcm_train_gap000969
Wake me up at 9 PM - vcm_train_gap000971.wav,vcm_train_gap000971
Wake me up at 9 PM - vcm_train_gap000973.wav,vcm_train_gap000973
Wake me up at 9 PM - vcm_train_gap000975.wav,vcm_train_gap000975
Wake me up at 9 PM - vcm_train_gap000977.wav,vcm_train_gap000977
Wake me up at 9 PM - vcm_train_gap000979.wav,vcm_train_gap000979
Wake me up at 9 PM - vcm_train_gap000981.wav,vcm_train_gap000981
Wake me up at 9 PM - vcm_train_gap000983.wav,vcm_train_gap000983
Set an alarm for 9 PM - vcm_train_gap000985.wav,vcm_train_gap000985
Set an alarm for 9 PM - vcm_train_gap000987.wav,vcm_train_gap000987
Set an alarm for 9 PM - vcm_train_gap000989.wav,vcm_train_gap000989
Set an alarm for 9 PM - vcm_train_gap000991.wav,vcm_train_gap000991
Temperature 18 degrees - vcm_train_gap000993.wav,vcm_train_gap000993
Temperature 26 degrees - vcm_train_gap000995.wav,vcm_train_gap000995
Temperature 26 degrees - vcm_train_gap000997.wav,vcm_train_gap000997
Temperature 26 degrees - vcm_train_gap000999.wav,vcm_train_gap000999
Set the temperature to 18 degrees - vcm_train_gap001001.wav,vcm_train_gap001001
Set the temperature to 18 degrees - vcm_train_gap001003.wav,vcm_train_gap001003
Set the temperature to 18 degrees - vcm_train_gap001005.wav,vcm_train_gap001005
Set the temperature to 18 degrees - vcm_train_gap001007.wav,vcm_train_gap001007
Set the temperature to 18 degrees - vcm_train_gap001009.wav,vcm_train_gap001009
Set the temperature to 18 degrees - vcm_train_gap001011.wav,vcm_train_gap001011
Set the temperature to 18 degrees - vcm_train_gap001013.wav,vcm_train_gap001013
Set the temperature to 18 degrees - vcm_train_gap001015.wav,vcm_train_gap001015
Set the temperature to 22 degrees - vcm_train_gap001017.wav,vcm_train_gap001017
Set the temperature to 22 degrees - vcm_train_gap001019.wav,vcm_train_gap001019
Set the temperature to 22 degrees - vcm_train_gap001021.wav,vcm_train_gap001021
Brightness 20 percent - vcm_train_gap001023.wav,vcm_train_gap001023
Brightness 20 percent - vcm_train_gap001025.wav,vcm_train_gap001025
Brightness 20 percent - vcm_train_gap001027.wav,vcm_train_gap001027
Brightness 20 percent - vcm_train_gap001029.wav,vcm_train_gap001029
Brightness 20 percent - vcm_train_gap001031.wav,vcm_train_gap001031
Brightness 20 percent - vcm_train_gap001033.wav,vcm_train_gap001033
Brightness 20 percent - vcm_train_gap001035.wav,vcm_train_gap001035
Brightness 20 percent - vcm_train_gap001037.wav,vcm_train_gap001037
Brightness 20 percent - vcm_train_gap001039.wav,vcm_train_gap001039
Brightness 20 percent - vcm_train_gap001041.wav,vcm_train_gap001041
Brightness 20 percent - vcm_train_gap001043.wav,vcm_train_gap001043
Brightness 20 percent - vcm_train_gap001045.wav,vcm_train_gap001045
Brightness 20 percent - vcm_train_gap001047.wav,vcm_train_gap001047
Brightness 20 percent - vcm_train_gap001049.wav,vcm_train_gap001049
Brightness 20 percent - vcm_train_gap001051.wav,vcm_train_gap001051
Brightness 20 percent - vcm_train_gap001053.wav,vcm_train_gap001053
Brightness 20 percent - vcm_train_gap001055.wav,vcm_train_gap001055
Brightness 20 percent - vcm_train_gap001057.wav,vcm_train_gap001057
Brightness 20 percent - vcm_train_gap001059.wav,vcm_train_gap001059
Brightness 20 percent - vcm_train_gap001061.wav,vcm_train_gap001061
Brightness 20 percent - vcm_train_gap001063.wav,vcm_train_gap001063
Brightness 20 percent - vcm_train_gap001065.wav,vcm_train_gap001065
Brightness 20 percent - vcm_train_gap001067.wav,vcm_train_gap001067
Brightness 20 percent - vcm_train_gap001069.wav,vcm_train_gap001069
Brightness 20 percent - vcm_train_gap001071.wav,vcm_train_gap001071
Brightness 20 percent - vcm_train_gap001073.wav,vcm_train_gap001073
Brightness 20 percent - vcm_train_gap001075.wav,vcm_train_gap001075
Brightness 20 percent - vcm_train_gap001077.wav,vcm_train_gap001077
Brightness 20 percent - vcm_train_gap001079.wav,vcm_train_gap001079
Brightness 20 percent - vcm_train_gap001081.wav,vcm_train_gap001081
Brightness 20 percent - vcm_train_gap001083.wav,vcm_train_gap001083
Brightness 20 percent - vcm_train_gap001085.wav,vcm_train_gap001085
Brightness 20 percent - vcm_train_gap001087.wav,vcm_train_gap001087
Brightness 20 percent - vcm_train_gap001089.wav,vcm_train_gap001089
Brightness 20 percent - vcm_train_gap001091.wav,vcm_train_gap001091
Brightness 20 percent - vcm_train_gap001093.wav,vcm_train_gap001093
Brightness 20 percent - vcm_train_gap001095.wav,vcm_train_gap001095
Brightness 20 percent - vcm_train_gap001097.wav,vcm_train_gap001097
Brightness 20 percent - vcm_train_gap001099.wav,vcm_train_gap001099
Brightness 20 percent - vcm_train_gap001101.wav,vcm_train_gap001101
Brightness 20 percent - vcm_train_gap001103.wav,vcm_train_gap001103
Brightness 20 percent - vcm_train_gap001105.wav,vcm_train_gap001105
Brightness 20 percent - vcm_train_gap001107.wav,vcm_train_gap001107
Brightness 20 percent - vcm_train_gap001109.wav,vcm_train_gap001109
Brightness 20 percent - vcm_train_gap001111.wav,vcm_train_gap001111
Brightness 20 percent - vcm_train_gap001113.wav,vcm_train_gap001113
Brightness 20 percent - vcm_train_gap001115.wav,vcm_train_gap001115
Brightness 20 percent - vcm_train_gap001117.wav,vcm_train_gap001117
Brightness 20 percent - vcm_train_gap001119.wav,vcm_train_gap001119
Brightness 20 percent - vcm_train_gap001121.wav,vcm_train_gap001121
Brightness 20 percent - vcm_train_gap001123.wav,vcm_train_gap001123
Brightness 20 percent - vcm_train_gap001125.wav,vcm_train_gap001125
Brightness 20 percent - vcm_train_gap001127.wav,vcm_train_gap001127
Brightness 20 percent - vcm_train_gap001129.wav,vcm_train_gap001129
Brightness 20 percent - vcm_train_gap001131.wav,vcm_train_gap001131
Brightness 20 percent - vcm_train_gap001133.wav,vcm_train_gap001133
Brightness 20 percent - vcm_train_gap001135.wav,vcm_train_gap001135
Brightness 60 percent - vcm_train_gap001137.wav,vcm_train_gap001137
Brightness 60 percent - vcm_train_gap001139.wav,vcm_train_gap001139
Brightness 60 percent - vcm_train_gap001141.wav,vcm_train_gap001141
Brightness 60 percent - vcm_train_gap001143.wav,vcm_train_gap001143
Brightness 60 percent - vcm_train_gap001145.wav,vcm_train_gap001145
Brightness 60 percent - vcm_train_gap001147.wav,vcm_train_gap001147
Brightness 60 percent - vcm_train_gap001149.wav,vcm_train_gap001149
Brightness 60 percent - vcm_train_gap001151.wav,vcm_train_gap001151
Brightness 60 percent - vcm_train_gap001153.wav,vcm_train_gap001153
Brightness 60 percent - vcm_train_gap001155.wav,vcm_train_gap001155
Brightness 60 percent - vcm_train_gap001157.wav,vcm_train_gap001157
Brightness 60 percent - vcm_train_gap001159.wav,vcm_train_gap001159
Brightness 60 percent - vcm_train_gap001161.wav,vcm_train_gap001161
Brightness 60 percent - vcm_train_gap001163.wav,vcm_train_gap001163
Brightness 60 percent - vcm_train_gap001165.wav,vcm_train_gap001165
Brightness 60 percent - vcm_train_gap001167.wav,vcm_train_gap001167
Brightness 60 percent - vcm_train_gap001169.wav,vcm_train_gap001169
Brightness 60 percent - vcm_train_gap001171.wav,vcm_train_gap001171
Brightness 60 percent - vcm_train_gap001173.wav,vcm_train_gap001173
Brightness 60 percent - vcm_train_gap001175.wav,vcm_train_gap001175
Brightness 60 percent - vcm_train_gap001177.wav,vcm_train_gap001177
Brightness 60 percent - vcm_train_gap001179.wav,vcm_train_gap001179
Brightness 60 percent - vcm_train_gap001181.wav,vcm_train_gap001181
Brightness 60 percent - vcm_train_gap001183.wav,vcm_train_gap001183
Brightness 60 percent - vcm_train_gap001185.wav,vcm_train_gap001185
Brightness 60 percent - vcm_train_gap001187.wav,vcm_train_gap001187
Brightness 60 percent - vcm_train_gap001189.wav,vcm_train_gap001189
Brightness 60 percent - vcm_train_gap001191.wav,vcm_train_gap001191
Brightness 60 percent - vcm_train_gap001193.wav,vcm_train_gap001193
Brightness 60 percent - vcm_train_gap001195.wav,vcm_train_gap001195
Brightness 60 percent - vcm_train_gap001197.wav,vcm_train_gap001197
Brightness 60 percent - vcm_train_gap001199.wav,vcm_train_gap001199
Brightness 60 percent - vcm_train_gap001201.wav,vcm_train_gap001201
Brightness 60 percent - vcm_train_gap001203.wav,vcm_train_gap001203
Brightness 60 percent - vcm_train_gap001205.wav,vcm_train_gap001205
Brightness 60 percent - vcm_train_gap001207.wav,vcm_train_gap001207
Brightness 60 percent - vcm_train_gap001209.wav,vcm_train_gap001209
Brightness 60 percent - vcm_train_gap001211.wav,vcm_train_gap001211
Brightness 60 percent - vcm_train_gap001213.wav,vcm_train_gap001213
Brightness 60 percent - vcm_train_gap001215.wav,vcm_train_gap001215
Brightness 60 percent - vcm_train_gap001217.wav,vcm_train_gap001217
Brightness 60 percent - vcm_train_gap001219.wav,vcm_train_gap001219
Brightness 60 percent - vcm_train_gap001221.wav,vcm_train_gap001221
Brightness 60 percent - vcm_train_gap001223.wav,vcm_train_gap001223
Brightness 60 percent - vcm_train_gap001225.wav,vcm_train_gap001225
Brightness 60 percent - vcm_train_gap001227.wav,vcm_train_gap001227
Brightness 60 percent - vcm_train_gap001229.wav,vcm_train_gap001229
Brightness 60 percent - vcm_train_gap001231.wav,vcm_train_gap001231
Brightness 60 percent - vcm_train_gap001233.wav,vcm_train_gap001233
Brightness 60 percent - vcm_train_gap001235.wav,vcm_train_gap001235
Brightness 60 percent - vcm_train_gap001237.wav,vcm_train_gap001237
Brightness 60 percent - vcm_train_gap001239.wav,vcm_train_gap001239
Brightness 60 percent - vcm_train_gap001241.wav,vcm_train_gap001241
Brightness 60 percent - vcm_train_gap001243.wav,vcm_train_gap001243
Brightness 60 percent - vcm_train_gap001245.wav,vcm_train_gap001245
Brightness 100 percent - vcm_train_gap001247.wav,vcm_train_gap001247
Brightness 100 percent - vcm_train_gap001249.wav,vcm_train_gap001249
Brightness 100 percent - vcm_train_gap001251.wav,vcm_train_gap001251
Brightness 100 percent - vcm_train_gap001253.wav,vcm_train_gap001253
Brightness 100 percent - vcm_train_gap001255.wav,vcm_train_gap001255
Brightness 100 percent - vcm_train_gap001257.wav,vcm_train_gap001257
Brightness 100 percent - vcm_train_gap001259.wav,vcm_train_gap001259
Brightness 100 percent - vcm_train_gap001261.wav,vcm_train_gap001261
Brightness 100 percent - vcm_train_gap001263.wav,vcm_train_gap001263
Brightness 100 percent - vcm_train_gap001265.wav,vcm_train_gap001265
Brightness 100 percent - vcm_train_gap001267.wav,vcm_train_gap001267
Brightness 100 percent - vcm_train_gap001269.wav,vcm_train_gap001269
Brightness 100 percent - vcm_train_gap001271.wav,vcm_train_gap001271
Brightness 100 percent - vcm_train_gap001273.wav,vcm_train_gap001273
Brightness 100 percent - vcm_train_gap001275.wav,vcm_train_gap001275
Brightness 100 percent - vcm_train_gap001277.wav,vcm_train_gap001277
Brightness 100 percent - vcm_train_gap001279.wav,vcm_train_gap001279
Brightness 100 percent - vcm_train_gap001281.wav,vcm_train_gap001281
Brightness 100 percent - vcm_train_gap001283.wav,vcm_train_gap001283
Brightness 100 percent - vcm_train_gap001285.wav,vcm_train_gap001285
Brightness 100 percent - vcm_train_gap001287.wav,vcm_train_gap001287
Brightness 100 percent - vcm_train_gap001289.wav,vcm_train_gap001289
Brightness 100 percent - vcm_train_gap001291.wav,vcm_train_gap001291
Brightness 100 percent - vcm_train_gap001293.wav,vcm_train_gap001293
Brightness 100 percent - vcm_train_gap001295.wav,vcm_train_gap001295
Brightness 100 percent - vcm_train_gap001297.wav,vcm_train_gap001297
Brightness 100 percent - vcm_train_gap001299.wav,vcm_train_gap001299
Brightness 100 percent - vcm_train_gap001301.wav,vcm_train_gap001301
Brightness 100 percent - vcm_train_gap001303.wav,vcm_train_gap001303
Brightness 100 percent - vcm_train_gap001305.wav,vcm_train_gap001305
Brightness 100 percent - vcm_train_gap001307.wav,vcm_train_gap001307
Brightness 100 percent - vcm_train_gap001309.wav,vcm_train_gap001309
Brightness 100 percent - vcm_train_gap001311.wav,vcm_train_gap001311
Brightness 100 percent - vcm_train_gap001313.wav,vcm_train_gap001313
Brightness 100 percent - vcm_train_gap001315.wav,vcm_train_gap001315
Brightness 100 percent - vcm_train_gap001317.wav,vcm_train_gap001317
Brightness 100 percent - vcm_train_gap001319.wav,vcm_train_gap001319
Brightness 100 percent - vcm_train_gap001321.wav,vcm_train_gap001321
Brightness 100 percent - vcm_train_gap001323.wav,vcm_train_gap001323
Brightness 100 percent - vcm_train_gap001325.wav,vcm_train_gap001325
Brightness 100 percent - vcm_train_gap001327.wav,vcm_train_gap001327
Brightness 100 percent - vcm_train_gap001329.wav,vcm_train_gap001329
Brightness 100 percent - vcm_train_gap001331.wav,vcm_train_gap001331
Brightness 100 percent - vcm_train_gap001333.wav,vcm_train_gap001333
Brightness 100 percent - vcm_train_gap001335.wav,vcm_train_gap001335
Brightness 100 percent - vcm_train_gap001337.wav,vcm_train_gap001337
Brightness 100 percent - vcm_train_gap001339.wav,vcm_train_gap001339
Brightness 100 percent - vcm_train_gap001341.wav,vcm_train_gap001341
Brightness 100 percent - vcm_train_gap001343.wav,vcm_train_gap001343
Brightness 100 percent - vcm_train_gap001345.wav,vcm_train_gap001345
Brightness 100 percent - vcm_train_gap001347.wav,vcm_train_gap001347
Brightness 100 percent - vcm_train_gap001349.wav,vcm_train_gap001349
Brightness 100 percent - vcm_train_gap001351.wav,vcm_train_gap001351
Brightness 100 percent - vcm_train_gap001353.wav,vcm_train_gap001353
Brightness 100 percent - vcm_train_gap001355.wav,vcm_train_gap001355
Brightness 100 percent - vcm_train_gap001357.wav,vcm_train_gap001357
Brightness 100 percent - vcm_train_gap001359.wav,vcm_train_gap001359
Brightness 100 percent - vcm_train_gap001361.wav,vcm_train_gap001361
Adjust brightness to 20 percent - vcm_train_gap001363.wav,vcm_train_gap001363
Adjust brightness to 20 percent - vcm_train_gap001365.wav,vcm_train_gap001365
Adjust brightness to 20 percent - vcm_train_gap001367.wav,vcm_train_gap001367
Adjust brightness to 20 percent - vcm_train_gap001369.wav,vcm_train_gap001369
Adjust brightness to 60 percent - vcm_train_gap001371.wav,vcm_train_gap001371
Adjust brightness to 60 percent - vcm_train_gap001373.wav,vcm_train_gap001373
Adjust brightness to 60 percent - vcm_train_gap001375.wav,vcm_train_gap001375
Adjust brightness to 100 percent - vcm_train_gap001377.wav,vcm_train_gap001377
Adjust brightness to 100 percent - vcm_train_gap001379.wav,vcm_train_gap001379
Adjust brightness to 100 percent - vcm_train_gap001381.wav,vcm_train_gap001381
Adjust brightness to 100 percent - vcm_train_gap001383.wav,vcm_train_gap001383
Adjust brightness to 100 percent - vcm_train_gap001385.wav,vcm_train_gap001385
Adjust brightness to 100 percent - vcm_train_gap001387.wav,vcm_train_gap001387
Adjust brightness to 100 percent - vcm_train_gap001389.wav,vcm_train_gap001389
Brightness level 20 percent - vcm_train_gap001391.wav,vcm_train_gap001391
Brightness level 20 percent - vcm_train_gap001393.wav,vcm_train_gap001393
Brightness level 20 percent - vcm_train_gap001395.wav,vcm_train_gap001395
Brightness level 20 percent - vcm_train_gap001397.wav,vcm_train_gap001397
Brightness level 20 percent - vcm_train_gap001399.wav,vcm_train_gap001399
Brightness level 20 percent - vcm_train_gap001401.wav,vcm_train_gap001401
Brightness level 20 percent - vcm_train_gap001403.wav,vcm_train_gap001403
Brightness level 20 percent - vcm_train_gap001405.wav,vcm_train_gap001405
Brightness level 20 percent - vcm_train_gap001407.wav,vcm_train_gap001407
Brightness level 20 percent - vcm_train_gap001409.wav,vcm_train_gap001409
Brightness level 20 percent - vcm_train_gap001411.wav,vcm_train_gap001411
Brightness level 20 percent - vcm_train_gap001413.wav,vcm_train_gap001413
Brightness level 20 percent - vcm_train_gap001415.wav,vcm_train_gap001415
Brightness level 20 percent - vcm_train_gap001417.wav,vcm_train_gap001417
Brightness level 60 percent - vcm_train_gap001419.wav,vcm_train_gap001419
Brightness level 60 percent - vcm_train_gap001421.wav,vcm_train_gap001421
Brightness level 60 percent - vcm_train_gap001423.wav,vcm_train_gap001423
Brightness level 60 percent - vcm_train_gap001425.wav,vcm_train_gap001425
Brightness level 60 percent - vcm_train_gap001427.wav,vcm_train_gap001427
Brightness level 60 percent - vcm_train_gap001429.wav,vcm_train_gap001429
Brightness level 60 percent - vcm_train_gap001431.wav,vcm_train_gap001431
Brightness level 60 percent - vcm_train_gap001433.wav,vcm_train_gap001433
Brightness level 60 percent - vcm_train_gap001435.wav,vcm_train_gap001435
Brightness level 60 percent - vcm_train_gap001437.wav,vcm_train_gap001437
Brightness level 60 percent - vcm_train_gap001439.wav,vcm_train_gap001439
Brightness level 60 percent - vcm_train_gap001441.wav,vcm_train_gap001441
Brightness level 60 percent - vcm_train_gap001443.wav,vcm_train_gap001443
Brightness level 100 percent - vcm_train_gap001445.wav,vcm_train_gap001445
Brightness level 100 percent - vcm_train_gap001447.wav,vcm_train_gap001447
Brightness level 100 percent - vcm_train_gap001449.wav,vcm_train_gap001449
Brightness level 100 percent - vcm_train_gap001451.wav,vcm_train_gap001451
Brightness level 100 percent - vcm_train_gap001453.wav,vcm_train_gap001453
Brightness level 100 percent - vcm_train_gap001455.wav,vcm_train_gap001455
Brightness level 100 percent - vcm_train_gap001457.wav,vcm_train_gap001457
Brightness level 100 percent - vcm_train_gap001459.wav,vcm_train_gap001459
Brightness level 100 percent - vcm_train_gap001461.wav,vcm_train_gap001461
Brightness level 100 percent - vcm_train_gap001463.wav,vcm_train_gap001463
Brightness level 100 percent - vcm_train_gap001465.wav,vcm_train_gap001465
Brightness level 100 percent - vcm_train_gap001467.wav,vcm_train_gap001467
Brightness level 100 percent - vcm_train_gap001469.wav,vcm_train_gap001469
Brightness level 100 percent - vcm_train_gap001471.wav,vcm_train_gap001471
Brightness level 100 percent - vcm_train_gap001473.wav,vcm_train_gap001473
Brightness level 100 percent - vcm_train_gap001475.wav,vcm_train_gap001475
Change color to Red - vcm_train_gap001477.wav,vcm_train_gap001477
Change color to Red - vcm_train_gap001479.wav,vcm_train_gap001479
Change color to Red - vcm_train_gap001481.wav,vcm_train_gap001481
Change color to Red - vcm_train_gap001483.wav,vcm_train_gap001483
Change color to Red - vcm_train_gap001485.wav,vcm_train_gap001485
Change color to Red - vcm_train_gap001487.wav,vcm_train_gap001487
Change color to Red - vcm_train_gap001489.wav,vcm_train_gap001489
Change color to Red - vcm_train_gap001491.wav,vcm_train_gap001491
Change color to Green - vcm_train_gap001493.wav,vcm_train_gap001493
Set color to Red - vcm_train_gap001495.wav,vcm_train_gap001495
Set color to Red - vcm_train_gap001497.wav,vcm_train_gap001497
Set color to Red - vcm_train_gap001499.wav,vcm_train_gap001499
Set color to Red - vcm_train_gap001501.wav,vcm_train_gap001501
Set color to Red - vcm_train_gap001503.wav,vcm_train_gap001503
Set color to Red - vcm_train_gap001505.wav,vcm_train_gap001505
Set color to Red - vcm_train_gap001507.wav,vcm_train_gap001507
Set color to Red - vcm_train_gap001509.wav,vcm_train_gap001509
Set color to Green - vcm_train_gap001511.wav,vcm_train_gap001511
Set color to Green - vcm_train_gap001513.wav,vcm_train_gap001513
Set color to Green - vcm_train_gap001515.wav,vcm_train_gap001515
Set color to Green - vcm_train_gap001517.wav,vcm_train_gap001517
Reminder Drink water - vcm_train_gap001519.wav,vcm_train_gap001519
Reminder Drink water - vcm_train_gap001521.wav,vcm_train_gap001521
Reminder Drink water - vcm_train_gap001523.wav,vcm_train_gap001523
Reminder Drink water - vcm_train_gap001525.wav,vcm_train_gap001525
Reminder Drink water - vcm_train_gap001527.wav,vcm_train_gap001527
Reminder Drink water - vcm_train_gap001529.wav,vcm_train_gap001529
Reminder Drink water - vcm_train_gap001531.wav,vcm_train_gap001531
Reminder Drink water - vcm_train_gap001533.wav,vcm_train_gap001533
Reminder Drink water - vcm_train_gap001535.wav,vcm_train_gap001535
Reminder Drink water - vcm_train_gap001537.wav,vcm_train_gap001537
Reminder Drink water - vcm_train_gap001539.wav,vcm_train_gap001539
Reminder Drink water - vcm_train_gap001541.wav,vcm_train_gap001541
Reminder Drink water - vcm_train_gap001543.wav,vcm_train_gap001543
Reminder Drink water - vcm_train_gap001545.wav,vcm_train_gap001545
Reminder Drink water - vcm_train_gap001547.wav,vcm_train_gap001547
Reminder Drink water - vcm_train_gap001549.wav,vcm_train_gap001549
Reminder Drink water - vcm_train_gap001551.wav,vcm_train_gap001551
Reminder Drink water - vcm_train_gap001553.wav,vcm_train_gap001553
Reminder Drink water - vcm_train_gap001555.wav,vcm_train_gap001555
Reminder Drink water - vcm_train_gap001557.wav,vcm_train_gap001557
Reminder Drink water - vcm_train_gap001559.wav,vcm_train_gap001559
Reminder Drink water - vcm_train_gap001561.wav,vcm_train_gap001561
Reminder Drink water - vcm_train_gap001563.wav,vcm_train_gap001563
Reminder Drink water - vcm_train_gap001565.wav,vcm_train_gap001565
Reminder Drink water - vcm_train_gap001567.wav,vcm_train_gap001567
Reminder Drink water - vcm_train_gap001569.wav,vcm_train_gap001569
Reminder Drink water - vcm_train_gap001571.wav,vcm_train_gap001571
Reminder Drink water - vcm_train_gap001573.wav,vcm_train_gap001573
Reminder Drink water - vcm_train_gap001575.wav,vcm_train_gap001575
Reminder Drink water - vcm_train_gap001577.wav,vcm_train_gap001577
Reminder Drink water - vcm_train_gap001579.wav,vcm_train_gap001579
Reminder Drink water - vcm_train_gap001581.wav,vcm_train_gap001581
Reminder Drink water - vcm_train_gap001583.wav,vcm_train_gap001583
Reminder Drink water - vcm_train_gap001585.wav,vcm_train_gap001585
Reminder Drink water - vcm_train_gap001587.wav,vcm_train_gap001587
Reminder Drink water - vcm_train_gap001589.wav,vcm_train_gap001589
Reminder Study - vcm_train_gap001591.wav,vcm_train_gap001591
Reminder Study - vcm_train_gap001593.wav,vcm_train_gap001593
Reminder Study - vcm_train_gap001595.wav,vcm_train_gap001595
Reminder Study - vcm_train_gap001597.wav,vcm_train_gap001597
Reminder Study - vcm_train_gap001599.wav,vcm_train_gap001599
Reminder Study - vcm_train_gap001601.wav,vcm_train_gap001601
Reminder Study - vcm_train_gap001603.wav,vcm_train_gap001603
Reminder Study - vcm_train_gap001605.wav,vcm_train_gap001605
Reminder Study - vcm_train_gap001607.wav,vcm_train_gap001607
Reminder Study - vcm_train_gap001609.wav,vcm_train_gap001609
Reminder Study - vcm_train_gap001611.wav,vcm_train_gap001611
Reminder Study - vcm_train_gap001613.wav,vcm_train_gap001613
Reminder Study - vcm_train_gap001615.wav,vcm_train_gap001615
Reminder Study - vcm_train_gap001617.wav,vcm_train_gap001617
Reminder Study - vcm_train_gap001619.wav,vcm_train_gap001619
Reminder Study - vcm_train_gap001621.wav,vcm_train_gap001621
Reminder Study - vcm_train_gap001623.wav,vcm_train_gap001623
Reminder Study - vcm_train_gap001625.wav,vcm_train_gap001625
Reminder Study - vcm_train_gap001627.wav,vcm_train_gap001627
Reminder Study - vcm_train_gap001629.wav,vcm_train_gap001629
Reminder Study - vcm_train_gap001631.wav,vcm_train_gap001631
Reminder Study - vcm_train_gap001633.wav,vcm_train_gap001633
Reminder Study - vcm_train_gap001635.wav,vcm_train_gap001635
Reminder Study - vcm_train_gap001637.wav,vcm_train_gap001637
Reminder Study - vcm_train_gap001639.wav,vcm_train_gap001639
Reminder Study - vcm_train_gap001641.wav,vcm_train_gap001641
Reminder Study - vcm_train_gap001643.wav,vcm_train_gap001643
Reminder Study - vcm_train_gap001645.wav,vcm_train_gap001645
Reminder Study - vcm_train_gap001647.wav,vcm_train_gap001647
Reminder Study - vcm_train_gap001649.wav,vcm_train_gap001649
Reminder Study - vcm_train_gap001651.wav,vcm_train_gap001651
Reminder Study - vcm_train_gap001653.wav,vcm_train_gap001653
Reminder Study - vcm_train_gap001655.wav,vcm_train_gap001655
Reminder Study - vcm_train_gap001657.wav,vcm_train_gap001657
Reminder Study - vcm_train_gap001659.wav,vcm_train_gap001659
Reminder Study - vcm_train_gap001661.wav,vcm_train_gap001661
Reminder Study - vcm_train_gap001663.wav,vcm_train_gap001663
Reminder Study - vcm_train_gap001665.wav,vcm_train_gap001665
Reminder Study - vcm_train_gap001667.wav,vcm_train_gap001667
Reminder Study - vcm_train_gap001669.wav,vcm_train_gap001669
Reminder Study - vcm_train_gap001671.wav,vcm_train_gap001671
Reminder Study - vcm_train_gap001673.wav,vcm_train_gap001673
Reminder Study - vcm_train_gap001675.wav,vcm_train_gap001675
Reminder Study - vcm_train_gap001677.wav,vcm_train_gap001677
Reminder Study - vcm_train_gap001679.wav,vcm_train_gap001679
Reminder Study - vcm_train_gap001681.wav,vcm_train_gap001681
Reminder Study - vcm_train_gap001683.wav,vcm_train_gap001683
Reminder Study - vcm_train_gap001685.wav,vcm_train_gap001685
Reminder Study - vcm_train_gap001687.wav,vcm_train_gap001687
Reminder Study - vcm_train_gap001689.wav,vcm_train_gap001689
Reminder Study - vcm_train_gap001691.wav,vcm_train_gap001691
Reminder Study - vcm_train_gap001693.wav,vcm_train_gap001693
Reminder Study - vcm_train_gap001695.wav,vcm_train_gap001695
Reminder Study - vcm_train_gap001697.wav,vcm_train_gap001697
Reminder Study - vcm_train_gap001699.wav,vcm_train_gap001699
Reminder Study - vcm_train_gap001701.wav,vcm_train_gap001701
Reminder Study - vcm_train_gap001703.wav,vcm_train_gap001703
Reminder Study - vcm_train_gap001705.wav,vcm_train_gap001705
Reminder Study - vcm_train_gap001707.wav,vcm_train_gap001707
Reminder Exercise - vcm_train_gap001709.wav,vcm_train_gap001709
Reminder Exercise - vcm_train_gap001711.wav,vcm_train_gap001711
Reminder Exercise - vcm_train_gap001713.wav,vcm_train_gap001713
Reminder Exercise - vcm_train_gap001715.wav,vcm_train_gap001715
Reminder Exercise - vcm_train_gap001717.wav,vcm_train_gap001717
Reminder Exercise - vcm_train_gap001719.wav,vcm_train_gap001719
Reminder Exercise - vcm_train_gap001721.wav,vcm_train_gap001721
Reminder Exercise - vcm_train_gap001723.wav,vcm_train_gap001723
Reminder Exercise - vcm_train_gap001725.wav,vcm_train_gap001725
Reminder Exercise - vcm_train_gap001727.wav,vcm_train_gap001727
Reminder Exercise - vcm_train_gap001729.wav,vcm_train_gap001729
Reminder Exercise - vcm_train_gap001731.wav,vcm_train_gap001731
Reminder Exercise - vcm_train_gap001733.wav,vcm_train_gap001733
Reminder Exercise - vcm_train_gap001735.wav,vcm_train_gap001735
Reminder Exercise - vcm_train_gap001737.wav,vcm_train_gap001737
Reminder Exercise - vcm_train_gap001739.wav,vcm_train_gap001739
Reminder Exercise - vcm_train_gap001741.wav,vcm_train_gap001741
Reminder Exercise - vcm_train_gap001743.wav,vcm_train_gap001743
Reminder Exercise - vcm_train_gap001745.wav,vcm_train_gap001745
Reminder Exercise - vcm_train_gap001747.wav,vcm_train_gap001747
Reminder Exercise - vcm_train_gap001749.wav,vcm_train_gap001749
Reminder Exercise - vcm_train_gap001751.wav,vcm_train_gap001751
Reminder Exercise - vcm_train_gap001753.wav,vcm_train_gap001753
Reminder Exercise - vcm_train_gap001755.wav,vcm_train_gap001755
Reminder Exercise - vcm_train_gap001757.wav,vcm_train_gap001757
Reminder Exercise - vcm_train_gap001759.wav,vcm_train_gap001759
Reminder Exercise - vcm_train_gap001761.wav,vcm_train_gap001761
Reminder Exercise - vcm_train_gap001763.wav,vcm_train_gap001763
Reminder Exercise - vcm_train_gap001765.wav,vcm_train_gap001765
Reminder Exercise - vcm_train_gap001767.wav,vcm_train_gap001767
Reminder Exercise - vcm_train_gap001769.wav,vcm_train_gap001769
Reminder Exercise - vcm_train_gap001771.wav,vcm_train_gap001771
Reminder Exercise - vcm_train_gap001773.wav,vcm_train_gap001773
Reminder Exercise - vcm_train_gap001775.wav,vcm_train_gap001775
Reminder Exercise - vcm_train_gap001777.wav,vcm_train_gap001777
Reminder Exercise - vcm_train_gap001779.wav,vcm_train_gap001779
Reminder Exercise - vcm_train_gap001781.wav,vcm_train_gap001781
Reminder Exercise - vcm_train_gap001783.wav,vcm_train_gap001783
Reminder Exercise - vcm_train_gap001785.wav,vcm_train_gap001785
Reminder Exercise - vcm_train_gap001787.wav,vcm_train_gap001787
Reminder Exercise - vcm_train_gap001789.wav,vcm_train_gap001789
Reminder Exercise - vcm_train_gap001791.wav,vcm_train_gap001791
Reminder Exercise - vcm_train_gap001793.wav,vcm_train_gap001793
Reminder Exercise - vcm_train_gap001795.wav,vcm_train_gap001795
Reminder Exercise - vcm_train_gap001797.wav,vcm_train_gap001797
Reminder Exercise - vcm_train_gap001799.wav,vcm_train_gap001799
Reminder Exercise - vcm_train_gap001801.wav,vcm_train_gap001801
Reminder Exercise - vcm_train_gap001803.wav,vcm_train_gap001803
Reminder Exercise - vcm_train_gap001805.wav,vcm_train_gap001805
Reminder Exercise - vcm_train_gap001807.wav,vcm_train_gap001807
Reminder Exercise - vcm_train_gap001809.wav,vcm_train_gap001809
Reminder Exercise - vcm_train_gap001811.wav,vcm_train_gap001811
Reminder Exercise - vcm_train_gap001813.wav,vcm_train_gap001813
Reminder Exercise - vcm_train_gap001815.wav,vcm_train_gap001815
Remind me to Study - vcm_train_gap001817.wav,vcm_train_gap001817
Remind me to Study - vcm_train_gap001819.wav,vcm_train_gap001819
Remind me to Study - vcm_train_gap001821.wav,vcm_train_gap001821
Remind me to Study - vcm_train_gap001823.wav,vcm_train_gap001823
Remind me to Study - vcm_train_gap001825.wav,vcm_train_gap001825
Remind me to Exercise - vcm_train_gap001827.wav,vcm_train_gap001827
Remind me to Exercise - vcm_train_gap001829.wav,vcm_train_gap001829
Remind me to Exercise - vcm_train_gap001831.wav,vcm_train_gap001831
Remind me to Exercise - vcm_train_gap001833.wav,vcm_train_gap001833
Remind me to Exercise - vcm_train_gap001835.wav,vcm_train_gap001835
Remind me to Exercise - vcm_train_gap001837.wav,vcm_train_gap001837
Remind me to Exercise - vcm_train_gap001839.wav,vcm_train_gap001839
Remind me to Exercise - vcm_train_gap001841.wav,vcm_train_gap001841
Remind me to Exercise - vcm_train_gap001843.wav,vcm_train_gap001843
Remind me to Exercise - vcm_train_gap001845.wav,vcm_train_gap001845
Remind me to Exercise - vcm_train_gap001847.wav,vcm_train_gap001847
